steps,updates,seconds,steps_per_second,train_score_mean,train_episodes,value_loss,policy_loss,entropy_loss,approx_kl,explained_variance,invalid_rate,invalid_rate_recent,curriculum_fraction_recent,learning_rate,eval_mean,eval_median,eval_max,eval_games,eval_384,eval_3072,eval_6144,eval_truncated,gpu_memory_mb
8192,1,2.737,2993.4,220.02,119,2.075823560357094,-0.00025398435536772013,-1.3829990401864052,0.007084792945533991,0.00018769502639770508,0.114501953125,0.114501953125,0.0,0.0003,445.59,420.0,1401,100,0.0,0.0,0.0,0,649.2
16384,2,5.433,3015.8,275.1,292,2.6499357521533966,0.00024162267800420523,-1.377778798341751,0.008003040216863155,0.008227825164794922,0.11798095703125,0.1214599609375,0.0,0.0003,,,,,,,,,725.8
24576,3,7.254,3388.0,304.92,460,2.3230703994631767,-0.0003124328941339627,-1.3810978308320045,0.0049552349373698235,0.2634396553039551,0.12430826822916667,0.136962890625,0.0,0.0003,,,,,,,,,732.9
32768,4,9.101,3600.5,269.52,626,2.539445146918297,-0.0007788400980643928,-1.3668185621500015,0.004058040212839842,0.3194648027420044,0.128082275390625,0.139404296875,0.0,0.0003,,,,,,,,,732.9
40960,5,11.002,3722.8,284.37,791,2.358622908592224,-0.0005488932511070743,-1.3643686920404434,0.004939716774970293,0.413006067276001,0.1299560546875,0.137451171875,0.0,0.0003,,,,,,,,,732.9
49152,6,12.811,3836.7,301.71,956,2.3973480463027954,-0.0006808892067056149,-1.364557921886444,0.0013855480356141925,0.4315432906150818,0.12913004557291666,0.125,0.0,0.0003,,,,,,,,,732.9
57344,7,14.673,3908.1,300.84,1123,2.5669624656438828,-0.0004101949598407373,-1.3473217263817787,0.003840091871097684,0.4514431953430176,0.12958635602678573,0.13232421875,0.0,0.0003,,,,,,,,,732.9
65536,8,16.495,3973.2,292.02,1284,2.3779003471136093,-0.0010292293882230297,-1.342800810933113,0.004369627684354782,0.5041390657424927,0.131683349609375,0.1463623046875,0.0,0.0003,,,,,,,,,732.9
73728,9,18.288,4031.5,291.03,1444,2.304116204380989,-0.0008858534274622798,-1.3304278329014778,0.007207210175693035,0.5047567486763,0.1331108940972222,0.14453125,0.0,0.0003,,,,,,,,,732.9
81920,10,20.113,4073.0,295.68,1612,2.591670110821724,-8.357707702089101e-05,-1.3442727103829384,0.005061501637101173,0.5419949293136597,0.13255615234375,0.1275634765625,0.0,0.0003,,,,,,,,,738.1
90112,11,22.021,4092.1,309.15,1777,1.9418219476938248,-0.0022414069098886102,-1.3435123786330223,0.004441931378096342,0.5531498193740845,0.13295676491477273,0.136962890625,0.0,0.0003,,,,,,,,,738.1
98304,12,23.883,4116.1,239.97,1955,2.0995591953396797,-0.001679254521150142,-1.3416797891259193,0.003912460524588823,0.5279994010925293,0.13297526041666666,0.1331787109375,0.0,0.0003,,,,,,,,,739.0
106496,13,25.689,4145.6,289.29,2117,1.918672889471054,-0.0021295971382642165,-1.3170428276062012,0.0055932109244167805,0.5791609287261963,0.1333946814903846,0.138427734375,0.0,0.0003,,,,,,,,,739.0
114688,14,27.464,4175.9,318.57,2276,2.059254363179207,-0.0010724819294409826,-1.325943984091282,0.008196610026061535,0.5782299041748047,0.13507952008928573,0.156982421875,0.0,0.0003,,,,,,,,,739.0
122880,15,29.231,4203.7,282.9,2432,2.1604119911789894,-0.0010266733152093366,-1.3042538687586784,0.0056022051721811295,0.5970659255981445,0.13565266927083333,0.1436767578125,0.0,0.0003,,,,,,,,,739.0
131072,16,31.017,4225.8,304.77,2586,2.1428590044379234,-0.001437786253518425,-1.282014861702919,0.007836958393454552,0.5860114097595215,0.1360931396484375,0.1427001953125,0.0,0.0003,,,,,,,,,739.0
139264,17,32.823,4242.9,300.69,2743,2.108800493180752,-0.0010490627464605495,-1.2708350121974945,0.007450214587152004,0.6217155456542969,0.1368120978860294,0.1483154296875,0.0,0.0003,,,,,,,,,739.0
147456,18,34.597,4262.1,310.71,2898,2.086421400308609,-0.000891782678081654,-1.2596989795565605,0.006688482128083706,0.6492011547088623,0.1385837131076389,0.168701171875,0.0,0.0003,,,,,,,,,739.0
155648,19,36.41,4274.9,296.64,3060,2.285401575267315,-0.0014271273103076965,-1.26077538728714,0.009669443592429161,0.616865873336792,0.13974480879934212,0.16064453125,0.0,0.0003,,,,,,,,,739.0
163840,20,38.236,4284.9,307.86,3217,2.074763521552086,0.0010590545716695487,-1.2918579205870628,0.0030816884245723486,0.602660059928894,0.14034423828125,0.1517333984375,0.0,0.0003,,,,,,,,,739.0
172032,21,40.117,4288.3,301.92,3375,2.3560831993818283,-0.002344801410799846,-1.2368019372224808,0.008252361789345741,0.5753903388977051,0.14128185453869047,0.1600341796875,0.0,0.0003,,,,,,,,,739.0
180224,22,41.925,4298.8,295.89,3529,2.1595826596021652,-0.0021946413471596316,-1.239057943224907,0.006259670481085777,0.6028221845626831,0.1423672762784091,0.1651611328125,0.0,0.0003,,,,,,,,,739.0
188416,23,43.705,4311.1,339.63,3678,2.002268634736538,-0.0026018045318778604,-1.176972657442093,0.0071689672768116,0.6413319110870361,0.1436502207880435,0.171875,0.0,0.0003,,,,,,,,,739.0
196608,24,45.472,4323.7,304.38,3824,2.080285467207432,0.0001798108423827216,-1.148336760699749,0.005646578036248684,0.6015824675559998,0.14580790201822916,0.1954345703125,0.0,0.0003,,,,,,,,,739.0
204800,25,47.114,4346.9,331.02,3959,1.9737160801887512,-0.0011802477238234133,-1.1460111141204834,0.007659035734832287,0.5978305339813232,0.1480224609375,0.201171875,0.0,0.0003,,,,,,,,,739.0
212992,26,48.766,4367.6,357.42,4095,1.8228596895933151,0.0003442635643295944,-1.1024268791079521,0.007311616092920303,0.6473520994186401,0.15058781550480768,0.2147216796875,0.0,0.0003,,,,,,,,,739.0
221184,27,50.532,4377.1,298.29,4243,2.486519083380699,-0.0017212599486811087,-1.1294143944978714,0.008200868964195251,0.5952198505401611,0.15316207320601852,0.2200927734375,0.0,0.0003,,,,,,,,,739.0
229376,28,52.203,4394.0,334.47,4375,2.046685256063938,-0.001229781744768843,-1.0878344625234604,0.008127283304929733,0.6234172582626343,0.154998779296875,0.20458984375,0.0,0.0003,,,,,,,,,739.0
237568,29,53.993,4400.0,362.28,4515,2.2720950469374657,0.0004776560526806861,-1.073448307812214,0.003364906180649996,0.6295446157455444,0.15683088631465517,0.2081298828125,0.0,0.0003,,,,,,,,,739.0
245760,30,55.582,4421.6,392.61,4638,2.063289575278759,-0.0005666188371833414,-1.098682127892971,0.011324280872941017,0.5709117650985718,0.15865071614583334,0.21142578125,0.0,0.0003,,,,,,,,,739.0
253952,31,57.369,4426.6,379.59,4784,2.5481084883213043,0.001851355002145283,-1.0397509224712849,0.008772453293204308,0.5466113090515137,0.16026650705645162,0.208740234375,0.0,0.0003,,,,,,,,,739.0
262144,32,59.049,4439.5,329.94,4919,2.0555480048060417,-0.00045991803926881403,-1.0816919803619385,0.006930330768227577,0.5513266324996948,0.16193771362304688,0.2137451171875,0.0,0.0003,,,,,,,,,739.0
270336,33,60.705,4453.3,355.38,5046,2.0756836533546448,0.0008813045133138075,-1.0590199455618858,0.006089207716286182,0.544893741607666,0.16332267992424243,0.2076416015625,0.0,0.0003,,,,,,,,,739.0
278528,34,62.379,4465.1,377.76,5178,1.7951351553201675,-0.000533382291905582,-1.0785235315561295,0.006017817184329033,0.6218922138214111,0.16489545036764705,0.216796875,0.0,0.0003,,,,,,,,,739.0
286720,35,64.14,4470.2,311.04,5321,2.254035085439682,-0.0010845949000213295,-1.0658889636397362,0.012074366211891174,0.5803292989730835,0.16670270647321428,0.2281494140625,0.0,0.0003,,,,,,,,,739.0
294912,36,65.784,4483.1,328.59,5451,2.211057923734188,1.892798172775656e-05,-1.0388990379869938,0.010105675086379051,0.5693152546882629,0.168731689453125,0.23974609375,0.0,0.0003,,,,,,,,,739.0
303104,37,67.314,4502.8,377.94,5569,1.8816038519144058,-0.0013072711299173534,-1.066623218357563,0.008276007138192654,0.5652334094047546,0.17157477301520271,0.27392578125,0.0,0.0003,,,,,,,,,739.0
311296,38,69.122,4503.6,372.87,5708,1.9178580194711685,-0.000888520444277674,-1.072390042245388,0.01081700250506401,0.6056457757949829,0.17294472142269737,0.2236328125,0.0,0.0003,,,,,,,,,739.0
319488,39,70.828,4510.8,349.02,5843,2.0562607496976852,0.0003174445446347818,-1.0772071033716202,0.015025349333882332,0.6196848154067993,0.1739063752003205,0.21044921875,0.0,0.0003,,,,,,,,,739.0
327680,40,72.481,4520.9,351.87,5979,2.095152422785759,0.00019440223695710301,-1.0606214702129364,0.004804383032023907,0.5809471607208252,0.1751708984375,0.2244873046875,0.0,0.0003,,,,,,,,,739.0
335872,41,74.094,4533.0,351.72,6109,1.7537092342972755,-3.7592981243506074e-06,-1.0689360350370407,0.011082317680120468,0.5828557014465332,0.17671315262957318,0.2384033203125,0.0,0.0003,,,,,,,,,739.0
344064,42,75.738,4542.8,345.87,6244,1.9012828543782234,0.0014731748669873923,-1.0569394677877426,0.009065652266144753,0.6037501096725464,0.17851911272321427,0.2525634765625,0.0,0.0003,,,,,,,,,739.0
352256,43,77.411,4550.5,347.07,6378,2.009995862841606,0.0003996127634309232,-1.0771671012043953,0.0056907101534307,0.6089268922805786,0.17951149164244187,0.22119140625,0.0,0.0003,,,,,,,,,739.0
360448,44,78.989,4563.2,354.27,6501,2.146611139178276,-0.0007180571992648765,-1.0640266090631485,0.00394150335341692,0.594348669052124,0.18051979758522727,0.223876953125,0.0,0.0003,,,,,,,,,739.0
368640,45,80.643,4571.3,396.15,6631,1.759803682565689,0.00026086617435794324,-1.0930579453706741,0.0072895800694823265,0.6701370477676392,0.1809624565972222,0.200439453125,0.0,0.0003,,,,,,,,,739.0
376832,46,82.341,4576.5,364.71,6769,1.8807326555252075,0.000517182081239298,-1.1071809083223343,0.007960462011396885,0.6437677145004272,0.18116826596467392,0.1904296875,0.0,0.0003,,,,,,,,,739.0
385024,47,84.083,4579.1,356.88,6898,2.3492220044136047,0.0014045851130504161,-1.0655019655823708,0.013746816664934158,0.5888880491256714,0.18155231881648937,0.19921875,0.0,0.0003,,,,,,,,,739.0
393216,48,85.814,4582.2,395.52,7028,1.980715587735176,-0.0009417093388037756,-1.0712658539414406,0.004066411405801773,0.6403087973594666,0.18256378173828125,0.2301025390625,0.0,0.0003,,,,,,,,,739.0
401408,49,87.635,4580.4,371.49,7154,2.203147940337658,-0.00031985348323360085,-1.058830365538597,0.005886795464903116,0.5922945141792297,0.18364357461734693,0.2354736328125,0.0,0.0003,,,,,,,,,739.0
409600,50,89.232,4590.3,343.56,7279,2.0346250385046005,-0.0007169970485847443,-1.0191999040544033,0.008287064731121063,0.6086660623550415,0.18519287109375,0.2611083984375,0.0,0.0003,,,,,,,,,739.0
417792,51,90.901,4596.1,374.01,7412,2.279319278895855,-0.000808902332209982,-1.0265841782093048,0.006458866875618696,0.600484311580658,0.18578383501838236,0.21533203125,0.0,0.0003,,,,,,,,,739.0
425984,52,92.476,4606.4,332.01,7538,2.287182182073593,-0.0005014662892790511,-1.023650135844946,0.006959924008697271,0.628790020942688,0.18662672776442307,0.2296142578125,0.0,0.0003,,,,,,,,,739.0
434176,53,94.121,4613.0,437.43,7666,1.9536957815289497,-0.0010160995880141854,-1.0785879641771317,0.008764946833252907,0.6292509436607361,0.18722131117334906,0.2181396484375,0.0,0.0003,,,,,,,,,739.0
442368,54,95.967,4609.6,368.4,7815,2.104530230164528,-0.0006868745113024488,-1.079825259745121,0.005127877462655306,0.6412574052810669,0.1875632957175926,0.2056884765625,0.0,0.0003,,,,,,,,,739.0
450560,55,97.524,4620.0,325.32,7940,1.9852473735809326,-0.001173512908280827,-1.0682573691010475,0.006971709430217743,0.6312127113342285,0.188330078125,0.229736328125,0.0,0.0003,,,,,,,,,739.0
458752,56,99.233,4623.0,376.11,8075,2.07590451836586,0.0008218934672186151,-1.0742813795804977,0.012333985418081284,0.6007369756698608,0.18879917689732142,0.214599609375,0.0,0.0003,,,,,,,,,739.0
466944,57,100.817,4631.6,347.31,8202,2.285323530435562,-0.00012633553706109524,-1.037442721426487,0.006158245727419853,0.6052800416946411,0.18961588541666666,0.2353515625,0.0,0.0003,,,,,,,,,739.0
475136,58,102.713,4625.8,377.7,8333,2.0259547233581543,-0.0010708142654038966,-1.0432986691594124,0.012393508106470108,0.6375153064727783,0.1898698477909483,0.204345703125,0.0,0.0003,,,,,,,,,739.0
483328,59,104.369,4631.0,375.45,8463,1.9725919663906097,0.0005038762610638514,-1.0352284833788872,0.00843509379774332,0.6422261595726013,0.1905621027542373,0.230712890625,0.0,0.0003,,,,,,,,,739.0
491520,60,106.038,4635.3,350.64,8596,1.8909880369901657,0.0003593299043131992,-1.038524977862835,0.008933654986321926,0.6623820662498474,0.19162394205729166,0.2542724609375,0.0,0.0003,,,,,,,,,739.0
499712,61,107.538,4646.8,364.56,8712,2.1143617630004883,-0.0008116034150589257,-1.031517781317234,0.01429743506014347,0.5762046575546265,0.19244885053790983,0.241943359375,0.0,0.0003,,,,,,,,,739.0
507904,62,109.339,4645.2,401.07,8844,2.007397845387459,-0.0024293308233609423,-1.0176668986678123,0.009142184630036354,0.5919532775878906,0.19328258883568547,0.244140625,0.0,0.0003,,,,,,,,,739.0
516096,63,110.939,4652.1,320.1,8957,2.0691330432891846,0.0006183247169246897,-0.9765463210642338,0.009202953428030014,0.5618612766265869,0.1944580078125,0.267333984375,0.0,0.0003,379.26,280.5,1398,100,0.0,0.0,0.0,0,739.0
524288,64,112.82,4647.1,464.07,9077,2.2112407609820366,-0.0008714245923329145,-0.9927357658743858,0.008952537551522255,0.5461536645889282,0.19558334350585938,0.2664794921875,0.0,0.0003,,,,,,,,,739.0
532480,65,114.483,4651.2,402.45,9200,2.192369394004345,-0.001953150247572921,-1.001120861619711,0.010963691398501396,0.5762720108032227,0.19671161358173078,0.2689208984375,0.0,0.0003,,,,,,,,,739.0
540672,66,116.069,4658.2,348.78,9324,2.214539386332035,-0.00027674333250615746,-0.9783765934407711,0.014854193665087223,0.581989049911499,0.19747277462121213,0.2469482421875,0.0,0.0003,,,,,,,,,739.0
548864,67,117.633,4665.9,358.77,9441,2.2470581457018852,-0.0012174467992736027,-0.985619492828846,0.011149306781589985,0.5994296073913574,0.19872682486007462,0.281494140625,0.0,0.0003,,,,,,,,,739.0
557056,68,119.174,4674.3,406.95,9552,2.2310429513454437,0.00047265063039958477,-0.9353293851017952,0.008259465917944908,0.6641230583190918,0.2003766228170956,0.3109130859375,0.0,0.0003,,,,,,,,,739.0
565248,69,120.751,4681.1,399.75,9663,2.414716459810734,0.00012926477938890457,-0.9920817725360394,0.012793079949915409,0.5707960724830627,0.20181937839673914,0.2999267578125,0.0,0.0003,,,,,,,,,739.0
573440,70,122.371,4686.1,458.58,9782,2.024548217654228,0.0007054781017359346,-1.0362620018422604,0.005526775494217873,0.6320242881774902,0.20255650111607143,0.25341796875,0.0,0.0003,,,,,,,,,739.0
581632,71,124.099,4686.8,345.0,9914,2.054280824959278,0.0008128109766403213,-1.0318429842591286,0.011695870198309422,0.6243209838867188,0.20294963138204225,0.23046875,0.0,0.0003,,,,,,,,,739.0
589824,72,125.759,4690.1,372.99,10031,2.078237362205982,0.00033492509101051837,-1.0139691829681396,0.007520535960793495,0.6089781522750854,0.20315382215711805,0.2176513671875,0.0,0.0003,,,,,,,,,739.0
598016,73,127.512,4689.9,428.19,10156,2.095297299325466,0.000668027758365497,-1.0132579058408737,0.012894902378320694,0.6286458373069763,0.20405808540239725,0.2691650390625,0.0,0.0003,,,,,,,,,739.0
606208,74,129.061,4697.1,348.66,10268,2.4015111923217773,-0.00020734751888085157,-0.9717457927763462,0.006254372652620077,0.5773872137069702,0.20500224345439189,0.27392578125,0.0,0.0003,,,,,,,,,739.0
614400,75,130.553,4706.1,466.44,10383,2.231714740395546,0.0004299895081203431,-1.0198891088366508,0.011888381093740463,0.5783770680427551,0.2063037109375,0.3026123046875,0.0,0.0003,,,,,,,,,739.0
622592,76,132.104,4712.9,429.6,10496,1.9082022979855537,-0.0020488628797465935,-1.0017736591398716,0.011018513701856136,0.6598395109176636,0.20707782946134867,0.26513671875,0.0,0.0003,,,,,,,,,739.0
630784,77,133.77,4715.4,387.84,10632,2.6290415227413177,0.0006772395572625101,-1.0147655569016933,0.008108312264084816,0.6102046370506287,0.20746087408685066,0.236572265625,0.0,0.0003,,,,,,,,,739.0
638976,78,135.331,4721.6,343.08,10752,2.0503455996513367,0.0013079735508654267,-1.0120478831231594,0.011276191100478172,0.6649638414382935,0.20782783703926283,0.236083984375,0.0,0.0003,,,,,,,,,739.0
647168,79,136.928,4726.3,405.24,10882,2.100589983165264,0.0019571844895835966,-1.0434448346495628,0.012338230386376381,0.5762919187545776,0.2082504079311709,0.2412109375,0.0,0.0003,,,,,,,,,739.0
655360,80,138.59,4728.8,341.82,11010,2.087633967399597,0.002357444871449843,-1.0292617231607437,0.019911201670765877,0.5878771543502808,0.208770751953125,0.2498779296875,0.0,0.0003,,,,,,,,,739.0
663552,81,140.238,4731.6,367.86,11137,2.229387067258358,0.0009931841195793822,-1.0235522277653217,0.00887985248118639,0.5994434952735901,0.20910945939429013,0.2362060546875,0.0,0.0003,,,,,,,,,739.0
671744,82,141.773,4738.2,407.07,11250,2.129871129989624,7.024602382443845e-06,-1.0127487815916538,0.015267608687281609,0.6121833324432373,0.2094309737042683,0.2354736328125,0.0,0.0003,,,,,,,,,739.0
679936,83,143.428,4740.6,384.84,11378,2.386108234524727,-0.0009489457734161988,-1.024930216372013,0.01692155748605728,0.6089301705360413,0.20968002870858435,0.2301025390625,0.0,0.0003,,,,,,,,,739.0
688128,84,145.095,4742.6,382.11,11509,2.155507780611515,0.0003132317360723391,-1.075100488960743,0.0081515833735466,0.5828888416290283,0.20938255673363096,0.1846923828125,0.0,0.0003,,,,,,,,,739.0
696320,85,146.773,4744.2,404.88,11644,1.7843560501933098,-0.001315535555477254,-1.0689117312431335,0.008355934172868729,0.6419447660446167,0.2092672909007353,0.1995849609375,0.0,0.0003,,,,,,,,,739.0
704512,86,148.471,4745.1,344.52,11781,2.035096563398838,-0.0005738896143157035,-1.058658093214035,0.009199272841215134,0.623494029045105,0.20920012718023256,0.2034912109375,0.0,0.0003,,,,,,,,,739.0
712704,87,150.305,4741.7,372.27,11923,2.1604204550385475,0.0009210446442011744,-1.0840132161974907,0.010427189990878105,0.5944812297821045,0.20906154588721265,0.1971435546875,0.0,0.0003,,,,,,,,,739.0
720896,88,152.277,4734.1,363.54,12054,2.0750720351934433,0.001762181069352664,-1.064405009150505,0.010299304500222206,0.6311454772949219,0.20900518243963068,0.2041015625,0.0,0.0003,,,,,,,,,739.0
729088,89,153.945,4736.0,381.99,12176,1.8229218795895576,0.0003127886157017201,-1.039139837026596,0.014699322171509266,0.665402889251709,0.20921205670646068,0.2274169921875,0.0,0.0003,,,,,,,,,739.0
737280,90,155.735,4734.2,371.76,12314,1.8892397284507751,-0.0001347745710518211,-1.049184501171112,0.004768450744450092,0.6651232838630676,0.20932210286458333,0.2191162109375,0.0,0.0003,,,,,,,,,739.0
745472,91,157.436,4735.1,360.87,12447,2.0320532619953156,0.0004942906234646216,-1.0475247874855995,0.012021511793136597,0.6389212608337402,0.20957997081043955,0.2327880859375,0.0,0.0003,,,,,,,,,739.0
753664,92,159.14,4735.8,360.15,12585,2.0085521414875984,-0.0008378053898923099,-1.0403399169445038,0.005657138768583536,0.6648026704788208,0.20948990531589673,0.2012939453125,0.0,0.0003,,,,,,,,,739.0
761856,93,160.905,4734.8,349.86,12722,2.1413341611623764,-0.0009818788530537859,-1.0075806640088558,0.006243710406124592,0.6391609907150269,0.2099005586357527,0.2476806640625,0.0,0.0003,,,,,,,,,739.0
770048,94,162.486,4739.2,346.17,12840,1.8954602405428886,0.00044961064122617245,-0.992234606295824,0.01175869069993496,0.5902622938156128,0.21015313331117022,0.233642578125,0.0,0.0003,,,,,,,,,739.0
778240,95,164.155,4740.9,391.11,12969,1.669429436326027,-0.001033240434480831,-1.0145931206643581,0.013179784640669823,0.6707558631896973,0.21013954564144738,0.2088623046875,0.0,0.0003,,,,,,,,,739.0
786432,96,165.869,4741.3,373.59,13096,1.730108268558979,-0.0004733399982796982,-1.0409241989254951,0.006852276623249054,0.6513751149177551,0.21028518676757812,0.22412109375,0.0,0.0003,,,,,,,,,739.0
794624,97,167.526,4743.3,347.61,13229,1.8625021949410439,-0.00034117262111976743,-0.9469130001962185,0.010859484784305096,0.6581976413726807,0.21077012524162372,0.25732421875,0.0,0.0003,,,,,,,,,739.0
802816,98,169.127,4746.8,351.69,13353,1.652512088418007,0.00020876755297649652,-0.9728499762713909,0.009624190628528595,0.6585614681243896,0.21125637755102042,0.2584228515625,0.0,0.0003,,,,,,,,,739.0
811008,99,170.678,4751.7,363.24,13470,1.7470811903476715,0.0004651308263419196,-0.9666052460670471,0.012210173532366753,0.6345441937446594,0.21161936750315657,0.2471923828125,0.0,0.0003,,,,,,,,,739.0
819200,100,172.307,4754.3,384.93,13594,1.5786825343966484,-0.00033034387161023915,-0.9584171436727047,0.0057107266038656235,0.6766396760940552,0.2118505859375,0.2347412109375,0.0,0.0003,,,,,,,,,739.0
827392,101,173.915,4757.5,385.2,13720,2.0984721705317497,0.0011444360425230116,-0.9958701059222221,0.004813001956790686,0.6209484934806824,0.2118367110148515,0.21044921875,0.0,0.0003,,,,,,,,,739.0
835584,102,175.506,4761.0,397.14,13838,2.1610976606607437,-0.0007357825816143304,-0.9651105552911758,0.0038881273940205574,0.6339913606643677,0.21232934091605393,0.2620849609375,0.0,0.0003,,,,,,,,,739.0
843776,103,177.109,4764.2,388.41,13966,2.228775419294834,7.544674735981971e-05,-0.9832364208996296,0.009454729966819286,0.6518349051475525,0.21270929725424756,0.25146484375,0.0,0.0003,,,,,,,,,739.0
851968,104,178.555,4771.5,399.09,14072,1.8829107359051704,-0.001612689986359328,-0.9659836106002331,0.007164680864661932,0.6065229773521423,0.2131981482872596,0.2635498046875,0.0,0.0003,,,,,,,,,739.0
860160,105,180.056,4777.2,394.65,14188,2.531612679362297,0.0011104696022812277,-0.9307768642902374,0.0067521389573812485,0.5370603799819946,0.2137148902529762,0.2674560546875,0.0,0.0003,,,,,,,,,739.0
868352,106,181.863,4774.7,415.44,14322,2.649204596877098,-0.0017314759461442009,-0.9796376638114452,0.005883796606212854,0.574148416519165,0.21402495762087265,0.24658203125,0.0,0.0003,,,,,,,,,739.0
876544,107,183.557,4775.3,399.99,14437,2.3149347081780434,-0.00014370585631695576,-1.0021530911326408,0.012531730346381664,0.570271372795105,0.21431325752044392,0.244873046875,0.0,0.0003,,,,,,,,,739.0
884736,108,185.376,4772.7,391.53,14571,2.4042235612869263,-0.00011269087553955615,-0.9915194325149059,0.006716346368193626,0.6030570268630981,0.2144741482204861,0.231689453125,0.0,0.0003,,,,,,,,,739.0
892928,109,187.079,4773.0,385.92,14704,2.0657941848039627,-0.0007269946072483435,-1.0237036347389221,0.008465465158224106,0.6324492692947388,0.21445066119552753,0.2119140625,0.0,0.0003,,,,,,,,,739.0
901120,110,188.693,4775.6,358.11,14827,2.1768828630447388,-0.00043431634549051523,-0.9633141495287418,0.008033936843276024,0.6264114379882812,0.21451416015625,0.221435546875,0.0,0.0003,,,,,,,,,739.0
909312,111,190.246,4779.7,413.19,14948,2.3326601833105087,-0.0011830374132841825,-0.9265621453523636,0.008625754155218601,0.6383825540542603,0.21474697353603603,0.2403564453125,0.0,0.0003,,,,,,,,,739.0
917504,112,191.793,4783.8,424.26,15065,1.9612383618950844,0.0009917109564412385,-0.9555357955396175,0.010943189263343811,0.6396960020065308,0.21531241280691965,0.278076171875,0.0,0.0003,,,,,,,,,739.0
925696,113,193.376,4787.0,414.78,15185,2.0057585388422012,4.2210682295262814e-05,-0.9526601247489452,0.007798938080668449,0.606627345085144,0.2155135163163717,0.238037109375,0.0,0.0003,,,,,,,,,739.0
933888,114,194.97,4789.9,407.79,15302,2.1181362196803093,-0.0009736295760376379,-0.975602999329567,0.008986255154013634,0.5679347515106201,0.21570466694078946,0.2373046875,0.0,0.0003,,,,,,,,,739.0
942080,115,196.515,4793.9,441.96,15418,2.3654128909111023,-0.0009456170519115403,-0.9989208839833736,0.005221302155405283,0.5654395222663879,0.21590098505434782,0.23828125,0.0,0.0003,,,,,,,,,739.0
950272,116,198.162,4795.4,386.1,15551,2.2207313254475594,-0.0009802171553019434,-1.0093313790857792,0.005307865794748068,0.5706542730331421,0.21605603448275862,0.23388671875,0.0,0.0003,,,,,,,,,739.0
958464,117,199.769,4797.9,357.66,15673,2.0309334248304367,0.00034215537016279995,-1.0003925636410713,0.00531775550916791,0.5768360495567322,0.21623138688568377,0.236572265625,0.0,0.0003,,,,,,,,,739.0
966656,118,201.471,4798.0,403.47,15800,2.194852866232395,-0.0016782619204604998,-1.0161587856709957,0.009058790281414986,0.5755844116210938,0.2163054902674788,0.2249755859375,0.0,0.0003,,,,,,,,,739.0
974848,119,203.081,4800.3,407.67,15928,2.1856878846883774,-0.0013396494323387742,-0.973048809915781,0.010073356330394745,0.6181482076644897,0.21645425748424368,0.2340087890625,0.0,0.0003,,,,,,,,,739.0
983040,120,204.732,4801.6,397.44,16050,2.1677935123443604,-0.0012346534058451653,-0.9949964918196201,0.003988185897469521,0.6557662487030029,0.21674601236979166,0.25146484375,0.0,0.0003,,,,,,,,,739.0
991232,121,206.219,4806.7,351.66,16158,2.2360392063856125,-0.0010517579066799954,-0.9802879095077515,0.010989323258399963,0.6594741344451904,0.21693508684142562,0.2396240234375,0.0,0.0003,,,,,,,,,739.0
999424,122,207.748,4810.7,436.05,16277,2.2550734728574753,-0.0015408513136208057,-0.9529257044196129,0.010815512388944626,0.6884723901748657,0.2172451331967213,0.2547607421875,0.0,0.0003,,,,,,,,,739.0
1007616,123,209.473,4810.2,437.88,16399,1.933181181550026,-0.0006436326657421887,-0.9705002941191196,0.008189387619495392,0.692464292049408,0.21744493934197154,0.2418212890625,0.0,0.0003,,,,,,,,,739.0
1015808,124,210.996,4814.3,412.05,16523,2.082318902015686,3.5135934012942016e-05,-0.9106815755367279,0.008915694430470467,0.6840652823448181,0.2179053521925403,0.2745361328125,0.0,0.0003,,,,,,,,,739.0
1024000,125,212.416,4820.7,369.54,16617,1.8162409514188766,-0.000436380913015455,-0.9224403873085976,0.006898343097418547,0.6496792435646057,0.2185517578125,0.2987060546875,0.0,0.0003,460.11,387.0,2688,100,0.0,0.0,0.0,0,739.0
1032192,126,214.446,4813.3,420.39,16732,2.2041453272104263,-0.000690619766828604,-0.9464847035706043,0.011582586914300919,0.6214983463287354,0.21898639012896826,0.2733154296875,0.0,0.0003,,,,,,,,,739.0
1040384,127,215.926,4818.2,425.67,16845,2.2392369359731674,-0.0010349511867389083,-0.9293624721467495,0.011420602910220623,0.6175065040588379,0.21926519438976377,0.25439453125,0.0,0.0003,,,,,,,,,739.0
1048576,128,217.597,4818.9,436.8,16963,2.2495491430163383,0.0006280053494265303,-0.927087165415287,0.00955115631222725,0.5978231430053711,0.21992969512939453,0.3043212890625,0.0,0.0003,,,,,,,,,739.0
1056768,129,219.198,4821.1,423.87,17087,2.2240291386842728,-0.00025536754401400685,-0.9448140151798725,0.008914373815059662,0.5899125933647156,0.22042302567829458,0.2835693359375,0.0,0.0003,,,,,,,,,739.0
1064960,130,220.716,4825.0,376.41,17197,1.720102459192276,0.0007806357025401667,-0.9673433117568493,0.009903866797685623,0.6345719695091248,0.22083928034855768,0.2745361328125,0.0,0.0003,,,,,,,,,739.0
1073152,131,222.23,4829.0,422.52,17316,2.051549084484577,-0.001376629588776268,-0.9622792676091194,0.010981583036482334,0.6056036949157715,0.22108331345419846,0.2528076171875,0.0,0.0003,,,,,,,,,739.0
1081344,132,223.759,4832.6,414.6,17432,2.0464348942041397,-0.00019752400112338364,-0.9870623648166656,0.011126554571092129,0.625175952911377,0.22119140625,0.2353515625,0.0,0.0003,,,,,,,,,739.0
1089536,133,225.229,4837.5,388.14,17547,2.047624871134758,-0.0010219379983027466,-0.9809104986488819,0.012602800503373146,0.6843897104263306,0.22150163005169174,0.262451171875,0.0,0.0003,,,,,,,,,739.0
1097728,134,226.859,4838.8,391.5,17677,2.052689030766487,-0.0015086074563441798,-1.0090481862425804,0.008159236051142216,0.6564958095550537,0.22149840397621268,0.2210693359375,0.0,0.0003,,,,,,,,,739.0
1105920,135,228.449,4841.0,356.91,17806,2.0564238876104355,-5.3544717957265675e-05,-1.0169647708535194,0.013552343472838402,0.5954898595809937,0.22149522569444444,0.2210693359375,0.0,0.0003,,,,,,,,,739.0
1114112,136,230.016,4843.6,414.87,17930,1.8929844498634338,0.00041215580131392926,-1.011995803564787,0.005167691502720118,0.6261296272277832,0.22150914809283087,0.223388671875,0.0,0.0003,,,,,,,,,739.0
1122304,137,231.791,4841.9,402.39,18048,1.9288966730237007,-0.0007794989796821028,-1.0374527275562286,0.008052913472056389,0.5959986448287964,0.22165028370209855,0.2408447265625,0.0,0.0003,,,,,,,,,739.0
1130496,138,233.475,4842.0,443.4,18176,1.9551138803362846,-0.00025898529565893114,-0.995145495980978,0.00820700079202652,0.6296269297599792,0.22170357082201086,0.22900390625,0.0,0.0003,,,,,,,,,739.0
1138688,139,235.055,4844.4,384.99,18300,2.1124294325709343,-0.001202330386149697,-1.02298054844141,0.014834868721663952,0.6092884540557861,0.22176223864658273,0.2298583984375,0.0,0.0003,,,,,,,,,739.0
1146880,140,236.691,4845.5,357.9,18425,2.173223301768303,0.0023821111826691777,-1.0482517778873444,0.02311231568455696,0.5733691453933716,0.2216770717075893,0.2098388671875,0.0,0.0003,,,,,,,,,739.0
1155072,141,238.362,4845.9,395.73,18558,1.8876045495271683,-0.0001559921511216089,-1.0686100199818611,0.013726993463933468,0.6256414651870728,0.22150047789228725,0.19677734375,0.0,0.0003,,,,,,,,,739.0
1163264,142,240.018,4846.6,394.5,18685,2.20367544144392,0.0003787630994338542,-1.0679413005709648,0.008276395499706268,0.5373047590255737,0.22129886251100353,0.19287109375,0.0,0.0003,,,,,,,,,739.0
1171456,143,241.698,4846.8,395.28,18828,2.4583576768636703,0.0006423953600460663,-1.0198038779199123,0.009667092002928257,0.604008674621582,0.22113250519012237,0.197509765625,0.0,0.0003,,,,,,,,,739.0
1179648,144,243.319,4848.2,377.79,18955,2.0312245786190033,-0.0013754886022070423,-0.995781097561121,0.0073732417076826096,0.6571643948554993,0.2211820814344618,0.228271484375,0.0,0.0003,,,,,,,,,739.0
1187840,145,244.799,4852.3,382.2,19069,2.2874282374978065,-0.00013391967513598502,-1.0260385274887085,0.013157004490494728,0.5834373235702515,0.22119224811422414,0.22265625,0.0,0.0003,,,,,,,,,739.0
1196032,146,246.569,4850.7,375.27,19213,2.118429586291313,-0.0011442318209446967,-0.981179915368557,0.009957918897271156,0.638562798500061,0.2212340472495719,0.227294921875,0.0,0.0003,,,,,,,,,739.0
1204224,147,248.081,4854.2,411.63,19329,1.9711023718118668,-0.0019056159653700888,-1.0249431878328323,0.011816112324595451,0.6094550490379333,0.22129852917729592,0.230712890625,0.0,0.0003,,,,,,,,,739.0
1212416,148,249.765,4854.2,354.87,19467,2.239935003221035,-0.00032898403878789395,-1.0048108249902725,0.012374493293464184,0.5605691075325012,0.22135966532939189,0.2303466796875,0.0,0.0003,,,,,,,,,739.0
1220608,149,251.298,4857.2,385.86,19578,2.2841101065278053,-0.0012125851644668728,-0.9988460838794708,0.012609690427780151,0.5122514367103577,0.2212823445364933,0.2098388671875,0.0,0.0003,,,,,,,,,739.0
1228800,150,253.031,4856.3,366.99,19715,2.267854630947113,-0.0009111504041356966,-0.9923224113881588,0.014066474512219429,0.6082509756088257,0.22134847005208333,0.231201171875,0.0,0.0003,,,,,,,,,739.0
1236992,151,254.571,4859.1,351.27,19824,2.286500796675682,-0.0027754540788009763,-0.9462322704494,0.008206097409129143,0.5991569757461548,0.2215333648075331,0.249267578125,0.0,0.0003,,,,,,,,,739.0
1245184,152,256.192,4860.3,446.46,19940,2.3259561136364937,0.0009354731009807438,-0.9413375109434128,0.009241543710231781,0.6212886571884155,0.22199931897615133,0.2923583984375,0.0,0.0003,,,,,,,,,739.0
1253376,153,257.813,4861.6,490.68,20040,2.1150548607110977,-0.000761258095735684,-0.9839255809783936,0.010839346796274185,0.6233201622962952,0.22237859987745098,0.280029296875,0.0,0.0003,,,,,,,,,739.0
1261568,154,259.472,4862.1,424.92,20168,2.18145814538002,0.0005638144939439371,-0.9830040447413921,0.008633014746010303,0.6509494781494141,0.22233997691761365,0.2164306640625,0.0,0.0003,,,,,,,,,739.0
1269760,155,261.052,4864.0,374.49,20280,2.3558595031499863,0.0002461469266563654,-0.9870343431830406,0.011553565040230751,0.6370949745178223,0.22240108366935485,0.2318115234375,0.0,0.0003,,,,,,,,,739.0
1277952,156,262.677,4865.1,411.96,20404,2.297265276312828,-0.00011042361438740045,-0.979337390512228,0.011629782617092133,0.6439199447631836,0.22243714943910256,0.22802734375,0.0,0.0003,,,,,,,,,739.0
1286144,157,264.507,4862.4,502.53,20516,2.124492734670639,-0.0023114313662517816,-0.9940444380044937,0.015257196500897408,0.6672924757003784,0.2224175520003981,0.2193603515625,0.0,0.0003,,,,,,,,,739.0
1294336,158,266.236,4861.6,465.3,20637,2.3024371713399887,0.0003369862533872947,-0.9916699305176735,0.01391661912202835,0.6651169061660767,0.22243065170094936,0.2244873046875,0.0,0.0003,,,,,,,,,739.0
1302528,159,267.976,4860.6,424.8,20759,2.342473842203617,-0.0011041991238016635,-0.9695297367870808,0.013060279190540314,0.6585285067558289,0.22237756117334906,0.2139892578125,0.0,0.0003,,,,,,,,,739.0
1310720,160,269.636,4861.1,400.53,20877,2.271747224032879,-0.0005167641211301088,-0.9885513447225094,0.00934322364628315,0.6473686695098877,0.2224456787109375,0.2332763671875,0.0,0.0003,,,,,,,,,739.0
1318912,161,271.25,4862.3,432.66,20996,2.3164336904883385,-0.0005450655007734895,-0.9955716580152512,0.0101163974031806,0.5856922268867493,0.22253493788819875,0.23681640625,0.0,0.0003,,,,,,,,,739.0
1327104,162,272.932,4862.4,458.13,21119,2.4016206488013268,-0.0009043223835760728,-0.9631082825362682,0.00884784385561943,0.6174631118774414,0.22256205994405864,0.2269287109375,0.0,0.0003,,,,,,,,,739.0
1335296,163,274.527,4864.0,400.23,21238,2.4171381667256355,0.0026202023727819324,-0.9341034330427647,0.01312350481748581,0.5886677503585815,0.22273713094325154,0.2510986328125,0.0,0.0003,,,,,,,,,739.0
1343488,164,276.171,4864.7,367.56,21354,2.5784957706928253,0.003869627049425617,-0.9381862878799438,0.013150389306247234,0.6080195903778076,0.22297780106707318,0.26220703125,0.0,0.0003,,,,,,,,,739.0
1351680,165,277.897,4864.0,399.18,21466,2.747131824493408,0.0004320573643781245,-0.928327564150095,0.007474556565284729,0.5933706760406494,0.22315414891098484,0.2520751953125,0.0,0.0003,,,,,,,,,739.0
1359872,166,279.521,4865.0,420.27,21584,2.6627791672945023,0.0005514276854228228,-0.9126123823225498,0.008798998780548573,0.6256568431854248,0.22357177734375,0.29248046875,0.0,0.0003,,,,,,,,,739.0
1368064,167,281.214,4864.8,430.62,21692,2.5929456800222397,-0.002013765581068583,-0.9060568176209927,0.008962905965745449,0.6247650384902954,0.22398659711826346,0.2928466796875,0.0,0.0003,,,,,,,,,739.0
1376256,168,282.943,4864.1,401.1,21796,2.4916768670082092,-0.0017963881109608337,-0.9225068688392639,0.009745299816131592,0.5871210694313049,0.22428530738467262,0.274169921875,0.0,0.0003,,,,,,,,,739.0
1384448,169,284.571,4865.0,468.72,21900,2.284792438149452,-0.0009716219938127324,-0.8673165142536163,0.01079170685261488,0.6716307401657104,0.2246382673816568,0.283935546875,0.0,0.0003,,,,,,,,,739.0
1392640,170,286.138,4867.0,501.0,22000,2.1884467229247093,0.00016808384680189192,-0.8864232376217842,0.007432727608829737,0.6951896548271179,0.22518884995404412,0.3182373046875,0.0,0.0003,,,,,,,,,739.0
1400832,171,287.755,4868.1,384.33,22115,2.3072993755340576,-0.0015165733348112553,-0.8858925737440586,0.008097891695797443,0.707648754119873,0.22541746619152048,0.2642822265625,0.0,0.0003,,,,,,,,,739.0
1409024,172,289.276,4870.9,471.42,22220,2.4339957237243652,-0.00166237453231588,-0.895562045276165,0.005563299171626568,0.6820815801620483,0.22573639625726744,0.2802734375,0.0,0.0003,,,,,,,,,739.0
1417216,173,290.791,4873.7,453.06,22319,2.3249019235372543,-0.0010427372471895069,-0.8664635643362999,0.011230598203837872,0.6875977516174316,0.22619981710621387,0.305908203125,0.0,0.0003,,,,,,,,,739.0
1425408,174,292.264,4877.1,443.28,22420,2.2215378880500793,-0.0003179772029398009,-0.8990543372929096,0.006992661394178867,0.6634883880615234,0.22691608297413793,0.350830078125,0.0,0.0003,,,,,,,,,739.0
1433600,175,293.774,4879.9,457.86,22522,2.037994183599949,0.0005827302666148171,-0.8966211266815662,0.0120506901293993,0.6699682474136353,0.22744210379464286,0.3189697265625,0.0,0.0003,,,,,,,,,739.0
1441792,176,295.309,4882.3,430.53,22629,2.181782118976116,-0.0007408300007227808,-0.9312495663762093,0.008064063265919685,0.6435781717300415,0.22773812033913352,0.279541015625,0.0,0.0003,,,,,,,,,739.0
1449984,177,297.086,4880.7,448.26,22739,1.939250372350216,-0.0007841236947569996,-0.9409657530486584,0.010222874581813812,0.6324211359024048,0.22802458509887005,0.2784423828125,0.0,0.0003,,,,,,,,,739.0
1458176,178,298.815,4879.9,442.23,22851,2.131957523524761,-0.001773223266354762,-0.9380972050130367,0.009599724784493446,0.6659380793571472,0.22834349214360955,0.2847900390625,0.0,0.0003,,,,,,,,,739.0
1466368,179,300.351,4882.2,448.14,22957,2.092529259622097,-0.0005464743007905781,-0.9118339642882347,0.010477501899003983,0.638941764831543,0.22877817846543297,0.30615234375,0.0,0.0003,,,,,,,,,739.0
1474560,180,301.83,4885.4,491.43,23062,2.238415665924549,-0.0021139912714716047,-0.9532165005803108,0.012725839391350746,0.5631223917007446,0.22901136610243056,0.270751953125,0.0,0.0003,,,,,,,,,739.0
1482752,181,303.392,4887.3,446.19,23180,2.076265051960945,0.0006650814466411248,-0.925540167838335,0.013144761323928833,0.6472722291946411,0.2292298374913674,0.2685546875,0.0,0.0003,,,,,,,,,739.0
1490944,182,304.972,4888.8,396.18,23286,1.9320481047034264,-0.00012378089013509452,-0.9294121898710728,0.01203628908842802,0.6415795087814331,0.22951968685611263,0.281982421875,0.0,0.0003,,,,,,,,,739.0
1499136,183,306.607,4889.4,381.33,23398,2.20265606790781,-0.0013332808448467404,-0.8909921273589134,0.014094348065555096,0.6732586622238159,0.2298437233179645,0.288818359375,0.0,0.0003,,,,,,,,,739.0
1507328,184,308.103,4892.3,467.28,23503,2.1928522884845734,-0.001514174378826283,-0.9323215819895267,0.015507414937019348,0.6343608498573303,0.23014632515285327,0.2855224609375,0.0,0.0003,,,,,,,,,739.0
1515520,185,309.732,4893.0,479.25,23621,2.2495198622345924,0.00203406743821688,-0.9106866903603077,0.010051686316728592,0.6471837759017944,0.23029851140202703,0.25830078125,0.0,0.0003,,,,,,,,,739.0
1523712,186,311.236,4895.7,417.63,23723,2.387933112680912,-0.001939705660333857,-0.89765839651227,0.010137111879885197,0.5853255391120911,0.23053634807627688,0.2745361328125,0.0,0.0003,,,,,,,,,739.0
1531904,187,312.765,4897.9,508.56,23829,2.3414676636457443,-7.361720781773329e-05,-0.8920296654105186,0.007499800529330969,0.617958128452301,0.23079840512199198,0.279541015625,0.0,0.0003,479.34,379.5,2475,100,0.0,0.0,0.0,0,739.0
1540096,188,314.719,4893.6,401.67,23933,2.3308974876999855,8.159813296515495e-05,-0.8846606984734535,0.010306996293365955,0.641055166721344,0.23118623774102393,0.3037109375,0.0,0.0003,,,,,,,,,739.0
1548288,189,316.369,4893.9,471.54,24032,2.2262421771883965,-0.0014436340716201812,-0.931009329855442,0.013250940479338169,0.6586273312568665,0.23156415343915343,0.3026123046875,0.0,0.0003,,,,,,,,,739.0
1556480,190,318.043,4893.9,440.13,24140,2.405812308192253,-0.0014036141001270153,-0.9264023005962372,0.014090431854128838,0.636574387550354,0.23187577097039475,0.290771484375,0.0,0.0003,,,,,,,,,739.0
1564672,191,319.656,4894.9,474.9,24255,2.099097862839699,-0.0021703294914914295,-0.9392166994512081,0.014251557178795338,0.6755727529525757,0.2321087103239529,0.2763671875,0.0,0.0003,,,,,,,,,739.0
1572864,192,321.17,4897.3,470.07,24358,2.3426693975925446,0.0006522606563521549,-0.921434223651886,0.0119482995942235,0.606843113899231,0.23226038614908853,0.26123046875,0.0,0.0003,,,,,,,,,739.0
1581056,193,322.755,4898.6,468.99,24469,2.0704032629728317,0.0009929905936587602,-0.941369354724884,0.007952499203383923,0.6968272924423218,0.23244021717130828,0.2669677734375,0.0,0.0003,,,,,,,,,739.0
1589248,194,324.283,4900.8,412.86,24589,2.093274123966694,-0.002093942544888705,-0.9325161576271057,0.013144337572157383,0.6702316403388977,0.23251500080541238,0.2469482421875,0.0,0.0003,,,,,,,,,739.0
1597440,195,325.871,4902.1,414.54,24694,2.399932622909546,-0.0011767824908019975,-0.9239223748445511,0.014754343777894974,0.610549807548523,0.23260466746794872,0.25,0.0,0.0003,,,,,,,,,739.0
1605632,196,327.462,4903.3,490.14,24804,2.3733662962913513,0.00011287939560133964,-0.9486027769744396,0.017051970586180687,0.6048637628555298,0.2326934191645408,0.25,0.0,0.0003,,,,,,,,,739.0
1613824,197,329.102,4903.7,503.94,24927,2.24629857391119,-0.0001163320557679981,-0.9432971328496933,0.011584816500544548,0.663375735282898,0.23275462503965735,0.2447509765625,0.0,0.0003,,,,,,,,,739.0
1622016,198,330.745,4904.1,438.15,25042,2.210019886493683,-0.0018096939311362803,-0.927916094660759,0.013266826048493385,0.6686259508132935,0.23283802379261365,0.249267578125,0.0,0.0003,,,,,,,,,739.0
1630208,199,332.331,4905.4,426.54,25145,2.232241079211235,-0.001634339860174805,-0.9472138546407223,0.01745813526213169,0.6348778009414673,0.23292610513505024,0.2503662109375,0.0,0.0003,,,,,,,,,739.0
1638400,200,334.134,4903.4,509.88,25268,2.3235107213258743,-0.0013961554213892668,-0.955958966165781,0.016348283737897873,0.6268306970596313,0.2329229736328125,0.2322998046875,0.0,0.0003,,,,,,,,,739.0
1646592,201,335.756,4904.1,485.85,25382,1.8935714587569237,-0.0017612347000977024,-0.9593053869903088,0.01615680381655693,0.6683544516563416,0.23291440745491293,0.231201171875,0.0,0.0003,,,,,,,,,739.0
1654784,202,337.337,4905.4,439.98,25489,2.074930429458618,-0.0003496596764307469,-0.9272543750703335,0.017670227214694023,0.638749361038208,0.23297421294863863,0.2449951171875,0.0,0.0003,,,,,,,,,739.0
1662976,203,338.919,4906.7,492.18,25595,2.3546198457479477,-0.0002936132368631661,-0.9430249892175198,0.016946591436862946,0.5845532417297363,0.23298412003540642,0.2349853515625,0.0,0.0003,,,,,,,,,739.0
1671168,204,340.472,4908.4,480.84,25706,2.3513305708765984,-0.0028444554773159325,-0.9272958375513554,0.0184028297662735,0.6016457676887512,0.23305257161458334,0.2469482421875,0.0,0.0003,,,,,,,,,739.0
1679360,205,341.951,4911.1,479.13,25810,2.119021899998188,0.0001344622578471899,-0.9219729453325272,0.019944151863455772,0.6199221611022949,0.23330733136432927,0.2852783203125,0.0,0.0003,,,,,,,,,739.0
1687552,206,343.467,4913.3,486.69,25920,2.001950353384018,-0.0012435250828275457,-0.9120368622243404,0.01586797833442688,0.6817697286605835,0.23354539593446602,0.2823486328125,0.0,0.0003,,,,,,,,,739.0
1695744,207,345.088,4913.9,443.94,26037,2.0879728347063065,0.0011109497427241877,-0.9121470116078854,0.015788884833455086,0.69218510389328,0.2337587513209541,0.2777099609375,0.0,0.0003,,,,,,,,,739.0
1703936,208,346.609,4916.0,397.23,26138,2.417315348982811,5.592999514192343e-06,-0.9398269914090633,0.01590612158179283,0.6181139945983887,0.23382450984074518,0.2474365234375,0.0,0.0003,,,,,,,,,739.0
1712128,209,348.262,4916.2,448.32,26248,2.2435823753476143,-0.0016910005651880056,-0.9470427520573139,0.01603197492659092,0.6301561594009399,0.23393402829694976,0.2567138671875,0.0,0.0003,,,,,,,,,739.0
1720320,210,349.915,4916.4,500.76,26361,2.4088964611291885,-0.0024984102783491835,-0.9008011184632778,0.01566774956882,0.6354573369026184,0.23402099609375,0.252197265625,0.0,0.0003,,,,,,,,,739.0
1728512,211,351.413,4918.7,465.69,26476,2.2206681221723557,-0.001188619396998547,-0.9320333674550056,0.014084046706557274,0.6651089191436768,0.2341291237781398,0.2568359375,0.0,0.0003,,,,,,,,,739.0
1736704,212,352.908,4921.1,440.1,26577,2.274655729532242,0.002156727292458527,-0.9367182664573193,0.015378525480628014,0.6454179286956787,0.23439688052771226,0.2908935546875,0.0,0.0003,,,,,,,,,739.0
1744896,213,354.415,4923.3,476.94,26684,2.251218281686306,-0.0018978049629367888,-0.9384153261780739,0.01331657636910677,0.6695740818977356,0.23466785412998825,0.2921142578125,0.0,0.0003,,,,,,,,,739.0
1753088,214,355.928,4925.4,488.49,26784,2.310371696949005,-1.8778082448989153e-05,-0.9184744320809841,0.011297490447759628,0.6476556062698364,0.2348062390478972,0.2642822265625,0.0,0.0003,,,,,,,,,739.0
1761280,215,357.391,4928.2,445.74,26887,2.406076043844223,-4.790515231434256e-05,-0.8975619524717331,0.015047483146190643,0.6535660624504089,0.2351494367732558,0.30859375,0.0,0.0003,,,,,,,,,739.0
1769472,216,359.052,4928.2,506.73,26988,2.0301067903637886,-0.0005807117122458294,-0.9397839829325676,0.011235445737838745,0.6568562984466553,0.23570647063078703,0.35546875,0.0,0.0003,,,,,,,,,739.0
1777664,217,360.551,4930.4,487.92,27095,2.2830867245793343,-0.0036084636521991342,-0.9474592916667461,0.01181985717266798,0.6515694856643677,0.2359107232862903,0.280029296875,0.0,0.0003,,,,,,,,,739.0
1785856,218,362.055,4932.5,428.31,27199,2.309439554810524,-0.00012616398453246802,-0.9351453818380833,0.01057696808129549,0.646702766418457,0.23605598659690366,0.267578125,0.0,0.0003,,,,,,,,,739.0
1794048,219,363.69,4932.9,439.35,27316,2.4326432645320892,-0.002441439442918636,-0.941250205039978,0.010422400198876858,0.6514737010002136,0.2360984767408676,0.245361328125,0.0,0.0003,,,,,,,,,739.0
1802240,220,365.415,4932.0,487.11,27432,2.5377054437994957,-0.0008988938498077914,-0.9532304592430592,0.012720240280032158,0.6327049732208252,0.236151123046875,0.2476806640625,0.0,0.0003,,,,,,,,,739.0
1810432,221,366.891,4934.5,454.14,27535,2.26270305365324,-0.002185524150263518,-0.9589105732738972,0.010632874444127083,0.6749849319458008,0.2361336962669683,0.2322998046875,0.0,0.0003,,,,,,,,,739.0
1818624,222,368.411,4936.4,564.48,27640,2.1436895057559013,-0.0033832359476946294,-0.9594080597162247,0.014988002367317677,0.6985187530517578,0.23622914907094594,0.25732421875,0.0,0.0003,,,,,,,,,739.0
1826816,223,369.978,4937.6,451.59,27744,2.3969722539186478,0.0011976573732681572,-0.9249649457633495,0.01043032854795456,0.6726382970809937,0.23619839108043722,0.2293701171875,0.0,0.0003,,,,,,,,,739.0
1835008,224,371.596,4938.2,498.3,27853,1.8349033370614052,-0.002265783477923833,-0.943307138979435,0.011726414784789085,0.7036594152450562,0.2363706316266741,0.2747802734375,0.0,0.0003,,,,,,,,,739.0
1843200,225,373.153,4939.5,484.98,27949,2.2955239936709404,-0.0006590776902157813,-0.927563451230526,0.009846871718764305,0.6436653137207031,0.23658582899305555,0.2847900390625,0.0,0.0003,,,,,,,,,739.0
1851392,226,374.728,4940.6,448.56,28060,2.2648757696151733,-0.001577237475430593,-0.9348760470747948,0.007760865148156881,0.6843516826629639,0.23683044973727876,0.2918701171875,0.0,0.0003,,,,,,,,,739.0
1859584,227,376.311,4941.6,454.44,28159,2.1621818244457245,0.0008789505081949756,-0.9291772730648518,0.014160731807351112,0.6823835372924805,0.2371309927381608,0.3050537109375,0.0,0.0003,,,,,,,,,739.0
1867776,228,377.865,4943.0,458.61,28272,2.0324683114886284,0.0026221528241876513,-0.9243010729551315,0.02055787667632103,0.7322458028793335,0.23731271844161184,0.278564453125,0.0,0.0003,,,,,,,,,739.0
1875968,229,379.293,4946.0,448.5,28365,2.281629614531994,-0.0006787922902731225,-0.9499451816082001,0.008995849639177322,0.6744111776351929,0.237469402463155,0.273193359375,0.0,0.0003,,,,,,,,,739.0
1884160,230,380.781,4948.2,557.07,28465,2.0824897587299347,-0.0014027522629476152,-0.9633451551198959,0.010297304019331932,0.6945379972457886,0.23759128736413043,0.2655029296875,0.0,0.0003,,,,,,,,,739.0
1892352,231,382.495,4947.4,490.47,28589,2.577352851629257,-0.0014731586270499974,-0.947674572467804,0.010367062874138355,0.6724811792373657,0.23751606466450217,0.22021484375,0.0,0.0003,,,,,,,,,739.0
1900544,232,384.364,4944.6,481.08,28697,2.232644110918045,0.0015806165320100263,-0.9356239549815655,0.016825996339321136,0.683279275894165,0.23742149616109914,0.215576171875,0.0,0.0003,,,,,,,,,739.0
1908736,233,385.964,4945.4,466.35,28812,2.3711875677108765,0.0013473329599946737,-0.9566368423402309,0.01830538548529148,0.6486368179321289,0.2373193568937768,0.213623046875,0.0,0.0003,,,,,,,,,739.0
1916928,234,387.489,4947.0,464.73,28913,2.382911130785942,-0.001471584924729541,-0.9490669406950474,0.018573129549622536,0.657809853553772,0.2374142377804487,0.259521484375,0.0,0.0003,,,,,,,,,739.0
1925120,235,389.206,4946.3,492.06,29026,2.393319956958294,0.0003740574902622029,-0.9438585937023163,0.012547215446829796,0.6333094835281372,0.23747091090425532,0.250732421875,0.0,0.0003,,,,,,,,,739.0
1933312,236,390.64,4949.1,483.36,29122,2.331722654402256,-0.0020630725484807044,-0.9413129091262817,0.016672290861606598,0.6083170175552368,0.23753227621822035,0.251953125,0.0,0.0003,,,,,,,,,739.0
1941504,237,392.174,4950.6,622.8,29237,2.3970348462462425,0.00037982547655701637,-0.9532951898872852,0.019632715731859207,0.6672171354293823,0.23753492138053797,0.2381591796875,0.0,0.0003,,,,,,,,,739.0
1949696,238,393.775,4951.3,442.83,29353,2.337530702352524,0.0004103604151168838,-0.9089984185993671,0.014644116163253784,0.6613989472389221,0.23759345046612396,0.25146484375,0.0,0.0003,,,,,,,,,739.0
1957888,239,395.206,4954.1,416.52,29448,2.041720025241375,-0.0017057158111128956,-0.8848283104598522,0.01295063178986311,0.6774020195007324,0.23784251193122385,0.297119140625,0.0,0.0003,,,,,,,,,739.0
1966080,240,396.646,4956.8,528.3,29542,1.9635200202465057,-0.0013799501321045682,-0.8894471265375614,0.013970378786325455,0.6369383335113525,0.23804829915364584,0.2872314453125,0.0,0.0003,,,,,,,,,739.0
1974272,241,398.346,4956.2,549.48,29633,2.0438505113124847,-0.000335569740855135,-0.8741558864712715,0.012098012492060661,0.626997709274292,0.23822452022821577,0.280517578125,0.0,0.0003,,,,,,,,,739.0
1982464,242,399.966,4956.6,530.76,29748,2.2254709154367447,-0.0010054240265162662,-0.8848610706627369,0.013803737238049507,0.6523884534835815,0.2384895766076963,0.3023681640625,0.0,0.0003,,,,,,,,,739.0
1990656,243,401.492,4958.1,468.69,29848,2.3104966431856155,-0.0018084754701703787,-0.8915443904697895,0.013461800292134285,0.6513015031814575,0.23873235757458847,0.2974853515625,0.0,0.0003,,,,,,,,,739.0
1998848,244,403.043,4959.4,465.21,29948,2.355260707437992,-0.0013790823140880093,-0.873801700770855,0.01495735626667738,0.6155928373336792,0.23881055487961064,0.2578125,0.0,0.0003,,,,,,,,,739.0
2007040,245,404.594,4960.6,571.56,30048,2.143627166748047,-7.39662500564009e-05,-0.9028479233384132,0.018986955285072327,0.6494840383529663,0.23891651387117346,0.2647705078125,0.0,0.0003,,,,,,,,,739.0
2015232,246,406.187,4961.3,445.83,30145,2.354956217110157,-0.00036852966877631843,-0.8983949385583401,0.017104407772421837,0.6325221061706543,0.23912234422637196,0.28955078125,0.0,0.0003,,,,,,,,,739.0
2023424,247,407.853,4961.2,542.01,30253,2.0509096160531044,-0.0020378635163069703,-0.9367906637489796,0.013128654100000858,0.6827810406684875,0.23926176619433198,0.2735595703125,0.0,0.0003,,,,,,,,,739.0
2031616,248,409.335,4963.2,465.66,30353,2.5118870586156845,-0.001373578779748641,-0.933511309325695,0.012150557711720467,0.617169201374054,0.23920514506678428,0.2252197265625,0.0,0.0003,,,,,,,,,739.0
2039808,249,410.789,4965.6,544.23,30456,2.474835880100727,-0.0014305322401924059,-0.90013287961483,0.013681896030902863,0.6440396308898926,0.23926075395331325,0.2530517578125,0.0,0.0003,674.34,423.0,3633,100,0.0,0.0,0.0,0,739.0
2048000,250,412.742,4961.9,474.75,30565,2.5991262048482895,-0.001975058577954769,-0.9085058495402336,0.013010382652282715,0.6517077684402466,0.23925390625,0.237548828125,0.0,0.0003,,,,,,,,,739.0
2056192,251,414.28,4963.3,520.98,30669,2.5410556346178055,0.000272871446213685,-0.8863469175994396,0.018940309062600136,0.6772652864456177,0.23929769204432272,0.250244140625,0.0,0.0003,,,,,,,,,739.0
2064384,252,415.925,4963.4,475.44,30764,2.378937780857086,-0.00023531807528343052,-0.8851119093596935,0.009431074373424053,0.7100334167480469,0.2395111568390377,0.2930908203125,0.0,0.0003,,,,,,,,,739.0
2072576,253,417.531,4963.9,550.59,30861,2.0471646934747696,-0.002078483797959052,-0.8763207644224167,0.011668378487229347,0.7647820115089417,0.23958301167243082,0.2576904296875,0.0,0.0003,,,,,,,,,739.0
2080768,254,419.001,4966.0,579.12,30962,2.3901151716709137,-0.0006061823660274968,-0.8609710112214088,0.01438206061720848,0.7220418453216553,0.2397206223855807,0.2745361328125,0.0,0.0003,,,,,,,,,739.0
2088960,255,420.551,4967.2,476.37,31072,2.4058072566986084,0.0012939053412992507,-0.8804637379944324,0.010224591009318829,0.7298800945281982,0.23981885723039215,0.2647705078125,0.0,0.0003,,,,,,,,,739.0
2097152,256,422.182,4967.4,476.73,31175,2.0347073450684547,-0.0023152913490775973,-0.863565132021904,0.01235782727599144,0.7036346197128296,0.23993635177612305,0.2698974609375,0.0,0.0003,,,,,,,,,739.0
2105344,257,423.789,4967.9,450.03,31290,2.076272167265415,-0.0029162274149712175,-0.882101733237505,0.011574838310480118,0.6941255927085876,0.2399717100863327,0.2490234375,0.0,0.0003,,,,,,,,,739.0
2113536,258,425.304,4969.5,465.18,31394,1.9018378928303719,-0.004586501629091799,-0.8966889306902885,0.012391266413033009,0.7022120952606201,0.23997509387112403,0.2408447265625,0.0,0.0003,,,,,,,,,739.0
2121728,259,426.807,4971.2,488.88,31492,2.311058707535267,-0.001676386673352681,-0.8836907185614109,0.0126610416918993,0.6737735271453857,0.23999447620053088,0.2449951171875,0.0,0.0003,,,,,,,,,739.0
2129920,260,428.37,4972.2,555.66,31595,2.0783625841140747,0.00033897138200700283,-0.8715265169739723,0.010734844952821732,0.6990458965301514,0.24010244516225962,0.26806640625,0.0,0.0003,,,,,,,,,739.0
2138112,261,429.801,4974.7,552.33,31690,2.09454832226038,-0.00329684438474942,-0.8744770437479019,0.013694817200303078,0.6704542636871338,0.2401642196479885,0.2562255859375,0.0,0.0003,,,,,,,,,739.0
2146304,262,431.515,4973.9,527.88,31796,2.113388106226921,-0.000517712309374474,-0.8390279375016689,0.015486305579543114,0.6786707043647766,0.2402763075500954,0.26953125,0.0,0.0003,,,,,,,,,739.0
2154496,263,433.004,4975.7,507.75,31885,1.716626688838005,0.0012680612126132473,-0.8537921719253063,0.012616200372576714,0.7121217250823975,0.24052910750356463,0.3067626953125,0.0,0.0003,,,,,,,,,739.0
2162688,264,434.588,4976.4,536.07,31990,1.838868461549282,-0.0038686754705850035,-0.8532387763261795,0.011862106621265411,0.6751997470855713,0.2406338778409091,0.2681884765625,0.0,0.0003,,,,,,,,,739.0
2170880,265,436.098,4978.0,553.26,32088,2.1744330301880836,-0.002016439233557321,-0.882059883326292,0.013086565770208836,0.606057345867157,0.24065355984669812,0.245849609375,0.0,0.0003,,,,,,,,,739.0
2179072,266,437.635,4979.2,549.84,32186,2.49287211894989,-0.001837886855355464,-0.8858098611235619,0.01295517198741436,0.6143535375595093,0.24064464138862782,0.23828125,0.0,0.0003,,,,,,,,,739.0
2187264,267,439.257,4979.5,537.03,32302,2.665963590145111,-0.0015403009310830384,-0.884473405778408,0.011721900664269924,0.661139965057373,0.24067647983965357,0.2491455078125,0.0,0.0003,,,,,,,,,739.0
2195456,268,440.723,4981.5,501.12,32402,2.587967038154602,-0.0011412835883675143,-0.8930840231478214,0.0141066312789917,0.6114540100097656,0.24062062733208955,0.2257080078125,0.0,0.0003,,,,,,,,,739.0
2203648,269,442.359,4981.6,472.26,32513,2.989089235663414,0.0009986602090066299,-0.8759790770709515,0.012406822293996811,0.637664794921875,0.24060149352346655,0.2354736328125,0.0,0.0003,,,,,,,,,739.0
2211840,270,443.817,4983.7,554.52,32604,2.2406943887472153,-0.0019122229423373938,-0.8778097964823246,0.01520593836903572,0.6684566736221313,0.2407032154224537,0.26806640625,0.0,0.0003,,,,,,,,,739.0
2220032,271,445.247,4986.1,561.03,32704,2.4020547196269035,-0.0018054185202345252,-0.873464610427618,0.013073474168777466,0.6395066976547241,0.24070328715982472,0.24072265625,0.0,0.0003,,,,,,,,,739.0
2228224,272,446.768,4987.4,632.76,32798,2.4576131254434586,0.0032669216161593795,-0.8787895478308201,0.019202720373868942,0.6236382722854614,0.24072759291704962,0.247314453125,0.0,0.0003,,,,,,,,,739.0
2236416,273,448.277,4988.9,587.7,32893,2.5708190947771072,-0.002587829003459774,-0.8933376967906952,0.011958691291511059,0.6607339382171631,0.24081119076236263,0.2635498046875,0.0,0.0003,,,,,,,,,739.0
2244608,274,449.716,4991.2,571.44,32995,2.657177820801735,-0.0016915287560550496,-0.8952243588864803,0.011469847522675991,0.6167786121368408,0.24082423300638686,0.244384765625,0.0,0.0003,,,,,,,,,739.0
2252800,275,451.399,4990.7,541.08,33089,2.579962268471718,-0.003909773673512973,-0.910539910197258,0.014269300736486912,0.6513846516609192,0.2408456143465909,0.2467041015625,0.0,0.0003,,,,,,,,,739.0
2260992,276,452.882,4992.5,588.12,33181,2.5038757771253586,-0.0031362901208922267,-0.8886226154863834,0.013521688058972359,0.6072690486907959,0.2409539706465127,0.270751953125,0.0,0.0003,,,,,,,,,739.0
2269184,277,454.399,4993.8,554.85,33275,2.6125787273049355,-0.0006272839673329145,-0.8538667969405651,0.01348571851849556,0.595706582069397,0.24110032505076714,0.281494140625,0.0,0.0003,,,,,,,,,739.0
2277376,278,455.917,4995.2,552.66,33366,2.5261392891407013,-0.0026128999597858638,-0.8755041807889938,0.012184017337858677,0.6636326313018799,0.2413365206272482,0.3067626953125,0.0,0.0003,,,,,,,,,739.0
2285568,279,457.411,4996.7,560.16,33460,2.8756467029452324,-0.0023578601103508845,-0.8581138513982296,0.014738325029611588,0.6445263624191284,0.24144589003696237,0.2718505859375,0.0,0.0003,,,,,,,,,739.0
2293760,280,459.116,4996.0,610.62,33558,2.9258454889059067,-0.001219721423694864,-0.8494462445378304,0.01429333258420229,0.6603808403015137,0.24152396065848214,0.2633056640625,0.0,0.0003,,,,,,,,,739.0
2301952,281,460.719,4996.4,557.34,33655,2.8017219081521034,0.0005105108139105141,-0.8695837818086147,0.00815366581082344,0.691533625125885,0.24168271102090746,0.2861328125,0.0,0.0003,,,,,,,,,739.0
2310144,282,462.255,4997.6,504.45,33763,2.57446525990963,-0.0017419314535800368,-0.8403180167078972,0.01189969852566719,0.7356069087982178,0.24177107574246454,0.2666015625,0.0,0.0003,,,,,,,,,739.0
2318336,283,463.691,4999.7,559.23,33850,2.539402388036251,-0.0014251879620132968,-0.8378954380750656,0.013047684915363789,0.6375718116760254,0.24187046226258835,0.2698974609375,0.0,0.0003,,,,,,,,,739.0
2326528,284,465.144,5001.7,608.97,33941,2.1779899895191193,-0.003557992138667032,-0.8702598176896572,0.010179664939641953,0.6891974210739136,0.24197258747799297,0.2708740234375,0.0,0.0003,,,,,,,,,739.0
2334720,285,466.735,5002.2,625.41,34039,2.2028891667723656,-0.004033129909657873,-0.8783252090215683,0.01658688858151436,0.7084177732467651,0.2420521518640351,0.2646484375,0.0,0.0003,,,,,,,,,739.0
2342912,286,468.275,5003.3,574.95,34134,2.4571716487407684,-0.0020952567865606397,-0.8846793659031391,0.015989558771252632,0.6465675830841064,0.24198134629042833,0.2218017578125,0.0,0.0003,,,,,,,,,739.0
2351104,287,469.839,5004.1,627.69,34234,2.3994290232658386,-0.002428245366900228,-0.8875969424843788,0.011926326900720596,0.6409727334976196,0.2419297487478223,0.2271728515625,0.0,0.0003,,,,,,,,,739.0
2359296,288,471.379,5005.1,570.81,34325,2.2114371061325073,-0.001162174390628934,-0.8819467574357986,0.01291930302977562,0.6724822521209717,0.24195946587456596,0.25048828125,0.0,0.0003,,,,,,,,,739.0
2367488,289,473.134,5003.8,520.2,34435,2.330782860517502,-0.002250224453746341,-0.9039236716926098,0.012168719433248043,0.7108021974563599,0.24187873391544118,0.2186279296875,0.0,0.0003,,,,,,,,,739.0
2375680,290,475.061,5000.8,545.85,34545,2.2854469269514084,-0.002828846510965377,-0.9012293145060539,0.019136562943458557,0.7090191841125488,0.24183012863685344,0.227783203125,0.0,0.0003,,,,,,,,,739.0
2383872,291,476.935,4998.3,507.24,34654,2.333787500858307,-0.0012013593222945929,-0.8761521354317665,0.01608642376959324,0.6731781959533691,0.24168034189755155,0.1982421875,0.0,0.0003,,,,,,,,,739.0
2392064,292,478.604,4998.0,565.68,34760,2.334422819316387,-0.003945572272641584,-0.8911546692252159,0.011444395408034325,0.6961411237716675,0.2415010635166952,0.1893310546875,0.0,0.0003,,,,,,,,,739.0
2400256,293,480.253,4997.9,504.3,34874,2.3374228179454803,0.0045390935556497425,-0.8761073425412178,0.02342245541512966,0.6855975985527039,0.2413417568792662,0.19482421875,0.0,0.0003,,,,,,,,,739.0
2408448,294,481.947,4997.3,576.57,34966,2.3030605986714363,-0.00044403685024008155,-0.8792816326022148,0.015099631622433662,0.6762220859527588,0.24124290829613096,0.2122802734375,0.0,0.0003,,,,,,,,,739.0
2416640,295,483.731,4995.8,553.17,35065,2.098616473376751,-0.0022743220324628055,-0.8587733469903469,0.011727572418749332,0.6980738639831543,0.24124362751588982,0.241455078125,0.0,0.0003,,,,,,,,,739.0
2424832,296,485.533,4994.2,543.39,35162,2.0358011350035667,-0.0019761270814342424,-0.8832452110946178,0.011725789867341518,0.716069221496582,0.2411606247360642,0.2166748046875,0.0,0.0003,,,,,,,,,739.0
2433024,297,487.186,4994.0,611.31,35267,2.4652344584465027,-0.001860161377408076,-0.8761760592460632,0.01400379091501236,0.6837173700332642,0.24113736650357745,0.2342529296875,0.0,0.0003,,,,,,,,,739.0
2441216,298,488.812,4994.2,554.91,35376,2.8396604657173157,-0.0017361170321237296,-0.8620509952306747,0.011399338021874428,0.6862651109695435,0.2411097584154782,0.23291015625,0.0,0.0003,,,,,,,,,739.0
2449408,299,490.641,4992.3,517.35,35471,2.5610171481966972,-0.0019798407302005216,-0.8771184682846069,0.01593489944934845,0.6664773225784302,0.24105416492474915,0.2244873046875,0.0,0.0003,,,,,,,,,739.0
2457600,300,492.519,4989.9,621.24,35573,2.2128831148147583,-0.0019483254291117191,-0.868613064289093,0.01793733239173889,0.7082761526107788,0.24097859700520832,0.2183837890625,0.0,0.0003,,,,,,,,,739.0
2465792,301,494.316,4988.3,513.81,35683,2.328308917582035,-0.0020189490460325032,-0.8619813770055771,0.01779669150710106,0.7320213317871094,0.24086865396594684,0.2078857421875,0.0,0.0003,,,,,,,,,739.0
2473984,302,495.937,4988.5,513.57,35793,2.4871015921235085,-0.0020468659058678895,-0.8536339290440083,0.016454337164759636,0.7053679823875427,0.24088999767177152,0.247314453125,0.0,0.0003,,,,,,,,,739.0
2482176,303,497.483,4989.5,492.51,35885,2.3970726430416107,-0.004348381800809875,-0.8344344235956669,0.012700097635388374,0.6935850381851196,0.24086889890160892,0.2344970703125,0.0,0.0003,,,,,,,,,739.0
2490368,304,499.098,4989.7,573.45,35992,2.4666283801198006,-0.001913787520607002,-0.8755827881395817,0.016436468809843063,0.6654385328292847,0.2408764487818668,0.2431640625,0.0,0.0003,,,,,,,,,739.0
2498560,305,500.866,4988.5,541.86,36090,2.222631424665451,-0.002794344210997224,-0.8677058182656765,0.015555748715996742,0.7159822583198547,0.2408087058145492,0.22021484375,0.0,0.0003,,,,,,,,,739.0
2506752,306,502.578,4987.8,603.54,36166,2.1765291020274162,-0.00490694263135083,-0.8558792062103748,0.013508107513189316,0.6778172254562378,0.24086267807904413,0.25732421875,0.0,0.0003,,,,,,,,,739.0
2514944,307,504.362,4986.4,635.97,36272,2.352546602487564,-0.003972487582359463,-0.8657822087407112,0.012827965430915356,0.6947305202484131,0.2408530766490228,0.2379150390625,0.0,0.0003,,,,,,,,,739.0
2523136,308,505.954,4986.9,571.35,36369,2.3661081716418266,0.000897245408850722,-0.8867126926779747,0.017042364925146103,0.6528823375701904,0.2408066786728896,0.2265625,0.0,0.0003,,,,,,,,,739.0
2531328,309,507.582,4987.0,586.29,36482,2.373936153948307,0.0041884533275151625,-0.8792153112590313,0.022998662665486336,0.680394172668457,0.24066813941140777,0.197998046875,0.0,0.0003,,,,,,,,,739.0
2539520,310,509.221,4987.1,484.32,36592,2.7056225314736366,0.0009988536330638453,-0.8703264445066452,0.013088976964354515,0.6551706790924072,0.2406490202872984,0.2347412109375,0.0,0.0003,,,,,,,,,739.0
2547712,311,510.943,4986.3,565.65,36691,2.189806677401066,-0.0036037033423781395,-0.8887379616498947,0.0140054477378726,0.6658832430839539,0.24065357465836013,0.2420654296875,0.0,0.0003,665.91,522.0,3489,100,0.0,0.0,0.0,0,739.0
2555904,312,513.05,4981.8,540.0,36780,2.5084043219685555,-0.0029782864439766854,-0.8676096946001053,0.013757865875959396,0.6492807865142822,0.24061075846354166,0.227294921875,0.0,0.0003,,,,,,,,,739.0
2564096,313,514.724,4981.5,598.05,36896,2.8271529972553253,-0.0014921624679118395,-0.879487968981266,0.011685717850923538,0.6436132788658142,0.24054403579273162,0.2197265625,0.0,0.0003,,,,,,,,,739.0
2572288,314,516.306,4982.1,528.96,37002,2.652621269226074,-0.0008828872232697904,-0.8617892004549503,0.01756896823644638,0.6684402227401733,0.24039687624402867,0.1943359375,0.0,0.0003,,,,,,,,,739.0
2580480,315,518.046,4981.2,551.34,37096,2.0867289006710052,0.00023473426699638367,-0.8915395773947239,0.01816348358988762,0.759122371673584,0.2402828156001984,0.2044677734375,0.0,0.0003,,,,,,,,,739.0
2588672,316,519.942,4978.8,580.44,37209,2.2847376242280006,-0.006019722379278392,-0.9100472964346409,0.017210081219673157,0.7203359007835388,0.24018647399129747,0.2098388671875,0.0,0.0003,,,,,,,,,739.0
2596864,317,521.776,4977.0,469.05,37312,2.245185397565365,-0.0017074114875867963,-0.8998869061470032,0.019841205328702927,0.7030724287033081,0.24018123398067823,0.238525390625,0.0,0.0003,,,,,,,,,739.0
2605056,318,523.552,4975.7,476.34,37438,2.4267778173089027,-0.004973737697582692,-0.9006474763154984,0.018133919686079025,0.7132003307342529,0.24011153694968554,0.218017578125,0.0,0.0003,,,,,,,,,739.0
2613248,319,525.163,4976.1,426.9,37546,2.7385469675064087,-0.0030518171697622165,-0.8838872313499451,0.01352072972804308,0.684704601764679,0.24000209700724923,0.2052001953125,0.0,0.0003,,,,,,,,,739.0
2621440,320,526.77,4976.4,536.28,37646,2.455641955137253,-0.004662057792302221,-0.8883854672312737,0.017928700894117355,0.7218500375747681,0.2399669647216797,0.228759765625,0.0,0.0003,,,,,,,,,739.0
2629632,321,528.641,4974.3,523.17,37754,2.2986205741763115,-0.004824600808206014,-0.8990931622684002,0.016611386090517044,0.7241833209991455,0.2398833753163941,0.213134765625,0.0,0.0003,,,,,,,,,739.0
2637824,322,530.315,4974.1,592.17,37852,2.0395343974232674,-0.0027901739231310785,-0.9029328748583794,0.01679767481982708,0.7067517042160034,0.23985489555027173,0.230712890625,0.0,0.0003,,,,,,,,,739.0
2646016,323,532.097,4972.8,509.88,37956,2.265200562775135,-0.002263122791191563,-0.9123164676129818,0.01597890444099903,0.6886287331581116,0.23983717407604488,0.234130859375,0.0,0.0003,,,,,,,,,739.0
2654208,324,533.708,4973.2,545.1,38068,2.4787927642464638,-0.0018339137022849172,-0.9206096865236759,0.017944639548659325,0.6768724918365479,0.23978150921103394,0.2218017578125,0.0,0.0003,,,,,,,,,739.0
2662400,325,535.276,4973.9,489.87,38159,2.3304950296878815,-0.0021088068460812792,-0.887049600481987,0.01707378588616848,0.6611064672470093,0.23973219651442307,0.2237548828125,0.0,0.0003,,,,,,,,,739.0
2670592,326,537.118,4972.1,640.05,38272,2.205461621284485,-0.002225935604656115,-0.9036475047469139,0.019420858472585678,0.7198967933654785,0.23969591760927914,0.2279052734375,0.0,0.0003,,,,,,,,,739.0
2678784,327,538.87,4971.1,552.57,38376,2.308621793985367,0.00047542732500005513,-0.9139503166079521,0.0206488948315382,0.7130651473999023,0.2396094645928899,0.21142578125,0.0,0.0003,,,,,,,,,739.0
2686976,328,540.656,4969.8,451.95,38490,2.3777248933911324,-0.0015853650402277708,-0.8982365429401398,0.02103250101208687,0.702200174331665,0.2395175840796494,0.20947265625,0.0,0.0003,,,,,,,,,739.0
2695168,329,542.249,4970.3,488.49,38596,2.2454993948340416,-0.0026393626030767336,-0.8831752501428127,0.013377835974097252,0.7390415668487549,0.23958580689589665,0.261962890625,0.0,0.0003,,,,,,,,,739.0
2703360,330,543.897,4970.3,543.81,38698,2.242170698940754,-4.728334897663444e-05,-0.8603472299873829,0.014329832047224045,0.7227441668510437,0.23959036162405303,0.2410888671875,0.0,0.0003,,,,,,,,,739.0
2711552,331,545.504,4970.7,592.95,38787,2.02221567183733,-0.0003432354860706255,-0.8466442786157131,0.01625562086701393,0.7503267526626587,0.23968561178247735,0.2711181640625,0.0,0.0003,,,,,,,,,739.0
2719744,332,547.27,4969.7,593.55,38877,2.005301348865032,-0.003433152407524176,-0.8413113839924335,0.011933942325413227,0.7458504438400269,0.23980014295463103,0.2777099609375,0.0,0.0003,,,,,,,,,739.0
2727936,333,548.996,4969.0,578.31,38968,2.3591194450855255,-0.003877006733091548,-0.8531946428120136,0.011572696268558502,0.7108938694000244,0.239892724756006,0.2706298828125,0.0,0.0003,,,,,,,,,739.0
2736128,334,550.525,4970.0,573.0,39059,2.3121451288461685,-0.005108879442559555,-0.8666995093226433,0.013154796324670315,0.6911062002182007,0.2399584376169536,0.2618408203125,0.0,0.0003,,,,,,,,,739.0
2744320,335,552.104,4970.7,630.72,39152,2.229203224182129,-0.0031857725261943415,-0.8831695541739464,0.011468686163425446,0.6948034763336182,0.23997420125932836,0.2452392578125,0.0,0.0003,,,,,,,,,739.0
2752512,336,553.829,4970.0,588.72,39257,2.245170436799526,-0.003692291342304088,-0.8724772781133652,0.017582062631845474,0.6900720596313477,0.23991757347470238,0.220947265625,0.0,0.0003,,,,,,,,,739.0
2760704,337,555.639,4968.5,522.15,39356,2.1941776871681213,-0.00317033920873655,-0.8897278197109699,0.014497531577944756,0.7096806764602661,0.23989460659310088,0.232177734375,0.0,0.0003,,,,,,,,,739.0
2768896,338,557.469,4966.9,542.7,39464,2.128680393099785,-0.0018256875628139824,-0.9001693390309811,0.01660950668156147,0.727371335029602,0.2398750260031435,0.2332763671875,0.0,0.0003,,,,,,,,,739.0
2777088,339,559.065,4967.4,546.21,39546,2.015402801334858,-0.0019666615989990532,-0.8871314227581024,0.015774592757225037,0.7329273819923401,0.23990993443491887,0.251708984375,0.0,0.0003,,,,,,,,,739.0
2785280,340,560.637,4968.1,643.29,39646,1.7197527959942818,-0.0029005260003032163,-0.901864305138588,0.015000997111201286,0.7749779224395752,0.23987283145680147,0.227294921875,0.0,0.0003,,,,,,,,,739.0
2793472,341,562.283,4968.1,565.5,39752,2.2227955758571625,-0.002348724359762855,-0.9142389334738255,0.02058691531419754,0.7231265306472778,0.23982878654233872,0.224853515625,0.0,0.0003,,,,,,,,,739.0
2801664,342,563.922,4968.2,492.18,39854,2.260131798684597,-0.0032669564097886905,-0.865603081882,0.01438234280794859,0.7257118225097656,0.23984639128746346,0.245849609375,0.0,0.0003,,,,,,,,,739.0
2809856,343,565.665,4967.3,510.36,39950,2.5884537398815155,-0.0014461863174801692,-0.8540295250713825,0.0153729896992445,0.7266554832458496,0.23993080072430759,0.268798828125,0.0,0.0003,,,,,,,,,739.0
2818048,344,567.338,4967.1,576.0,40050,2.822895437479019,-0.0018210634589195251,-0.8605218939483166,0.016043277457356453,0.7032885551452637,0.239980653274891,0.257080078125,0.0,0.0003,,,,,,,,,739.0
2826240,345,568.889,4968.0,563.52,40144,2.4081409871578217,-0.0031240888201864436,-0.8961203508079052,0.01819790154695511,0.7046855688095093,0.2399711277173913,0.2366943359375,0.0,0.0003,,,,,,,,,739.0
2834432,346,570.465,4968.6,556.35,40247,2.5244988948106766,-0.0018953968829009682,-0.894716240465641,0.015243841335177422,0.6970996856689453,0.23996095161217484,0.2364501953125,0.0,0.0003,,,,,,,,,739.0
2842624,347,572.136,4968.4,602.67,40347,2.452053613960743,-0.003915976849384606,-0.9014130719006062,0.01570982113480568,0.6587234735488892,0.23991389645623198,0.2236328125,0.0,0.0003,,,,,,,,,739.0
2850816,348,573.926,4967.2,552.72,40455,2.274654433131218,-0.0025976614851970226,-0.9311551004648209,0.019811268895864487,0.679162859916687,0.23980888279005028,0.203369140625,0.0,0.0003,,,,,,,,,739.0
2859008,349,575.687,4966.3,596.13,40551,2.4074110239744186,-0.0037489807582460344,-0.9497483968734741,0.01963047683238983,0.6689720153808594,0.2397223092765043,0.2095947265625,0.0,0.0003,,,,,,,,,739.0
2867200,350,577.303,4966.5,546.15,40662,2.5362321734428406,-0.0037918373564025387,-0.9417484402656555,0.01617123931646347,0.6921710968017578,0.2396250697544643,0.2056884765625,0.0,0.0003,,,,,,,,,739.0
2875392,351,578.921,4966.8,549.69,40766,2.5361167043447495,-0.0023940053943078965,-0.9282609820365906,0.016827724874019623,0.6836559772491455,0.23956385772792022,0.2181396484375,0.0,0.0003,,,,,,,,,739.0
2883584,352,580.601,4966.6,547.41,40869,2.624869704246521,-0.0020534583018161356,-0.9088209271430969,0.01817462034523487,0.6812607049942017,0.2394960576837713,0.2156982421875,0.0,0.0003,,,,,,,,,739.0
2891776,353,582.382,4965.4,491.55,40973,2.7018286734819412,0.0023942876141518354,-0.8841783814132214,0.01907990500330925,0.667629599571228,0.2394258753098442,0.2147216796875,0.0,0.0003,,,,,,,,,739.0
2899968,354,584.195,4964.0,555.57,41072,2.991527885198593,-0.0031553887820336968,-0.8740373328328133,0.01162248570472002,0.6123589277267456,0.23948781503795905,0.2613525390625,0.0,0.0003,,,,,,,,,739.0
2908160,355,585.835,4964.1,602.76,41165,2.496963858604431,-0.0023950446338858455,-0.8565860465168953,0.011779917404055595,0.6483325958251953,0.23963399537852112,0.2913818359375,0.0,0.0003,,,,,,,,,739.0
2916352,356,587.393,4964.9,525.45,41262,2.669949233531952,0.0003775233490159735,-0.8772530071437359,0.012748991139233112,0.6656726598739624,0.23970083172401685,0.263427734375,0.0,0.0003,,,,,,,,,739.0
2924544,357,588.952,4965.7,566.79,41352,2.4046313390135765,-0.0017332426068605855,-0.8433015085756779,0.013235336169600487,0.6593018770217896,0.23981653208158263,0.281005859375,0.0,0.0003,,,,,,,,,739.0
2932736,358,590.805,4964.0,602.46,41448,2.855294995009899,-0.0005252543196547776,-0.8460045494139194,0.01163663063198328,0.663808286190033,0.2398879408170391,0.265380859375,0.0,0.0003,,,,,,,,,739.0
2940928,359,592.561,4963.1,649.44,41533,2.506955347955227,-0.002344476757571101,-0.8514173813164234,0.011719697155058384,0.6694653034210205,0.2399915944899025,0.277099609375,0.0,0.0003,,,,,,,,,739.0
2949120,360,594.265,4962.6,643.23,41619,2.6496376171708107,-0.0022278036922216415,-0.8397823460400105,0.01096192467957735,0.6973150372505188,0.24011264377170138,0.2835693359375,0.0,0.0003,,,,,,,,,739.0
2957312,361,595.807,4963.5,651.21,41711,2.5602838918566704,-0.0007679991686018184,-0.8326243944466114,0.011750530451536179,0.6708123683929443,0.24022727395689059,0.281494140625,0.0,0.0003,,,,,,,,,739.0
2965504,362,597.377,4964.2,552.42,41811,2.729751169681549,-0.0008433125331066549,-0.8230730034410954,0.011949661187827587,0.6834681034088135,0.24021447956232736,0.235595703125,0.0,0.0003,,,,,,,,,739.0
2973696,363,599.126,4963.4,585.96,41906,2.658926099538803,-0.0029138858808437362,-0.8160033896565437,0.013459587469696999,0.7020435333251953,0.24026262267561985,0.2576904296875,0.0,0.0003,,,,,,,,,739.0
2981888,364,600.842,4962.8,616.47,42002,3.107936680316925,-0.002534610204747878,-0.8217536844313145,0.01179023552685976,0.6914861798286438,0.24036851820054944,0.27880859375,0.0,0.0003,,,,,,,,,739.0
2990080,365,602.587,4962.1,566.97,42078,2.136804573237896,-0.0029240032890811563,-0.8384677208960056,0.013227480463683605,0.7326970100402832,0.2405260059931507,0.2978515625,0.0,0.0003,,,,,,,,,739.0
2998272,366,604.194,4962.4,512.94,42181,2.6049867048859596,-0.004192911204881966,-0.8514292798936367,0.014289522543549538,0.6613050103187561,0.2406215980404713,0.2755126953125,0.0,0.0003,,,,,,,,,739.0
3006464,367,605.816,4962.7,597.09,42281,2.3962512463331223,-0.001114131388021633,-0.8405885323882103,0.014799447730183601,0.6758062839508057,0.2406624526353883,0.255615234375,0.0,0.0003,,,,,,,,,739.0
3014656,368,607.415,4963.1,594.48,42382,2.6558617651462555,-0.00138995359884575,-0.8618832044303417,0.011267313733696938,0.6603520512580872,0.2406984412151834,0.25390625,0.0,0.0003,,,,,,,,,739.0
3022848,369,609.216,4961.9,530.61,42488,2.334828644990921,-0.0013656791998073459,-0.8966998569667339,0.010676661506295204,0.6666290163993835,0.24069255218919378,0.238525390625,0.0,0.0003,,,,,,,,,739.0
3031040,370,610.961,4961.1,523.26,42566,2.0262985825538635,-0.003141158231301233,-0.8791553117334843,0.012517641298472881,0.6985661387443542,0.24073057432432432,0.2547607421875,0.0,0.0003,,,,,,,,,739.0
3039232,371,612.675,4960.6,546.6,42667,2.3921913653612137,-0.003256621872424148,-0.8845100477337837,0.013218516483902931,0.6740156412124634,0.24077069470181942,0.255615234375,0.0,0.0003,,,,,,,,,739.0
3047424,372,614.295,4960.9,661.86,42770,2.3684509247541428,-0.002283993671881035,-0.9086823910474777,0.013421110808849335,0.6789195537567139,0.24079977056031587,0.2515869140625,0.0,0.0003,,,,,,,,,739.0
3055616,373,615.847,4961.7,485.76,42868,2.466996118426323,-0.0005350687279133126,-0.9006103463470936,0.013786442577838898,0.6282870769500732,0.24086534433646112,0.2652587890625,0.0,0.0003,635.58,480.0,2718,100,0.0,0.0,0.0,0,739.0
3063808,374,618.033,4957.4,554.88,42968,1.9914713352918625,-0.0040625667897984385,-0.9226033948361874,0.01563178189098835,0.7054679989814758,0.24094133836062834,0.269287109375,0.0,0.0003,,,,,,,,,739.0
3072000,375,619.874,4955.8,608.46,43066,1.9822721555829048,-0.00385227327933535,-0.9765566289424896,0.011788386851549149,0.7044921517372131,0.24093912760416666,0.2401123046875,0.0,0.0003,,,,,,,,,739.0
3080192,376,621.52,4955.9,578.16,43175,1.9298415258526802,-0.00265181326540187,-0.9780790396034718,0.013466896489262581,0.7262012958526611,0.240857388110871,0.210205078125,0.0,0.0003,,,,,,,,,739.0
3088384,377,623.143,4956.1,524.91,43284,1.9245989099144936,-0.0029517340881284326,-0.9642868116497993,0.012179041281342506,0.7030882239341736,0.24072880833471486,0.1923828125,0.0,0.0003,,,,,,,,,739.0
3096576,378,624.718,4956.8,527.97,43378,2.045223258435726,-0.0037567964172922075,-0.9371645040810108,0.015238061547279358,0.7210726737976074,0.24066517340443122,0.2166748046875,0.0,0.0003,,,,,,,,,739.0
3104768,379,626.49,4955.8,582.3,43482,2.064818724989891,-0.0020685417839558795,-0.9085445739328861,0.01304657943546772,0.6971518397331238,0.24061024849521767,0.2198486328125,0.0,0.0003,,,,,,,,,739.0
3112960,380,628.328,4954.4,524.79,43588,2.375030070543289,-0.003604449681006372,-0.8994132317602634,0.015178941190242767,0.687218189239502,0.24055818256578948,0.2208251953125,0.0,0.0003,,,,,,,,,739.0
3121152,381,630.103,4953.4,556.74,43699,2.4951059073209763,-0.004260526242433116,-0.902074046432972,0.012106719426810741,0.6595836877822876,0.2405403517675525,0.2337646484375,0.0,0.0003,,,,,,,,,739.0
3129344,382,631.696,4953.9,598.47,43795,2.550364702939987,-0.0033921617723535746,-0.871620673686266,0.014722940512001514,0.6342166662216187,0.24051973832215315,0.232666015625,0.0,0.0003,,,,,,,,,739.0
3137536,383,633.443,4953.1,530.37,43896,2.225795455276966,-0.0031253067136276513,-0.8893340863287449,0.011885488405823708,0.6851785778999329,0.24058337497960183,0.264892578125,0.0,0.0003,,,,,,,,,739.0
3145728,384,635.142,4952.8,613.2,43995,2.1921960413455963,-0.0029529556923080236,-0.866840023547411,0.014159117825329304,0.6921391487121582,0.24061965942382812,0.2545166015625,0.0,0.0003,,,,,,,,,739.0
3153920,385,636.866,4952.3,573.57,44081,2.437261238694191,-0.004773429507622495,-0.8505969382822514,0.01758202724158764,0.7072045207023621,0.2406452922077922,0.25048828125,0.0,0.0003,,,,,,,,,739.0
3162112,386,638.646,4951.3,640.83,44173,2.2366904094815254,-0.0033525203907629475,-0.8502340726554394,0.013821613043546677,0.7332873344421387,0.24073846846664507,0.276611328125,0.0,0.0003,,,,,,,,,739.0
3170304,387,640.338,4951.0,568.98,44264,2.644158460199833,-0.0013973502209410071,-0.8392601683735847,0.016328023746609688,0.705322265625,0.24080592902131784,0.266845703125,0.0,0.0003,,,,,,,,,739.0
3178496,388,641.894,4951.7,602.46,44355,2.3703568652272224,-0.002432157634757459,-0.8427663259208202,0.013385309837758541,0.709241509437561,0.24092715548485824,0.287841796875,0.0,0.0003,,,,,,,,,739.0
3186688,389,643.469,4952.4,645.3,44436,2.4842268973588943,-0.0015369314642157406,-0.82326889783144,0.016679715365171432,0.7149988412857056,0.24096397262612468,0.2552490234375,0.0,0.0003,,,,,,,,,739.0
3194880,390,645.089,4952.6,638.4,44522,2.4718822464346886,-0.0008788096893113106,-0.7934237755835056,0.011271174997091293,0.7252531051635742,0.24113018329326924,0.3057861328125,0.0,0.0003,,,,,,,,,739.0
3203072,391,646.853,4951.8,678.27,44612,2.15900332480669,-0.005158570711500943,-0.8110223114490509,0.012654396705329418,0.7490060329437256,0.24122623531409845,0.2786865234375,0.0,0.0003,,,,,,,,,739.0
3211264,392,648.463,4952.1,653.52,44694,2.3339080959558487,-0.002553362457547337,-0.8266608826816082,0.011616560630500317,0.727920651435852,0.24132024025430485,0.278076171875,0.0,0.0003,,,,,,,,,739.0
3219456,393,650.01,4952.9,658.29,44783,2.5923331826925278,0.0010557855275692418,-0.8427634574472904,0.015445834025740623,0.6693751811981201,0.24142525942270993,0.2825927734375,0.0,0.0003,,,,,,,,,739.0
3227648,394,651.571,4953.6,589.41,44874,2.620047315955162,-0.004386860557133332,-0.8344143331050873,0.01419808529317379,0.6489012241363525,0.24151456416560912,0.276611328125,0.0,0.0003,,,,,,,,,739.0
3235840,395,653.231,4953.6,657.21,44969,2.8245457261800766,-0.002345274027902633,-0.8444182313978672,0.010348424315452576,0.6513718366622925,0.2414634221716772,0.2213134765625,0.0,0.0003,,,,,,,,,739.0
3244032,396,654.986,4952.8,646.98,45070,2.9396136850118637,-0.002627782872878015,-0.847966630011797,0.015332134440541267,0.6133955121040344,0.2414532285748106,0.2374267578125,0.0,0.0003,,,,,,,,,739.0
3252224,397,656.684,4952.5,686.58,45149,2.9022937789559364,-0.002313405988388695,-0.8012863956391811,0.016887454316020012,0.6554555892944336,0.24155377981344459,0.2813720703125,0.0,0.0003,,,,,,,,,739.0
3260416,398,658.211,4953.5,619.65,45227,2.5891588404774666,-0.0046574919688282534,-0.7977917268872261,0.013388242572546005,0.7113132476806641,0.2416906308888191,0.2960205078125,0.0,0.0003,,,,,,,,,739.0
3268608,399,659.727,4954.5,653.1,45314,2.296369343996048,-0.0015526296338066459,-0.7941776625812054,0.015468052588403225,0.7467185854911804,0.24195406729714913,0.3468017578125,0.0,0.0003,,,,,,,,,739.0
3276800,400,661.312,4955.0,625.65,45406,2.7476143166422844,-0.0034883515181718394,-0.8266320526599884,0.016980590298771858,0.7031073570251465,0.24207763671875,0.2913818359375,0.0,0.0003,,,,,,,,,739.0
3284992,401,663.095,4954.0,606.0,45497,2.8475341498851776,-0.003056651505175978,-0.8101987726986408,0.01400467287749052,0.6973456740379333,0.2421400112998753,0.26708984375,0.0,0.0003,,,,,,,,,739.0
3293184,402,664.864,4953.2,644.7,45585,2.7805339470505714,-0.0018236981413792819,-0.8022884055972099,0.011285784654319286,0.7278856635093689,0.2422421583488806,0.283203125,0.0,0.0003,,,,,,,,,739.0
3301376,403,666.603,4952.5,623.1,45673,2.588755801320076,6.023615424055606e-05,-0.8129319064319134,0.018173471093177795,0.7106330394744873,0.24234925073666252,0.285400390625,0.0,0.0003,,,,,,,,,739.0
3309568,404,668.134,4953.4,657.78,45766,2.6625761091709137,-0.002622031039209105,-0.8296128809452057,0.012684257701039314,0.715373694896698,0.24238571318069307,0.257080078125,0.0,0.0003,,,,,,,,,739.0
3317760,405,669.672,4954.3,596.76,45856,2.6275302916765213,-0.0032957866205833852,-0.8100963905453682,0.013894999399781227,0.7184006571769714,0.24245424623842593,0.2701416015625,0.0,0.0003,,,,,,,,,739.0
3325952,406,671.287,4954.6,592.71,45943,2.3713630586862564,-0.002669135559699498,-0.8130861893296242,0.016471952199935913,0.7534869313240051,0.24262196207281403,0.310546875,0.0,0.0003,,,,,,,,,739.0
3334144,407,673.047,4953.8,604.11,46024,2.2579474225640297,-0.0031621440721210092,-0.7920080982148647,0.016698960214853287,0.7569286823272705,0.24279605200015356,0.3134765625,0.0,0.0003,,,,,,,,,739.0
3342336,408,674.843,4952.8,625.35,46119,2.499379076063633,-0.00029241660377010703,-0.8171143271028996,0.014836594462394714,0.7213009595870972,0.24290974934895834,0.2891845703125,0.0,0.0003,,,,,,,,,739.0
3350528,409,676.43,4953.2,573.21,46199,2.3982195258140564,-0.001511608308646828,-0.8103999085724354,0.017038127407431602,0.7143003940582275,0.24307959820064182,0.3123779296875,0.0,0.0003,,,,,,,,,739.0
3358720,410,678.014,4953.8,564.84,46299,2.7172882929444313,-0.0018395444785710424,-0.812658503651619,0.012108876369893551,0.7160024642944336,0.2432417706745427,0.3095703125,0.0,0.0003,,,,,,,,,739.0
3366912,411,679.514,4954.9,615.96,46381,2.1063705310225487,-0.0015373431524494663,-0.802716888487339,0.015954136848449707,0.7186406850814819,0.24334375237606448,0.28515625,0.0,0.0003,,,,,,,,,739.0
3375104,412,681.255,4954.2,606.33,46466,2.42981468886137,-0.006661405626800843,-0.8111403174698353,0.013748311437666416,0.6850123405456543,0.24345709050743325,0.2900390625,0.0,0.0003,,,,,,,,,739.0
3383296,413,683.036,4953.3,702.51,46553,2.4363376051187515,-0.00392053768155165,-0.8009657151997089,0.012384701520204544,0.6932891607284546,0.2436077127156477,0.3056640625,0.0,0.0003,,,,,,,,,739.0
3391488,414,684.715,4953.1,628.17,46649,2.616430826485157,-0.00485088664572686,-0.8018384277820587,0.018986672163009644,0.7169362902641296,0.2437018795289855,0.2825927734375,0.0,0.0003,,,,,,,,,739.0
3399680,415,686.226,4954.2,555.81,46723,2.8220937699079514,-0.0010893200960708782,-0.7965125627815723,0.013303769752383232,0.6256767511367798,0.2438779532191265,0.3167724609375,0.0,0.0003,,,,,,,,,739.0
3407872,416,687.711,4955.4,765.93,46804,2.920249104499817,-0.002028765360591933,-0.8221273086965084,0.014145763590931892,0.6601403951644897,0.24397717989408052,0.28515625,0.0,0.0003,,,,,,,,,739.0
3416064,417,689.313,4955.8,690.3,46903,3.1947768926620483,0.0019182067189831287,-0.8129923045635223,0.020822297781705856,0.6761337518692017,0.24405368283498202,0.27587890625,0.0,0.0003,,,,,,,,,739.0
3424256,418,691.113,4954.7,703.98,46990,2.548109605908394,-0.0021786825673189014,-0.7793924547731876,0.01270909234881401,0.7307116985321045,0.24415259840385767,0.285400390625,0.0,0.0003,,,,,,,,,739.0
3432448,419,692.9,4953.7,581.4,47080,2.6741288751363754,-0.0038742865435779095,-0.7807792909443378,0.014298300258815289,0.7222206592559814,0.24421841204877684,0.271728515625,0.0,0.0003,,,,,,,,,739.0
3440640,420,694.572,4953.6,628.05,47164,2.4487349614501,-0.005025209073210135,-0.7686835527420044,0.012259038165211678,0.7479550242424011,0.24432605561755952,0.2894287109375,0.0,0.0003,,,,,,,,,739.0
3448832,421,696.085,4954.6,670.5,47243,2.3917055502533913,-0.006792065643821843,-0.7516073286533356,0.014782748185098171,0.7457901239395142,0.2445048062648456,0.319580078125,0.0,0.0003,,,,,,,,,739.0
3457024,422,697.557,4955.9,694.95,47319,2.331985220313072,-0.0033743007224984467,-0.7776423059403896,0.017330534756183624,0.7394033670425415,0.24466246112263032,0.31103515625,0.0,0.0003,,,,,,,,,739.0
3465216,423,699.23,4955.8,730.32,47403,2.614360548555851,-0.004085272128577344,-0.8335576616227627,0.018858257681131363,0.7057143449783325,0.2447509765625,0.2821044921875,0.0,0.0003,,,,,,,,,739.0
3473408,424,701.02,4954.8,666.24,47500,2.6518351435661316,-0.0027837328671012074,-0.8335536643862724,0.021589286625385284,0.7040458917617798,0.24469886635834315,0.22265625,0.0,0.0003,,,,,,,,,739.0
3481600,425,702.01,4959.5,661.14,47600,3.1902387142181396,0.010558590991422534,-0.8434587195515633,0.02160116285085678,0.6944882869720459,0.24464096966911764,0.2200927734375,0.0,0.0003,,,,,,,,,739.0
3489792,426,703.692,4959.3,540.66,47691,2.734569862484932,0.002426141290925443,-0.832514226436615,0.01449617464095354,0.690758228302002,0.244699970657277,0.269775390625,0.0,0.0003,,,,,,,,,739.0
3497984,427,705.326,4959.4,596.64,47778,2.372977927327156,-5.745896487496793e-06,-0.8126617968082428,0.013582923449575901,0.7072359323501587,0.24484045667447307,0.3046875,0.0,0.0003,,,,,,,,,739.0
3506176,428,706.873,4960.1,608.88,47869,2.4050154462456703,-0.00449125976592768,-0.7820797450840473,0.008799135684967041,0.7271291017532349,0.2449255257009346,0.28125,0.0,0.0003,,,,,,,,,739.0
3514368,429,708.447,4960.7,540.78,47949,2.174853451550007,-0.0052113271958660334,-0.7920656390488148,0.010072140023112297,0.7418885231018066,0.24511405749198717,0.3258056640625,0.0,0.0003,,,,,,,,,739.0
3522560,430,710.2,4960.0,678.15,48037,2.413608007133007,-0.00362306775059551,-0.8110369183123112,0.012494511902332306,0.7418845891952515,0.24521881813226745,0.2901611328125,0.0,0.0003,,,,,,,,,739.0
3530752,431,711.876,4959.8,604.2,48120,2.472717635333538,-0.002537396314437501,-0.7920082584023476,0.010715167969465256,0.7325349450111389,0.24536614296331208,0.3087158203125,0.0,0.0003,,,,,,,,,739.0
3538944,432,713.498,4960.0,587.22,48208,2.836418852210045,-0.0022493508440675214,-0.7984709329903126,0.011828653514385223,0.7367984056472778,0.2455057214807581,0.3056640625,0.0,0.0003,,,,,,,,,739.0
3547136,433,715.082,4960.5,661.38,48290,2.769376501441002,-0.0034758879482978955,-0.7864046916365623,0.01070234552025795,0.727107584476471,0.24558376109627597,0.279296875,0.0,0.0003,,,,,,,,,739.0
3555328,434,716.654,4961.0,659.1,48376,2.8847355395555496,-0.0022789026697864756,-0.7916339822113514,0.012594234198331833,0.7269827127456665,0.24573991485455068,0.3133544921875,0.0,0.0003,,,,,,,,,739.0
3563520,435,718.348,4960.7,680.31,48458,2.574463814496994,-0.004660096819861792,-0.8188274055719376,0.012837043032050133,0.7232038974761963,0.24584680316091953,0.292236328125,0.0,0.0003,772.47,477.0,3573,100,0.0,0.0,0.0,0,739.0
3571712,436,720.843,4954.9,532.56,48562,3.22058929502964,-0.0020441219239728525,-0.8143445663154125,0.01316363736987114,0.6974552273750305,0.24586948779744838,0.2557373046875,0.0,0.0003,,,,,,,,,739.0
3579904,437,722.395,4955.6,524.25,48649,2.2082539796829224,-0.004756875889142975,-0.8157385624945164,0.01366387028247118,0.7607657313346863,0.24596497559711097,0.28759765625,0.0,0.0003,,,,,,,,,739.0
3588096,438,724.022,4955.8,617.01,48747,2.385665237903595,-0.003980539564508945,-0.7951219975948334,0.017632927745580673,0.7463603615760803,0.2459833850599315,0.2540283203125,0.0,0.0003,,,,,,,,,739.0
3596288,439,725.56,4956.6,575.58,48836,2.7386405020952225,-0.004746051388792694,-0.7714815847575665,0.010863116011023521,0.7060487866401672,0.24603313194048976,0.267822265625,0.0,0.0003,,,,,,,,,739.0
3604480,440,727.266,4956.2,619.8,48928,2.9382653534412384,0.0002513851650292054,-0.7909938506782055,0.02058911696076393,0.702018141746521,0.2461606112393466,0.3021240234375,0.0,0.0003,,,,,,,,,739.0
3612672,441,728.986,4955.7,558.42,49009,2.7002460435032845,0.0018751931784208864,-0.8010454066097736,0.018765274435281754,0.7242565155029297,0.24631463913690477,0.3140869140625,0.0,0.0003,,,,,,,,,739.0
3620864,442,730.739,4955.1,591.36,49096,2.3411782681941986,-0.001974975093617104,-0.8075257055461407,0.011188715696334839,0.7446625232696533,0.24645112326781674,0.306640625,0.0,0.0003,,,,,,,,,739.0
3629056,443,732.339,4955.4,622.98,49196,2.2078173756599426,0.0005555020907195285,-0.8065341375768185,0.01783977635204792,0.761126697063446,0.24655860918101016,0.2940673828125,0.0,0.0003,,,,,,,,,739.0
3637248,444,733.944,4955.8,531.36,49275,2.328621730208397,-0.0037896646244917065,-0.7917205132544041,0.012214383110404015,0.7167335748672485,0.24669530370213963,0.3072509765625,0.0,0.0003,,,,,,,,,739.0
3645440,445,735.613,4955.6,609.0,49365,2.308043710887432,-0.004128438013140112,-0.8109720572829247,0.010930541902780533,0.7137736082077026,0.2468212341994382,0.302734375,0.0,0.0003,,,,,,,,,739.0
3653632,446,737.321,4955.3,633.66,49455,2.0406811386346817,-0.005834087161929347,-0.8303737118840218,0.012762155383825302,0.7420617341995239,0.24690718714966367,0.28515625,0.0,0.0003,,,,,,,,,739.0
3661824,447,738.982,4955.2,648.39,49545,2.308438293635845,-0.002693023343454115,-0.8417036831378937,0.012182912789285183,0.7087801694869995,0.2469812858291387,0.280029296875,0.0,0.0003,,,,,,,,,739.0
3670016,448,740.716,4954.7,542.79,49649,2.869436413049698,-0.001307165264734067,-0.8547522835433483,0.017534945160150528,0.6119629144668579,0.2469346182686942,0.22607421875,0.0,0.0003,,,,,,,,,739.0
3678208,449,742.252,4955.5,568.05,49734,1.9799119904637337,-0.0041696711123222485,-0.8407852239906788,0.013099012896418571,0.6799674034118652,0.24698086676990536,0.2677001953125,0.0,0.0003,,,,,,,,,739.0
3686400,450,743.823,4956.0,587.79,49829,2.370552070438862,-0.0052060834132134914,-0.8395386412739754,0.01262962818145752,0.7021090984344482,0.24699083116319445,0.25146484375,0.0,0.0003,,,,,,,,,739.0
3694592,451,745.593,4955.2,676.32,49924,2.4422115609049797,-0.004371835995698348,-0.842374637722969,0.018274717032909393,0.6918420791625977,0.24700021003672396,0.251220703125,0.0,0.0003,,,,,,,,,739.0
3702784,452,747.351,4954.5,584.7,50013,2.4604200944304466,0.0015235693281283602,-0.8394630141556263,0.016643555834889412,0.6882542967796326,0.24706329075636063,0.2755126953125,0.0,0.0003,,,,,,,,,739.0
3710976,453,748.976,4954.7,565.95,50099,2.2080206498503685,-0.004815654770936817,-0.8391020074486732,0.011632658541202545,0.7152503728866577,0.2471767535009658,0.2984619140625,0.0,0.0003,,,,,,,,,739.0
3719168,454,750.486,4955.7,654.06,50181,2.6287482231855392,-0.0030024888983462006,-0.828570906072855,0.012230556458234787,0.6428059935569763,0.24724615828056168,0.2786865234375,0.0,0.0003,,,,,,,,,739.0
3727360,455,752.036,4956.4,748.98,50277,2.5200263261795044,-0.003014828631421551,-0.8367055021226406,0.01759221777319908,0.6882721781730652,0.24724764981112637,0.2479248046875,0.0,0.0003,,,,,,,,,739.0
3735552,456,753.632,4956.7,589.02,50359,2.422053389251232,-0.0021555591956712306,-0.8397769704461098,0.012789756990969181,0.6979259252548218,0.24725984272203946,0.2528076171875,0.0,0.0003,,,,,,,,,739.0
3743744,457,755.329,4956.4,656.94,50458,2.399939052760601,-0.0010548728168942034,-0.852839432656765,0.016129281371831894,0.7519711256027222,0.24725461997401532,0.244873046875,0.0,0.0003,,,,,,,,,739.0
3751936,458,756.961,4956.6,600.24,50560,2.6356547698378563,-0.0009876890835585073,-0.8575879819691181,0.021265901625156403,0.7267913818359375,0.24725235185248362,0.2462158203125,0.0,0.0003,,,,,,,,,739.0
3760128,459,758.63,4956.5,648.33,50647,2.414514482021332,-0.0004199014219921082,-0.8662290386855602,0.014116940088570118,0.7433896064758301,0.24719770178036493,0.22216796875,0.0,0.0003,,,,,,,,,739.0
3768320,460,760.272,4956.5,574.17,50761,3.058591917157173,0.00011263761552982032,-0.8625057190656662,0.014352003112435341,0.711240291595459,0.24712338654891305,0.2130126953125,0.0,0.0003,,,,,,,,,739.0
3776512,461,761.849,4957.0,526.92,50859,2.711583621799946,-0.0021056719560874626,-0.8356529176235199,0.017949717119336128,0.706291913986206,0.24707349003524945,0.22412109375,0.0,0.0003,,,,,,,,,739.0
3784704,462,763.5,4957.0,587.43,50936,2.008976623415947,-0.00461150320188608,-0.8201098628342152,0.012751774862408638,0.7462689280509949,0.24711047416125542,0.26416015625,0.0,0.0003,,,,,,,,,739.0
3792896,463,765.189,4956.8,727.08,51030,2.0941138491034508,-0.004993327995180152,-0.8260203152894974,0.016012411564588547,0.75271075963974,0.24714123456061016,0.2613525390625,0.0,0.0003,,,,,,,,,739.0
3801088,464,766.845,4956.8,543.87,51130,2.347958281636238,-0.003010745975188911,-0.8179908357560635,0.020936839282512665,0.7344609498977661,0.24716028673895474,0.2559814453125,0.0,0.0003,,,,,,,,,739.0
3809280,465,768.364,4957.7,565.2,51218,2.381962649524212,-0.0012361778935883194,-0.8140679784119129,0.013441966846585274,0.6902374029159546,0.24716009324596774,0.2470703125,0.0,0.0003,,,,,,,,,739.0
3817472,466,769.984,4957.9,610.11,51316,2.4708058312535286,-0.0028164833784103394,-0.8447360619902611,0.015325604937970638,0.6435301303863525,0.24714942244501073,0.2421875,0.0,0.0003,,,,,,,,,739.0
3825664,467,771.761,4957.1,700.62,51410,2.497406803071499,-0.0003509488014969975,-0.8361918814480305,0.01740342564880848,0.6513174772262573,0.24711867011844219,0.2327880859375,0.0,0.0003,,,,,,,,,739.0
3833856,468,773.518,4956.4,583.11,51503,2.513520047068596,0.002003686735406518,-0.831430871039629,0.01995132677257061,0.6459290981292725,0.24703431740785256,0.2076416015625,0.0,0.0003,,,,,,,,,739.0
3842048,469,775.274,4955.7,663.57,51596,2.7029755041003227,-0.003139801192446612,-0.8391331322491169,0.01698269322514534,0.6665174961090088,0.24702111998600745,0.2408447265625,0.0,0.0003,,,,,,,,,739.0
3850240,470,776.781,4956.7,702.0,51681,2.636932499706745,-0.004145156519371085,-0.8245319053530693,0.015693143010139465,0.6788398027420044,0.2470900515292553,0.2794189453125,0.0,0.0003,,,,,,,,,739.0
3858432,471,778.351,4957.2,654.21,51779,2.815685771405697,-0.0015820330008864403,-0.8483151309192181,0.019418152049183846,0.7031276226043701,0.24709752562699044,0.2506103515625,0.0,0.0003,,,,,,,,,739.0
3866624,472,779.861,4958.1,649.86,51867,2.3837770149111748,-0.0002228751254733652,-0.8275978416204453,0.013227233663201332,0.7270008325576782,0.2470904851363877,0.2437744140625,0.0,0.0003,,,,,,,,,739.0
3874816,473,781.418,4958.7,629.31,51949,2.619628496468067,-0.00551661488134414,-0.8285818621516228,0.01746208965778351,0.6897460222244263,0.24716709128897993,0.2833251953125,0.0,0.0003,,,,,,,,,739.0
3883008,474,783.079,4958.6,686.58,52042,2.4941840693354607,-0.004885279369773343,-0.8461787924170494,0.015808522701263428,0.7121777534484863,0.24714293660996836,0.2357177734375,0.0,0.0003,,,,,,,,,739.0
3891200,475,784.804,4958.2,626.7,52129,2.9390397667884827,-0.004311057331506163,-0.8653648942708969,0.014062461443245411,0.6884351968765259,0.24707236842105262,0.213623046875,0.0,0.0003,,,,,,,,,739.0
3899392,476,786.602,4957.3,742.95,52243,3.297678366303444,0.00024221539206337184,-0.8943693563342094,0.015193706378340721,0.6835794448852539,0.24698414522058823,0.205078125,0.0,0.0003,,,,,,,,,739.0
3907584,477,788.175,4957.8,575.04,52343,2.906478889286518,-0.0023167366889538243,-0.8739028200507164,0.012074355036020279,0.6942580938339233,0.24691497354887318,0.2139892578125,0.0,0.0003,,,,,,,,,739.0
3915776,478,789.939,4957.1,529.47,52432,2.372450403869152,-0.006751085689757019,-0.8755421303212643,0.012142310850322247,0.7319240570068359,0.24691938456132323,0.2490234375,0.0,0.0003,,,,,,,,,739.0
3923968,479,791.766,4956.0,698.37,52518,2.2843717336654663,-0.003690076235216111,-0.8877437189221382,0.012111801654100418,0.7258822917938232,0.24691332854906053,0.2440185546875,0.0,0.0003,,,,,,,,,739.0
3932160,480,793.63,4954.7,575.85,52632,2.2612141370773315,-0.0038168563623912632,-0.8850698210299015,0.013727037236094475,0.7495097517967224,0.2468671162923177,0.2247314453125,0.0,0.0003,,,,,,,,,739.0
3940352,481,795.301,4954.5,479.52,52726,2.272914730012417,-0.0028286251181270927,-0.8663496151566505,0.013137677684426308,0.7485774755477905,0.2468594176357848,0.2431640625,0.0,0.0003,,,,,,,,,739.0
3948544,482,796.886,4955.0,598.41,52810,2.418516792356968,-0.0031643429247196764,-0.8376804180443287,0.014590317383408546,0.7205454111099243,0.24682693164872926,0.231201171875,0.0,0.0003,,,,,,,,,739.0
3956736,483,798.669,4954.2,666.78,52912,2.632400795817375,-0.004376873330329545,-0.8655290454626083,0.010649587959051132,0.7013328075408936,0.24683476481625258,0.2506103515625,0.0,0.0003,,,,,,,,,739.0
3964928,484,800.475,4953.2,684.18,52997,2.4313111677765846,-0.0033320487855235115,-0.8481968529522419,0.01549573615193367,0.7255120277404785,0.2468342426394628,0.24658203125,0.0,0.0003,,,,,,,,,739.0
3973120,485,802.256,4952.4,682.86,53080,2.3649676367640495,-0.003249383036745712,-0.8234090991318226,0.01703576371073723,0.6757503151893616,0.24688431258054125,0.2711181640625,0.0,0.0003,,,,,,,,,739.0
3981312,486,803.858,4952.8,647.34,53168,2.254736416041851,-0.004191461252048612,-0.857843454927206,0.012357363477349281,0.713900089263916,0.24690102157278807,0.2550048828125,0.0,0.0003,,,,,,,,,739.0
3989504,487,805.499,4952.8,624.24,53267,2.644268251955509,-0.004389314301079139,-0.8348356634378433,0.013131711632013321,0.7186926603317261,0.24695425797292095,0.2728271484375,0.0,0.0003,,,,,,,,,739.0
3997696,488,807.079,4953.3,638.88,53346,2.303548514842987,-0.002682852587895468,-0.8280007503926754,0.01326657272875309,0.7206172347068787,0.2470365430487961,0.287109375,0.0,0.0003,,,,,,,,,739.0
4005888,489,808.722,4953.4,702.51,53424,2.5351691395044327,-0.0035868080594809726,-0.810000766068697,0.011041565798223019,0.6986365914344788,0.24714570152735174,0.3004150390625,0.0,0.0003,,,,,,,,,739.0
4014080,490,810.494,4952.6,661.53,53519,2.4614099264144897,-0.0033822386321844533,-0.7966713048517704,0.013157366774976254,0.734824001789093,0.24726313376913264,0.3046875,0.0,0.0003,,,,,,,,,739.0
4022272,491,812.092,4953.0,638.28,53606,2.358697585761547,-0.0007892991416156292,-0.8307445012032986,0.01405692845582962,0.7441726922988892,0.24731942543915478,0.27490234375,0.0,0.0003,,,,,,,,,739.0
4030464,492,813.766,4952.9,614.61,53686,2.293425016105175,-0.0025246217555832118,-0.8032503463327885,0.01238204911351204,0.7341163158416748,0.24736084976816566,0.2677001953125,0.0,0.0003,,,,,,,,,739.0
4038656,493,815.319,4953.5,690.18,53776,2.6101217716932297,-0.004038038430735469,-0.8327469415962696,0.014751682057976723,0.7055956125259399,0.24736744104969574,0.2506103515625,0.0,0.0003,,,,,,,,,739.0
4046848,494,817.016,4953.2,716.52,53866,2.3050251826643944,-0.005729127500671893,-0.8282917328178883,0.014966357499361038,0.7612036466598511,0.2474380060728745,0.2822265625,0.0,0.0003,,,,,,,,,739.0
4055040,495,818.732,4952.8,636.87,53950,2.4833293482661247,-0.00493185332743451,-0.8098981603980064,0.01325961947441101,0.7422968149185181,0.2474966954703283,0.2764892578125,0.0,0.0003,,,,,,,,,739.0
4063232,496,820.376,4952.9,688.08,54036,2.8205595314502716,-0.0025797222479013726,-0.8109797909855843,0.01831972412765026,0.7148460149765015,0.2475529332314768,0.275390625,0.0,0.0003,,,,,,,,,739.0
4071424,497,821.809,4954.2,688.71,54109,2.4829802215099335,-0.004249948964570649,-0.814405083656311,0.012718630954623222,0.7290916442871094,0.24761262889839034,0.2772216796875,0.0,0.0003,668.37,553.5,2598,100,0.0,0.0,0.0,0,739.0
4079616,498,823.629,4953.2,691.95,54204,2.4376011937856674,-0.005765169276855886,-0.8401234596967697,0.016589470207691193,0.7312722206115723,0.24769855790348896,0.2904052734375,0.0,0.0003,,,,,,,,,739.0
4087808,499,825.28,4953.2,708.75,54298,2.653723321855068,-0.003619341805460863,-0.8448369018733501,0.017883097752928734,0.7023546099662781,0.24779441695891782,0.2955322265625,0.0,0.0003,,,,,,,,,739.0
4096000,500,826.956,4953.1,582.21,54400,2.489865504205227,-0.003477299847872928,-0.8583536185324192,0.013807401061058044,0.7074114084243774,0.24781689453125,0.259033203125,0.0,0.0003,,,,,,,,,739.0
4104192,501,828.477,4953.9,531.12,54493,2.527783289551735,-0.004691458001616411,-0.8539073206484318,0.015409265644848347,0.6791362762451172,0.24786949538423153,0.274169921875,0.0,0.0003,,,,,,,,,739.0
4112384,502,830.007,4954.6,514.5,54579,2.5246574878692627,-0.0019762403971981257,-0.845659926533699,0.016289478167891502,0.6994391679763794,0.24792845220679782,0.2774658203125,0.0,0.0003,,,,,,,,,739.0
4120576,503,831.504,4955.6,633.0,54669,2.242002248764038,-0.004962679129675962,-0.8603657707571983,0.018023015931248665,0.71567702293396,0.24796775984716699,0.2677001953125,0.0,0.0003,,,,,,,,,739.0
4128768,504,833.068,4956.1,554.4,54780,2.5875306725502014,-0.004222708186716773,-0.869762472808361,0.01837262138724327,0.7085577249526978,0.24794296991257442,0.2354736328125,0.0,0.0003,,,,,,,,,739.0
4136960,505,834.647,4956.5,522.03,54879,2.5348571240901947,-0.003615389490732923,-0.8943588249385357,0.023552414029836655,0.6823430061340332,0.2479407584313119,0.246826171875,0.0,0.0003,,,,,,,,,739.0
4145152,506,836.368,4956.1,526.35,54968,2.3179054632782936,-0.005499718972714618,-0.8701793327927589,0.01733269914984703,0.677977442741394,0.2479416918848814,0.2484130859375,0.0,0.0003,,,,,,,,,739.0
4153344,507,837.999,4956.3,594.6,55063,2.2074339538812637,-0.0037112663849256933,-0.8726930543780327,0.017865993082523346,0.7081177234649658,0.2479705509584566,0.2625732421875,0.0,0.0003,,,,,,,,,739.0
4161536,508,839.628,4956.4,626.34,55162,2.544053539633751,-0.000519745284691453,-0.8437611050903797,0.019084885716438293,0.7204515933990479,0.24800025759719488,0.2630615234375,0.0,0.0003,,,,,,,,,739.0
4169728,509,841.116,4957.4,567.99,55251,2.3854676112532616,-0.0031473434646613896,-0.859957966953516,0.019367238506674767,0.7026373147964478,0.24803224574840374,0.2642822265625,0.0,0.0003,,,,,,,,,739.0
4177920,510,842.745,4957.5,599.76,55352,2.163174122571945,-0.005480927138705738,-0.8805968835949898,0.01541677862405777,0.7499172687530518,0.24804400275735294,0.2540283203125,0.0,0.0003,,,,,,,,,739.0
4186112,511,844.436,4957.3,552.48,55447,2.4724913835525513,-0.0034763793228194118,-0.8773768953979015,0.015290599316358566,0.6934735774993896,0.24805069716242661,0.25146484375,0.0,0.0003,,,,,,,,,739.0
4194304,512,846.086,4957.3,553.77,55549,2.5922005027532578,-0.0015357642841991037,-0.8734435141086578,0.020985588431358337,0.7009086608886719,0.24805140495300293,0.2484130859375,0.0,0.0003,,,,,,,,,739.0
4202496,513,847.538,4958.5,615.06,55628,2.0583885088562965,-0.006923047825694084,-0.8688729479908943,0.013459260575473309,0.7266132235527039,0.24806614925986842,0.255615234375,0.0,0.0003,,,,,,,,,739.0
4210688,514,849.012,4959.5,663.03,55714,2.1119552850723267,-0.0030314910254674032,-0.8370209485292435,0.012601790949702263,0.7262182831764221,0.2481150348826605,0.273193359375,0.0,0.0003,,,,,,,,,739.0
4218880,515,850.537,4960.3,739.77,55806,2.039124548435211,-0.006504656310426071,-0.8585722483694553,0.013499507680535316,0.7140260934829712,0.24813339085254854,0.257568359375,0.0,0.0003,,,,,,,,,739.0
4227072,516,852.264,4959.8,623.82,55895,2.325772188603878,-0.0038898360799066722,-0.8677096851170063,0.016375156119465828,0.6959275603294373,0.24816799903100775,0.2659912109375,0.0,0.0003,,,,,,,,,739.0
4235264,517,853.953,4959.6,628.68,55985,2.598046287894249,-0.0027957353449892253,-0.8738540336489677,0.0157791581004858,0.6826169490814209,0.24817650092178434,0.2525634765625,0.0,0.0003,,,,,,,,,739.0
4243456,518,855.682,4959.2,686.31,56069,2.167050488293171,-0.006448168569477275,-0.8449255079030991,0.014366702176630497,0.73236083984375,0.24825142525337837,0.2869873046875,0.0,0.0003,,,,,,,,,739.0
4251648,519,857.217,4959.8,649.65,56162,2.4494415298104286,-0.0037622873933287337,-0.8658326081931591,0.013606784865260124,0.7293339967727661,0.24829689569785646,0.2718505859375,0.0,0.0003,,,,,,,,,739.0
4259840,520,858.776,4960.4,640.86,56252,2.7799592465162277,-0.0018658975895959884,-0.8407367989420891,0.013115573674440384,0.7039111256599426,0.2483543982872596,0.2781982421875,0.0,0.0003,,,,,,,,,739.0
4268032,521,860.449,4960.2,635.01,56336,2.5866436138749123,-0.004409353976370767,-0.8516994453966618,0.0177946574985981,0.7090373039245605,0.24842034923824377,0.28271484375,0.0,0.0003,,,,,,,,,739.0
4276224,522,862.152,4959.9,646.53,56420,2.487177260220051,-0.004448327861609869,-0.8570854738354683,0.017445720732212067,0.7117201685905457,0.24845634840457376,0.2672119140625,0.0,0.0003,,,,,,,,,739.0
4284416,523,863.871,4959.6,703.86,56505,2.5734704732894897,0.00033026980236172676,-0.7848659716546535,0.013150414451956749,0.7310509085655212,0.2485435587954111,0.2940673828125,0.0,0.0003,,,,,,,,,739.0
4292608,524,865.518,4959.6,666.48,56586,2.6701427698135376,-0.001907199650304392,-0.8173342607915401,0.010681431740522385,0.7448359727859497,0.24864837413525764,0.303466796875,0.0,0.0003,,,,,,,,,739.0
4300800,525,866.965,4960.8,698.13,56665,2.3067741692066193,-0.0044480488140834495,-0.8351216092705727,0.016655316576361656,0.7339723706245422,0.2486993117559524,0.275390625,0.0,0.0003,,,,,,,,,739.0
4308992,526,868.53,4961.2,758.34,56752,2.429736226797104,-0.004468043116503395,-0.8643306791782379,0.010671389289200306,0.7366154789924622,0.24871826171875,0.2586669921875,0.0,0.0003,,,,,,,,,739.0
4317184,527,870.176,4961.3,720.72,56847,2.183116003870964,-0.0015421154093928635,-0.8622230663895607,0.013253781944513321,0.7522504329681396,0.24875312240571631,0.26708984375,0.0,0.0003,,,,,,,,,739.0
4325376,528,871.942,4960.6,574.47,56937,2.4368804320693016,-0.0025513381260680035,-0.8612250573933125,0.01292579434812069,0.6899265050888062,0.2487416122898911,0.24267578125,0.0,0.0003,,,,,,,,,739.0
4333568,529,873.656,4960.3,587.76,57021,2.4705749452114105,-0.00657569790200796,-0.8612703457474709,0.01232284028083086,0.678778350353241,0.24872645358282136,0.24072265625,0.0,0.0003,,,,,,,,,739.0
4341760,530,875.297,4960.3,735.57,57126,2.799261584877968,-0.003946229262510315,-0.874676551669836,0.01023947261273861,0.6843501925468445,0.24870743661556605,0.2386474609375,0.0,0.0003,,,,,,,,,739.0
4349952,531,876.767,4961.4,584.88,57217,2.3583360388875008,-0.0028940533520653844,-0.8519502766430378,0.017828205600380898,0.7169915437698364,0.24869147981403014,0.240234375,0.0,0.0003,,,,,,,,,739.0
4358144,532,878.255,4962.3,618.9,57302,2.524587795138359,-0.00553008820861578,-0.8343470171093941,0.015230399556457996,0.6666296124458313,0.24865447309680452,0.22900390625,0.0,0.0003,,,,,,,,,739.0
4366336,533,879.834,4962.7,733.11,57383,2.5090419873595238,-0.004730277622002177,-0.8267034776508808,0.011259202845394611,0.6708104610443115,0.24864554628869606,0.243896484375,0.0,0.0003,,,,,,,,,739.0
4374528,534,881.613,4962.0,624.0,57481,2.5594447255134583,-0.0018424378504278138,-0.8291528448462486,0.016412679105997086,0.7198714017868042,0.24866408444522473,0.258544921875,0.0,0.0003,,,,,,,,,739.0
4382720,535,883.307,4961.7,630.36,57576,2.647106170654297,-0.0040134827577276155,-0.8254669420421124,0.011886502616107464,0.6886606812477112,0.24865791106892524,0.245361328125,0.0,0.0003,,,,,,,,,739.0
4390912,536,884.744,4962.9,678.81,57648,2.702303223311901,-0.0035857175244018435,-0.8267206102609634,0.012047693133354187,0.661877453327179,0.24865836527810167,0.2489013671875,0.0,0.0003,,,,,,,,,739.0
4399104,537,886.32,4963.3,638.34,57742,2.82590688765049,-0.00399391732935328,-0.7984972037374973,0.013052549213171005,0.6639698147773743,0.2487097372555866,0.2762451171875,0.0,0.0003,,,,,,,,,739.0
4407296,538,887.923,4963.6,659.76,57822,2.793763227760792,0.00041058112401515245,-0.7642121464014053,0.015192314051091671,0.6489772200584412,0.248781792736408,0.2874755859375,0.0,0.0003,,,,,,,,,739.0
4415488,539,889.601,4963.4,723.24,57909,2.712845891714096,-0.003434228230617009,-0.7976178899407387,0.01436457596719265,0.7156784534454346,0.2488445218286178,0.2825927734375,0.0,0.0003,,,,,,,,,739.0
4423680,540,891.242,4963.5,768.72,57988,2.278358705341816,-0.0026501557731535286,-0.7982085235416889,0.01154237613081932,0.75489342212677,0.24893663194444443,0.298583984375,0.0,0.0003,,,,,,,,,739.0
4431872,541,892.909,4963.4,603.99,58081,2.5467339381575584,-0.004149586602579802,-0.8154459148645401,0.014259081333875656,0.7777388095855713,0.2489611613331793,0.26220703125,0.0,0.0003,,,,,,,,,739.0
4440064,542,894.474,4963.9,655.44,58166,2.81555188447237,-0.005341575699276291,-0.8211039751768112,0.011111203581094742,0.7055025100708008,0.2490259149417666,0.2840576171875,0.0,0.0003,,,,,,,,,739.0
4448256,543,895.952,4964.8,684.81,58248,3.1422985047101974,-0.0015342993137892336,-0.7860451117157936,0.0120991887524724,0.667804479598999,0.2490942517696823,0.2861328125,0.0,0.0003,,,,,,,,,739.0
4456448,544,897.68,4964.4,685.08,58337,2.8777384385466576,-0.0013680796109838411,-0.7877800725400448,0.013198578730225563,0.7188518047332764,0.2491742302389706,0.2926025390625,0.0,0.0003,,,,,,,,,739.0
4464640,545,899.154,4965.4,746.49,58415,2.7666810005903244,-0.0017805865209084004,-0.782723855227232,0.010061802342534065,0.7293492555618286,0.24923241291571102,0.2808837890625,0.0,0.0003,,,,,,,,,739.0
4472832,546,900.546,4966.8,697.38,58496,2.5652716904878616,-0.004367689820355736,-0.7898804880678654,0.013709519058465958,0.7703825235366821,0.2492948539091117,0.2833251953125,0.0,0.0003,,,,,,,,,739.0
4481024,547,901.933,4968.2,713.04,58583,2.383638769388199,-0.005204344750382006,-0.7846075370907784,0.013154699467122555,0.7746897339820862,0.2493927727233775,0.3028564453125,0.0,0.0003,,,,,,,,,739.0
4489216,548,903.353,4969.5,576.51,58669,2.7179460674524307,-0.0020305461366660893,-0.780878160148859,0.012188641354441643,0.746738076210022,0.24948342873232207,0.299072265625,0.0,0.0003,,,,,,,,,739.0
4497408,549,904.746,4970.9,619.08,58755,2.4494566544890404,-0.001920615672133863,-0.8115759864449501,0.01330212689936161,0.762310802936554,0.24951772220799182,0.268310546875,0.0,0.0003,,,,,,,,,739.0
4505600,550,906.226,4971.8,672.63,58847,2.408589817583561,-0.004330211406340823,-0.8090817518532276,0.012876792810857296,0.7411348819732666,0.24954700816761363,0.265625,0.0,0.0003,,,,,,,,,739.0
4513792,551,907.599,4973.3,667.89,58933,2.528607301414013,-0.0054153115197550505,-0.8053724654018879,0.013241482898592949,0.7271105051040649,0.2495620090602314,0.2578125,0.0,0.0003,,,,,,,,,739.0
4521984,552,908.957,4974.9,746.61,59011,2.54734855145216,-0.00641236366936937,-0.7838058806955814,0.01029382273554802,0.7158870697021484,0.2496253856714221,0.2845458984375,0.0,0.0003,,,,,,,,,739.0
4530176,553,910.254,4976.8,728.28,59086,2.2884129360318184,-0.004173865920165554,-0.7875858284533024,0.01789172738790512,0.7284104824066162,0.24967970339342224,0.2796630859375,0.0,0.0003,,,,,,,,,739.0
4538368,554,911.688,4978.0,727.56,59177,2.9333436340093613,-0.002479830989614129,-0.8458732068538666,0.015895482152700424,0.699409008026123,0.2496774170803249,0.2484130859375,0.0,0.0003,,,,,,,,,739.0
4546560,555,913.16,4978.9,764.85,59277,2.6672322899103165,-0.005268186054308899,-0.8285798691213131,0.013716565445065498,0.7330058813095093,0.249634228955518,0.2257080078125,0.0,0.0003,,,,,,,,,739.0
4554752,556,914.529,4980.4,644.64,59358,2.467776343226433,-0.0002773980813799426,-0.8070144131779671,0.018786726519465446,0.737706184387207,0.24963291085881295,0.2489013671875,0.0,0.0003,,,,,,,,,739.0
4562944,557,915.939,4981.7,608.55,59446,2.8084057718515396,0.00010513287270441651,-0.7800276875495911,0.01757308654487133,0.7114617824554443,0.24964759593806105,0.2578125,0.0,0.0003,,,,,,,,,739.0
4571136,558,917.324,4983.1,668.52,59531,2.3036354333162308,-0.002351311981328763,-0.7619684040546417,0.01214400865137577,0.7865275144577026,0.24978583004312277,0.3267822265625,0.0,0.0003,,,,,,,,,739.0
4579328,559,918.734,4984.4,648.51,59605,2.239891991019249,-0.002179375398554839,-0.7649949453771114,0.016984883695840836,0.7661548852920532,0.24990631813226744,0.317138671875,0.0,0.0003,713.07,541.5,2700,100,0.0,0.0,0.0,0,739.0
4587520,560,920.44,4984.1,715.38,59691,2.5494648292660713,-0.00134016721858643,-0.800124041736126,0.01528576947748661,0.7242592573165894,0.24994615827287947,0.272216796875,0.0,0.0003,,,,,,,,,739.0
4595712,561,921.863,4985.2,716.25,59778,2.1676400676369667,-0.0029734364070463926,-0.812973115593195,0.012246743775904179,0.7693530321121216,0.2499636617786319,0.259765625,0.0,0.0003,,,,,,,,,739.0
4603904,562,923.269,4986.5,682.17,59866,2.290380246937275,0.0010707959590945393,-0.762576948851347,0.027706701308488846,0.7614634037017822,0.25004474463411924,0.2955322265625,0.0,0.0003,,,,,,,,,739.0
4612096,563,924.629,4988.0,646.47,59942,2.3973479568958282,0.002593538083601743,-0.8077635802328587,0.01652994006872177,0.7402129173278809,0.2501107956122336,0.2872314453125,0.0,0.0003,,,,,,,,,739.0
4620288,564,926.01,4989.5,687.63,60026,2.738108843564987,-0.002605860907351598,-0.7841538041830063,0.010344238951802254,0.7168583869934082,0.25015908099235373,0.27734375,0.0,0.0003,,,,,,,,,739.0
4628480,565,927.395,4990.8,717.63,60103,2.7694143503904343,-0.0026827400142792612,-0.7705764621496201,0.014906773343682289,0.6631254553794861,0.250244140625,0.2982177734375,0.0,0.0003,,,,,,,,,739.0
4636672,566,928.87,4991.7,763.02,60186,2.6407366693019867,-0.005261246507870965,-0.8257158994674683,0.01401262916624546,0.7283740043640137,0.2502710996162765,0.2655029296875,0.0,0.0003,,,,,,,,,739.0
4644864,567,930.417,4992.2,724.2,60286,2.9540510326623917,-0.003372257429873571,-0.8221816420555115,0.01637650839984417,0.7192566394805908,0.2502574887014991,0.2425537109375,0.0,0.0003,,,,,,,,,739.0
4653056,568,931.828,4993.5,738.63,60358,2.8097672313451767,-0.0038866388640599325,-0.8302214257419109,0.013456368818879128,0.6861746311187744,0.2502808906662632,0.2635498046875,0.0,0.0003,,,,,,,,,739.0
4661248,569,933.289,4994.4,816.57,60444,2.7856311053037643,-0.0037228727160254493,-0.8263587839901447,0.012392276898026466,0.7331930994987488,0.2502344865581063,0.223876953125,0.0,0.0003,,,,,,,,,739.0
4669440,570,934.713,4995.6,751.83,60531,3.4046205282211304,-0.003216435667127371,-0.825352143496275,0.01517651230096817,0.6782799363136292,0.2501942417077851,0.227294921875,0.0,0.0003,,,,,,,,,739.0
4677632,571,936.2,4996.4,683.94,60629,3.2653128057718277,-0.0010311580554116517,-0.8280336856842041,0.013949643820524216,0.7332124710083008,0.2502041631321147,0.255859375,0.0,0.0003,,,,,,,,,739.0
4685824,572,937.616,4997.6,686.73,60716,3.1577914506196976,-0.004623244880349375,-0.829239796847105,0.016287468373775482,0.7049094438552856,0.250166032697771,0.2283935546875,0.0,0.0003,,,,,,,,,739.0
4694016,573,939.102,4998.4,719.34,60813,2.949823170900345,-0.001504066021880135,-0.7931414060294628,0.01651032455265522,0.7328447103500366,0.25016702116055844,0.250732421875,0.0,0.0003,,,,,,,,,739.0
4702208,574,940.625,4999.0,634.65,60895,2.7632407769560814,-0.0026954482309520245,-0.7765625864267349,0.019429683685302734,0.7287783622741699,0.25020968872495647,0.274658203125,0.0,0.0003,,,,,,,,,739.0
4710400,575,942.037,5000.2,655.08,60971,2.2262935787439346,-0.0056525196705479175,-0.7668898291885853,0.014142312109470367,0.7693252563476562,0.25027683423913044,0.288818359375,0.0,0.0003,,,,,,,,,739.0
4718592,576,943.507,5001.1,776.79,61054,2.521265596151352,-0.0045282987848622724,-0.7813533246517181,0.014930248260498047,0.7554756999015808,0.2503530714246962,0.294189453125,0.0,0.0003,,,,,,,,,739.0
4726784,577,944.919,5002.3,776.82,61135,2.6970307752490044,-0.00441561549087055,-0.7803185768425465,0.01244053803384304,0.7242716550827026,0.2504193125812392,0.28857421875,0.0,0.0003,,,,,,,,,739.0
4734976,578,946.386,5003.2,704.55,61231,3.125938192009926,0.0002535355160944164,-0.7960175238549709,0.018606865778565407,0.7114288210868835,0.2504422408899221,0.263671875,0.0,0.0003,,,,,,,,,739.0
4743168,579,947.783,5004.5,591.12,61313,2.7531946152448654,-0.0033342081733280793,-0.7949518822133541,0.013029555790126324,0.7451335191726685,0.2504935519888817,0.2801513671875,0.0,0.0003,,,,,,,,,739.0
4751360,580,949.133,5006.0,729.0,61394,2.901500165462494,-0.003633332860772498,-0.7780122831463814,0.011172640137374401,0.7183722853660583,0.25052974306303877,0.271484375,0.0,0.0003,,,,,,,,,739.0
4759552,581,950.58,5007.0,668.31,61479,2.9809438586235046,-0.0037849581276532263,-0.7836406230926514,0.013823243789374828,0.6916069984436035,0.25059984637209554,0.291259765625,0.0,0.0003,,,,,,,,,739.0
4767744,582,952.063,5007.8,676.62,61552,2.6861905306577682,-0.0031456451542908326,-0.7474143467843533,0.015284148044884205,0.6912151575088501,0.25068543948668387,0.3004150390625,0.0,0.0003,,,,,,,,,739.0
4775936,583,953.479,5009.0,703.83,61644,3.4613552689552307,0.0046292338374769315,-0.7625500932335854,0.027915291488170624,0.6777982711791992,0.25079523678709265,0.314697265625,0.0,0.0003,,,,,,,,,739.0
4784128,584,954.936,5009.9,672.33,61718,2.9025744646787643,0.0018049991631414741,-0.7307608760893345,0.013019997626543045,0.6916385889053345,0.2508789480549015,0.2996826171875,0.0,0.0003,,,,,,,,,739.0
4792320,585,956.331,5011.2,770.52,61798,2.885333314538002,-0.004128189742914401,-0.7637113220989704,0.01500788889825344,0.7341251969337463,0.250979483840812,0.3096923828125,0.0,0.0003,,,,,,,,,739.0
4800512,586,957.631,5012.9,801.48,61864,2.5473388135433197,-0.004415765448356979,-0.7522888444364071,0.011811111122369766,0.7436854839324951,0.25113592050181316,0.3426513671875,0.0,0.0003,,,,,,,,,739.0
4808704,587,959.066,5013.9,657.87,61953,2.7312640473246574,-0.006847541328170337,-0.7953796423971653,0.009746590629220009,0.755656361579895,0.2512290213745741,0.3057861328125,0.0,0.0003,,,,,,,,,739.0
4816896,588,960.451,5015.2,632.46,62036,2.6298656910657883,-0.0022385935590136796,-0.7763728387653828,0.013399950228631496,0.7758873105049133,0.25135024713010207,0.322509765625,0.0,0.0003,,,,,,,,,739.0
4825088,589,961.904,5016.2,655.02,62127,2.754372850060463,-0.0024734597973292693,-0.7999543286859989,0.012554245069622993,0.7364115715026855,0.2513999744667869,0.2806396484375,0.0,0.0003,,,,,,,,,739.0
4833280,590,963.429,5016.7,630.3,62204,2.410647325217724,-0.0036971609806641936,-0.7785171456634998,0.013539550825953484,0.7510144114494324,0.25149815446239404,0.309326171875,0.0,0.0003,,,,,,,,,739.0
4841472,591,964.82,5018.0,660.33,62282,2.8778765201568604,-0.0040246581338578835,-0.8021512851119041,0.012534298934042454,0.7355916500091553,0.25158629441624364,0.3035888671875,0.0,0.0003,,,,,,,,,739.0
4849664,592,966.21,5019.3,665.97,62373,3.2707504481077194,-0.0022403460898203775,-0.7984823659062386,0.014169875532388687,0.6817594170570374,0.25159041945998734,0.2540283203125,0.0,0.0003,,,,,,,,,739.0
4857856,593,967.654,5020.2,731.46,62459,2.7999084144830704,-0.003513627772917971,-0.8132639303803444,0.012330755591392517,0.6668122410774231,0.25157991509011385,0.245361328125,0.0,0.0003,,,,,,,,,739.0
4866048,594,969.159,5020.9,773.19,62549,2.7322425842285156,-0.006041195942088962,-0.8023348264396191,0.015895191580057144,0.6847820281982422,0.2515595818208123,0.239501953125,0.0,0.0003,,,,,,,,,739.0
4874240,595,970.644,5021.7,749.73,62637,2.5569439828395844,-0.0031852357496973127,-0.8051014803349972,0.013280822895467281,0.712004542350769,0.2515565503545168,0.249755859375,0.0,0.0003,,,,,,,,,739.0
4882432,596,972.059,5022.8,728.04,62718,2.4498152658343315,-0.0034131559659726918,-0.7962554134428501,0.01944868452847004,0.7190256118774414,0.251585480350776,0.268798828125,0.0,0.0003,,,,,,,,,739.0
4890624,597,973.462,5024.0,629.55,62808,2.90810564160347,-0.003030083025805652,-0.7983024381101131,0.016323020681738853,0.727688193321228,0.2516503006569305,0.290283203125,0.0,0.0003,,,,,,,,,739.0
4898816,598,974.827,5025.3,689.55,62886,2.5165653452277184,-0.003992116267909296,-0.7431044615805149,0.017133662477135658,0.7423082590103149,0.2517316429112667,0.30029296875,0.0,0.0003,,,,,,,,,739.0
4907008,599,976.146,5026.9,750.84,62959,2.864319920539856,0.0014021637762198225,-0.7482269816100597,0.014016889035701752,0.718437671661377,0.2517815336759182,0.2816162109375,0.0,0.0003,,,,,,,,,739.0
4915200,600,977.54,5028.1,786.54,63040,2.886731781065464,-0.004978904646122828,-0.7866058610379696,0.010257742367684841,0.7208977937698364,0.25181783040364586,0.2735595703125,0.0,0.0003,,,,,,,,,739.0
4923392,601,979.017,5028.9,790.41,63125,3.1123462319374084,-0.003148241201415658,-0.7897624373435974,0.008798236027359962,0.7187873125076294,0.2518468974235649,0.269287109375,0.0,0.0003,,,,,,,,,739.0
4931584,602,980.499,5029.7,814.08,63203,2.9089230597019196,-0.005559177690884098,-0.7437516562640667,0.016833115369081497,0.7005227208137512,0.2519364974823505,0.3057861328125,0.0,0.0003,,,,,,,,,739.0
4939776,603,982.017,5030.2,703.05,63286,2.8942728489637375,-0.003473629869404249,-0.7584588453173637,0.007817011326551437,0.7290568947792053,0.25202944425010365,0.3079833984375,0.0,0.0003,,,,,,,,,739.0
4947968,604,983.524,5030.9,642.12,63364,2.9328369051218033,-0.004570823497488163,-0.7583084143698215,0.010192986577749252,0.6884174346923828,0.25209843717663494,0.293701171875,0.0,0.0003,,,,,,,,,739.0
4956160,605,984.956,5031.9,715.53,63445,2.9106874465942383,-0.002850827295333147,-0.7580240033566952,0.009611053392291069,0.7088544368743896,0.2522130036157025,0.3214111328125,0.0,0.0003,,,,,,,,,739.0
4964352,606,986.414,5032.7,729.21,63522,2.811497338116169,-0.003053419233765453,-0.7500988952815533,0.008522417396306992,0.7091652154922485,0.2523300120539398,0.3231201171875,0.0,0.0003,,,,,,,,,739.0
4972544,607,987.766,5034.1,726.84,63595,2.2149950563907623,-0.0016042878705775365,-0.734697911888361,0.015496301464736462,0.754631519317627,0.2524854480925659,0.3466796875,0.0,0.0003,,,,,,,,,739.0
4980736,608,989.143,5035.4,733.44,63667,2.5148534178733826,0.00033578886359464377,-0.7568498961627483,0.017307983711361885,0.7148683071136475,0.25261246530633225,0.3297119140625,0.0,0.0003,,,,,,,,,739.0
4988928,609,990.501,5036.8,696.87,63739,2.2107512280344963,-0.0013372660614550114,-0.7911551631987095,0.014018317684531212,0.7596637606620789,0.25272262898963466,0.3197021484375,0.0,0.0003,,,,,,,,,739.0
4997120,610,991.974,5037.6,802.86,63826,2.1629781275987625,-0.003451528667937964,-0.7866603583097458,0.01181863248348236,0.7690842747688293,0.25275398629610657,0.2718505859375,0.0,0.0003,,,,,,,,,739.0
5005312,611,993.377,5038.7,742.53,63911,2.4787891507148743,0.000925506668863818,-0.7861588895320892,0.015977809205651283,0.727873682975769,0.2528477745243453,0.31005859375,0.0,0.0003,,,,,,,,,739.0
5013504,612,994.852,5039.4,603.42,63989,2.0739328488707542,-0.004492663065320812,-0.7776181139051914,0.00936597678810358,0.7463843822479248,0.25294145571640114,0.3101806640625,0.0,0.0003,,,,,,,,,739.0
5021696,613,996.321,5040.2,753.06,64063,2.3247803524136543,-0.002969803535961546,-0.7953631319105625,0.0096284793689847,0.7228900194168091,0.2530065539610522,0.2928466796875,0.0,0.0003,,,,,,,,,739.0
5029888,614,997.729,5041.3,734.64,64146,1.978389896452427,-0.0009308668959420174,-0.8147952631115913,0.022152692079544067,0.7684003114700317,0.25305811978318404,0.28466796875,0.0,0.0003,,,,,,,,,739.0
5038080,615,999.158,5042.3,689.64,64229,1.906761810183525,-0.004497089234064333,-0.7831081189215183,0.01596786081790924,0.7669801115989685,0.25318772230691056,0.332763671875,0.0,0.0003,,,,,,,,,739.0
5046272,616,1000.672,5042.9,733.11,64312,2.0892627984285355,-0.0013441364717436954,-0.7841012068092823,0.014269462786614895,0.7564365863800049,0.25328658463118914,0.3140869140625,0.0,0.0003,,,,,,,,,739.0
5054464,617,1002.104,5043.9,653.28,64392,2.2780730947852135,-0.00041872551082633436,-0.7544873394072056,0.014065471477806568,0.7680737972259521,0.25340590021019044,0.326904296875,0.0,0.0003,,,,,,,,,739.0
5062656,618,1003.548,5044.8,632.64,64467,2.4153895899653435,-0.001438064471585676,-0.7774085998535156,0.010253382846713066,0.7575864195823669,0.2534807816292476,0.2996826171875,0.0,0.0003,,,,,,,,,739.0
5070848,619,1004.998,5045.6,741.12,64552,2.27381631731987,-0.005623989898595028,-0.8168555200099945,0.016155535355210304,0.7860252261161804,0.2535282067220315,0.2828369140625,0.0,0.0003,,,,,,,,,739.0
5079040,620,1006.435,5046.6,680.31,64640,2.535755105316639,-0.005962197348708287,-0.8486379683017731,0.021128976717591286,0.747411847114563,0.25355775894657256,0.2718505859375,0.0,0.0003,,,,,,,,,739.0
5087232,621,1007.824,5047.7,680.28,64729,2.5602867007255554,-0.0056256159441545606,-0.8316067345440388,0.015227394178509712,0.7205080389976501,0.2535669692280596,0.25927734375,0.0,0.0003,859.32,667.5,3249,100,0.0,0.0,0.0,0,739.0
5095424,622,1009.696,5046.5,637.23,64821,2.9206318706274033,-0.004006912582553923,-0.8346612900495529,0.01671317219734192,0.6672641038894653,0.25355358062449757,0.2452392578125,0.0,0.0003,,,,,,,,,739.0
5103616,623,1011.142,5047.4,617.97,64912,2.6045575216412544,-0.0020398652995936573,-0.8084507174789906,0.016303667798638344,0.6813838481903076,0.2536037194020867,0.2847900390625,0.0,0.0003,,,,,,,,,739.0
5111808,624,1012.535,5048.5,619.41,64984,2.281547911465168,-0.0009937711802194826,-0.8083695955574512,0.01700943522155285,0.7182095646858215,0.2536977132161458,0.312255859375,0.0,0.0003,,,,,,,,,739.0
5120000,625,1013.953,5049.5,705.03,65071,2.842877797782421,-0.0017574003577465191,-0.809503186494112,0.015697747468948364,0.6838757991790771,0.2537705078125,0.2991943359375,0.0,0.0003,,,,,,,,,739.0
5128192,626,1015.418,5050.3,651.36,65158,2.5582278668880463,-0.004373124509584159,-0.8412921689450741,0.015577808022499084,0.7265955805778503,0.25382220478484424,0.2861328125,0.0,0.0003,,,,,,,,,739.0
5136384,627,1016.833,5051.4,686.58,65241,2.246131457388401,-0.004449775442481041,-0.8217643424868584,0.014086596667766571,0.7456202507019043,0.2538749049915271,0.286865234375,0.0,0.0003,,,,,,,,,739.0
5144576,628,1018.211,5052.6,600.24,65327,2.561879761517048,-0.004321784013882279,-0.812614344060421,0.014816236682236195,0.7243294715881348,0.2539136364201831,0.2781982421875,0.0,0.0003,,,,,,,,,739.0
5152768,629,1019.611,5053.7,650.61,65411,2.4114692136645317,-0.003105635303654708,-0.7836345434188843,0.014134444296360016,0.7474805116653442,0.25402599146711047,0.3245849609375,0.0,0.0003,,,,,,,,,739.0
5160960,630,1021.117,5054.2,595.11,65499,2.8611841201782227,-0.0018984466732945293,-0.7916881740093231,0.02075934037566185,0.7123405933380127,0.2541166759672619,0.3111572265625,0.0,0.0003,,,,,,,,,739.0
5169152,631,1022.083,5057.5,724.53,65569,2.9674517154693603,0.012245311168953776,-0.7625886499881744,0.04243607819080353,0.6785528659820557,0.25421248978555866,0.3145751953125,0.0,0.0003,,,,,,,,,739.0
5177344,632,1023.511,5058.4,750.18,65653,2.807005636394024,-0.0035243777238065377,-0.7739559970796108,0.01212079357355833,0.7036532163619995,0.25432403178154667,0.32470703125,0.0,0.0003,,,,,,,,,739.0
5185536,633,1024.942,5059.3,669.81,65721,2.9880937337875366,-0.002953027738840319,-0.7384905628859997,0.019610166549682617,0.706584095954895,0.2544695476031793,0.346435546875,0.0,0.0003,,,,,,,,,739.0
5193728,634,1026.325,5060.5,745.11,65801,3.1577212512493134,-0.0013741992006544024,-0.7304949313402176,0.013102981261909008,0.7330700159072876,0.2546970114722989,0.398681640625,0.0,0.0003,,,,,,,,,739.0
5201920,635,1027.687,5061.8,618.12,65870,3.472433254122734,-0.00326676107943058,-0.7520108371973038,0.019244564697146416,0.683459997177124,0.2548970380167323,0.3817138671875,0.0,0.0003,,,,,,,,,739.0
5210112,636,1029.048,5063.0,757.05,65943,3.151812568306923,-0.003960349175031297,-0.7482073716819286,0.015636436641216278,0.7069616317749023,0.25507474695361637,0.367919921875,0.0,0.0003,,,,,,,,,739.0
5218304,637,1030.408,5064.3,705.72,66018,3.7239261269569397,0.002307594841113314,-0.7556789852678776,0.01410191785544157,0.6861741542816162,0.25522181153110285,0.3487548828125,0.0,0.0003,,,,,,,,,739.0
5226496,638,1031.776,5065.5,811.08,66092,2.5301854088902473,-8.015448111109436e-05,-0.7799862213432789,0.016674229875206947,0.7658194899559021,0.25535961378330724,0.3431396484375,0.0,0.0003,,,,,,,,,739.0
5234688,639,1033.16,5066.7,744.36,66157,2.675823725759983,-0.0005622799653792754,-0.7569798640906811,0.013278083875775337,0.749009907245636,0.2554580139255673,0.3182373046875,0.0,0.0003,,,,,,,,,739.0
5242880,640,1034.627,5067.4,731.01,66237,2.7089054882526398,-0.0032425303797936067,-0.7517458945512772,0.01148663554340601,0.7699992656707764,0.25562191009521484,0.3603515625,0.0,0.0003,,,,,,,,,739.0
5251072,641,1036.024,5068.5,706.53,66311,3.100680485367775,-0.0013003403000766411,-0.7567386962473392,0.011052288115024567,0.7377320528030396,0.25573806643672,0.330078125,0.0,0.0003,,,,,,,,,739.0
5259264,642,1037.5,5069.2,636.9,66391,2.579186722636223,-0.004989071690943092,-0.7521323263645172,0.008977983146905899,0.7809206247329712,0.2559019665109034,0.3609619140625,0.0,0.0003,,,,,,,,,739.0
5267456,643,1038.866,5070.4,600.33,66459,2.4399864077568054,-0.0022962033399380744,-0.7385331839323044,0.00845024548470974,0.775983452796936,0.2561405353931765,0.4093017578125,0.0,0.0003,,,,,,,,,739.0
5275648,644,1040.288,5071.3,732.03,66533,2.5952807515859604,-0.002016570681007579,-0.7309075742959976,0.009987477213144302,0.7386395931243896,0.2563599770113548,0.3974609375,0.0,0.0003,,,,,,,,,739.0
5283840,645,1041.636,5072.6,722.52,66594,2.460686482489109,-0.003711715471581556,-0.7114792205393314,0.011505174450576305,0.7672353386878967,0.256591796875,0.4058837890625,0.0,0.0003,,,,,,,,,739.0
5292032,646,1043.02,5073.8,719.46,66654,2.172464206814766,-0.0005580994911724702,-0.7069554217159748,0.012378944084048271,0.7893317937850952,0.25685596761319657,0.42724609375,0.0,0.0003,,,,,,,,,739.0
5300224,647,1044.446,5074.7,808.59,66730,2.5833985805511475,-0.0032481611997354776,-0.7400346659123898,0.011067088693380356,0.7509673833847046,0.25702140135964063,0.3638916015625,0.0,0.0003,,,,,,,,,739.0
5308416,648,1045.925,5075.3,732.93,66806,2.7375604808330536,-0.0016167190769920126,-0.7438532151281834,0.009363176301121712,0.7050455808639526,0.25711813090760033,0.3197021484375,0.0,0.0003,,,,,,,,,739.0
5316608,649,1047.394,5076.0,635.7,66887,2.7628955394029617,-0.0024680240167072043,-0.7709640376269817,0.011637447401881218,0.7022887468338013,0.25721738371533126,0.321533203125,0.0,0.0003,,,,,,,,,739.0
5324800,650,1048.717,5077.4,739.26,66960,2.903755947947502,0.0006675657350569963,-0.7802460975944996,0.010975555516779423,0.6614946126937866,0.25726862980769233,0.29052734375,0.0,0.0003,,,,,,,,,739.0
5332992,651,1050.087,5078.6,797.13,67037,2.754587799310684,0.0021627751120831817,-0.7768818214535713,0.016659002751111984,0.7275174856185913,0.2573656589021697,0.3204345703125,0.0,0.0003,,,,,,,,,739.0
5341184,652,1051.588,5079.2,719.49,67115,3.066643714904785,-0.0020027526770718396,-0.8032631278038025,0.007956374436616898,0.6757756471633911,0.25746370093222776,0.3212890625,0.0,0.0003,,,,,,,,,739.0
5349376,653,1053.035,5080.0,701.88,67198,2.479347087442875,-0.006109296926297247,-0.823796946555376,0.01054006814956665,0.7524139285087585,0.2575481701043262,0.3126220703125,0.0,0.0003,,,,,,,,,739.0
5357568,654,1054.404,5081.1,666.51,67271,2.451497793197632,-0.00574442560900934,-0.819116797298193,0.011772684752941132,0.7628648281097412,0.25766485838350534,0.3338623046875,0.0,0.0003,,,,,,,,,739.0
5365760,655,1055.991,5081.3,671.31,67364,3.3586536198854446,-0.001876492504379712,-0.8300633952021599,0.010778773576021194,0.6940523386001587,0.25771745288645037,0.2921142578125,0.0,0.0003,,,,,,,,,739.0
5373952,656,1057.339,5082.5,769.95,67439,2.7486913055181503,-0.004003605543402955,-0.8429283238947392,0.01745990291237831,0.7282732725143433,0.2577477431878811,0.277587890625,0.0,0.0003,,,,,,,,,739.0
5382144,657,1058.733,5083.6,666.6,67525,3.338288828730583,-0.004813580017071217,-0.8384602069854736,0.011076454073190689,0.7141490578651428,0.2577877886582002,0.2840576171875,0.0,0.0003,,,,,,,,,739.0
5390336,658,1060.114,5084.7,710.52,67606,2.6626293063163757,-0.006510543229524046,-0.8514307774603367,0.011198421940207481,0.7465628385543823,0.2577798489741641,0.2525634765625,0.0,0.0003,,,,,,,,,739.0
5398528,659,1061.617,5085.2,738.63,67695,2.7262067645788193,-0.003487708934699185,-0.8080506213009357,0.01661694049835205,0.7542343139648438,0.2577715629149279,0.2523193359375,0.0,0.0003,,,,,,,,,739.0
5406720,660,1063.074,5085.9,711.81,67775,3.074559599161148,-0.0030430557671934366,-0.8042204491794109,0.010915504768490791,0.7395732402801514,0.25781841856060606,0.2886962890625,0.0,0.0003,,,,,,,,,739.0
5414912,661,1064.557,5086.5,714.99,67860,3.564173623919487,-0.003278937059803866,-0.8310797587037086,0.010232742875814438,0.6767241954803467,0.25783447634975415,0.2684326171875,0.0,0.0003,,,,,,,,,739.0
5423104,662,1065.971,5087.5,727.65,67944,2.676431819796562,-0.004036194906802848,-0.8407977446913719,0.014637328684329987,0.7517800331115723,0.257835180737821,0.25830078125,0.0,0.0003,,,,,,,,,739.0
5431296,663,1067.454,5088.1,695.85,68046,3.1956294178962708,-0.002720924952882342,-0.8268718421459198,0.012726371176540852,0.7553662061691284,0.25783146416619535,0.25537109375,0.0,0.0003,,,,,,,,,739.0
5439488,664,1068.819,5089.2,615.96,68126,3.0351539254188538,-0.0037078537134220824,-0.8006531558930874,0.01030003558844328,0.7293074131011963,0.25782297892742845,0.252197265625,0.0,0.0003,,,,,,,,,739.0
5447680,665,1070.351,5089.6,744.3,68217,2.5309939235448837,-0.004430610817507841,-0.8138393573462963,0.011786261573433876,0.7601529955863953,0.2577919407894737,0.2371826171875,0.0,0.0003,,,,,,,,,739.0
5455872,666,1071.803,5090.4,663.03,68309,2.6480695009231567,-0.005162236659089103,-0.8034333065152168,0.010748490691184998,0.732160210609436,0.2577848233976164,0.2530517578125,0.0,0.0003,,,,,,,,,739.0
5464064,667,1073.287,5091.0,686.1,68399,2.449291408061981,-0.002787586461636238,-0.8198679909110069,0.013988777995109558,0.7522108554840088,0.2577317908428598,0.222412109375,0.0,0.0003,,,,,,,,,739.0
5472256,668,1074.703,5091.9,635.94,68486,2.780518516898155,-0.0038969316810835153,-0.8386844508349895,0.018846802413463593,0.7082743644714355,0.2577090691663548,0.2425537109375,0.0,0.0003,,,,,,,,,739.0
5480448,669,1076.132,5092.7,677.43,68575,3.1365284621715546,-0.0053829283569939435,-0.8339274004101753,0.011510088108479977,0.6674357652664185,0.2576714531366779,0.2325439453125,0.0,0.0003,,,,,,,,,739.0
5488640,670,1077.591,5093.4,734.49,68672,2.9158253967761993,-0.0035969500604551286,-0.8493617326021194,0.015744943171739578,0.6993035078048706,0.25759714610541046,0.2078857421875,0.0,0.0003,,,,,,,,,739.0
5496832,671,1079.034,5094.2,617.22,68759,2.8836124539375305,-0.00395487857167609,-0.8280425295233727,0.012406128458678722,0.7086403965950012,0.25756672206827497,0.2371826171875,0.0,0.0003,,,,,,,,,739.0
5505024,672,1080.567,5094.6,696.72,68843,2.835487648844719,-0.0043483613699208945,-0.8283504210412502,0.01165754348039627,0.7145681381225586,0.2575679960704985,0.2584228515625,0.0,0.0003,,,,,,,,,739.0
5513216,673,1082.014,5095.3,773.4,68924,2.795480787754059,-0.005027276478358544,-0.8336765989661217,0.014252418652176857,0.725089430809021,0.2575465934946137,0.2431640625,0.0,0.0003,,,,,,,,,739.0
5521408,674,1083.647,5095.2,710.79,69019,2.9682780653238297,-0.004228552439599298,-0.8372058011591434,0.01540625561028719,0.7287262678146362,0.2574750860650037,0.2093505859375,0.0,0.0003,,,,,,,,,739.0
5529600,675,1085.164,5095.6,706.53,69110,2.8826863318681717,-0.0052087595977354795,-0.8313332833349705,0.019833583384752274,0.7364013195037842,0.25742585358796294,0.2242431640625,0.0,0.0003,,,,,,,,,739.0
5537792,676,1086.574,5096.6,587.19,69201,3.3710805773735046,-0.0013958536583231762,-0.8465073704719543,0.02453542686998844,0.6941343545913696,0.2573327058871117,0.1944580078125,0.0,0.0003,,,,,,,,,739.0
5545984,677,1088.103,5096.9,674.22,69298,2.7840579003095627,-0.003890694846631959,-0.8147478625178337,0.019527163356542587,0.7697417736053467,0.2572937462495384,0.23095703125,0.0,0.0003,,,,,,,,,739.0
5554176,678,1089.553,5097.7,614.46,69385,3.322674259543419,-0.0001679060806054622,-0.7869832664728165,0.014086615294218063,0.7124297618865967,0.25731089544155605,0.2689208984375,0.0,0.0003,,,,,,,,,739.0
5562368,679,1090.873,5099.0,755.04,69457,2.9900343269109726,-0.0049535472062416375,-0.7794299870729446,0.01169794425368309,0.7098228335380554,0.25738372578009944,0.3067626953125,0.0,0.0003,,,,,,,,,739.0
5570560,680,1092.256,5100.0,748.98,69532,3.0055484026670456,-0.0030290113063529134,-0.7894959449768066,0.011493725702166557,0.7116532325744629,0.2574335434857537,0.291259765625,0.0,0.0003,,,,,,,,,739.0
5578752,681,1093.73,5100.7,781.59,69617,2.506056308746338,-0.005719034670619294,-0.7701147273182869,0.009427814744412899,0.7406017184257507,0.25751512166161894,0.31298828125,0.0,0.0003,,,,,,,,,739.0
5586944,682,1095.132,5101.6,721.47,69699,2.538001999258995,-0.006188160419696942,-0.7545042261481285,0.014280684292316437,0.7393041849136353,0.2576068419515213,0.320068359375,0.0,0.0003,,,,,,,,,739.0
5595136,683,1096.591,5102.3,719.07,69761,2.6231440976262093,-0.0028059556061634794,-0.7275099121034145,0.01827790029346943,0.6752468347549438,0.25772939210056733,0.34130859375,0.0,0.0003,862.89,684.0,3291,100,0.0,0.0,0.0,0,739.0
5603328,684,1098.508,5100.9,805.98,69830,3.002152070403099,-0.0016983473469736055,-0.7616061605513096,0.009484998881816864,0.6737975478172302,0.2578260633680556,0.3238525390625,0.0,0.0003,,,,,,,,,739.0
5611520,685,1100.013,5101.3,820.05,69926,3.03941410779953,-0.001195114484289661,-0.790816180408001,0.017585884779691696,0.6989260911941528,0.25788449475364966,0.2978515625,0.0,0.0003,,,,,,,,,739.0
5619712,686,1101.324,5102.7,760.56,69993,2.5573335736989975,0.0013492470025084913,-0.7579404711723328,0.020866602659225464,0.721728503704071,0.25800503655703355,0.340576171875,0.0,0.0003,,,,,,,,,739.0
5627904,687,1102.785,5103.4,667.59,70071,2.828649252653122,-0.004406224426929839,-0.7561597265303135,0.015472534112632275,0.689346194267273,0.25812362826373725,0.3394775390625,0.0,0.0003,,,,,,,,,739.0
5636096,688,1104.143,5104.5,709.71,70145,2.5612258166074753,-0.008022929192520678,-0.7729611992835999,0.012794619426131248,0.7229973077774048,0.25821384163789973,0.3201904296875,0.0,0.0003,,,,,,,,,739.0
5644288,689,1105.538,5105.5,723.69,70228,2.7173791974782944,-0.003418574546230957,-0.771560538560152,0.013490437529981136,0.729556679725647,0.2583052105066219,0.3211669921875,0.0,0.0003,,,,,,,,,739.0
5652480,690,1106.952,5106.3,728.28,70301,2.704648494720459,-0.003150685370201245,-0.7234206050634384,0.010399935767054558,0.7379510402679443,0.2584345278532609,0.3475341796875,0.0,0.0003,,,,,,,,,739.0
5660672,691,1108.293,5107.6,673.2,70375,2.5149088501930237,7.555911724921316e-05,-0.7165838852524757,0.0134210716933012,0.747930109500885,0.25859067616000364,0.3663330078125,0.0,0.0003,,,,,,,,,739.0
5668864,692,1109.805,5108.0,645.96,70460,2.626165971159935,-0.0032236575498245656,-0.749859943985939,0.014232304878532887,0.74810391664505,0.258710739929552,0.3416748046875,0.0,0.0003,,,,,,,,,739.0
5677056,693,1111.158,5109.1,703.38,70524,2.1537501588463783,-0.00299947292660363,-0.732418853789568,0.012018023058772087,0.7785476446151733,0.2588649821315837,0.3656005859375,0.0,0.0003,,,,,,,,,739.0
5685248,694,1112.726,5109.3,694.59,70608,2.895857498049736,-0.006117721437476575,-0.7720291502773762,0.015716394409537315,0.7101366519927979,0.25891218817543227,0.2916259765625,0.0,0.0003,,,,,,,,,739.0
5693440,695,1114.163,5110.1,706.38,70691,2.6857015043497086,-0.00213884498225525,-0.757423859089613,0.010775133036077023,0.7535009384155273,0.2589738365557554,0.3017578125,0.0,0.0003,,,,,,,,,739.0
5701632,696,1115.557,5111.0,701.19,70763,2.6740729436278343,-0.005282284037093632,-0.7766491211950779,0.017721321433782578,0.7427756190299988,0.25905004040948276,0.31201171875,0.0,0.0003,,,,,,,,,739.0
5709824,697,1117.008,5111.7,753.45,70838,2.299515850841999,-0.004353305514086969,-0.7624276056885719,0.011986506171524525,0.7747573852539062,0.2591141163020086,0.3037109375,0.0,0.0003,,,,,,,,,739.0
5718016,698,1118.323,5113.0,733.98,70910,2.844276413321495,-0.003018075425643474,-0.7716719880700111,0.012040232308208942,0.7221662402153015,0.2591944478644341,0.315185546875,0.0,0.0003,,,,,,,,,739.0
5726208,699,1119.892,5113.2,786.03,70993,2.6956740617752075,-0.00350658263778314,-0.8052802942693233,0.01240959670394659,0.7710332274436951,0.2592177929966917,0.2755126953125,0.0,0.0003,,,,,,,,,739.0
5734400,700,1121.42,5113.5,690.33,71077,2.687456503510475,-0.004558701053611003,-0.7845258302986622,0.010376039892435074,0.7828912138938904,0.2592698451450893,0.295654296875,0.0,0.0003,,,,,,,,,739.0
5742592,701,1122.804,5114.5,690.57,71157,2.9065336287021637,-0.0024445612216368318,-0.7992436811327934,0.012210529297590256,0.7473883032798767,0.25930485745809556,0.2838134765625,0.0,0.0003,,,,,,,,,739.0
5750784,702,1124.272,5115.1,775.47,71238,2.7946193665266037,-0.0015813015488674864,-0.7911446467041969,0.021564766764640808,0.7298610210418701,0.25930307937143876,0.258056640625,0.0,0.0003,,,,,,,,,739.0
5758976,703,1125.699,5115.9,745.2,71319,2.6787299662828445,0.0013701463321922347,-0.7767499834299088,0.01022019051015377,0.7693315744400024,0.2593448904805299,0.2886962890625,0.0,0.0003,,,,,,,,,739.0
5767168,704,1127.199,5116.4,647.73,71406,2.84483639895916,-0.0031489613684243523,-0.7731291577219963,0.014966724440455437,0.7426599264144897,0.25939577276056464,0.295166015625,0.0,0.0003,,,,,,,,,739.0
5775360,705,1128.62,5117.2,729.12,71472,2.3035958111286163,-0.002998307900270447,-0.7597635053098202,0.0180419459939003,0.7460508346557617,0.25954468639184397,0.3643798828125,0.0,0.0003,,,,,,,,,739.0
5783552,706,1130.024,5118.1,652.83,71549,2.551271326839924,-0.0024023410805966705,-0.7894849181175232,0.01115249004215002,0.7626041173934937,0.2596594618670326,0.340576171875,0.0,0.0003,,,,,,,,,739.0
5791744,707,1131.337,5119.4,702.84,71621,2.4012467488646507,-0.003951534745283425,-0.7752051763236523,0.020741499960422516,0.7418307065963745,0.25976683361695546,0.3355712890625,0.0,0.0003,,,,,,,,,739.0
5799936,708,1132.745,5120.2,748.86,71698,2.2905341908335686,-0.005742905719671398,-0.782708790153265,0.017398850992321968,0.7758731842041016,0.2598297636387712,0.3043212890625,0.0,0.0003,,,,,,,,,739.0
5808128,709,1134.315,5120.4,657.57,71792,3.107682466506958,-0.0012139907776145265,-0.7978365831077099,0.022652089595794678,0.7516586780548096,0.2598551547073343,0.27783203125,0.0,0.0003,,,,,,,,,739.0
5816320,710,1135.743,5121.2,689.04,71870,2.895369201898575,-0.004034721903735772,-0.7919316627085209,0.014952335506677628,0.7354161739349365,0.2598730812610035,0.2725830078125,0.0,0.0003,,,,,,,,,739.0
5824512,711,1137.149,5122.0,709.2,71956,2.7553094774484634,-0.005706947427825071,-0.7963032238185406,0.015504288487136364,0.7200919389724731,0.2598825446664029,0.2666015625,0.0,0.0003,,,,,,,,,739.0
5832704,712,1138.521,5123.1,673.98,72043,3.273867666721344,-0.0015202671493170783,-0.7904442101716995,0.017134536057710648,0.6938868761062622,0.25991015487842345,0.279541015625,0.0,0.0003,,,,,,,,,739.0
5840896,713,1139.98,5123.7,852.54,72119,2.9057813584804535,-0.0034809417848009616,-0.7764765098690987,0.015779299661517143,0.7193560600280762,0.2599390572953191,0.280517578125,0.0,0.0003,,,,,,,,,739.0
5849088,714,1141.368,5124.6,816.66,72197,2.9540580064058304,-0.0031397810962516814,-0.7642538920044899,0.01584383100271225,0.7231235504150391,0.2600036108193277,0.3060302734375,0.0,0.0003,,,,,,,,,739.0
5857280,715,1142.851,5125.1,736.02,72277,2.4770033210515976,-0.00022346156765706837,-0.7706620022654533,0.020358115434646606,0.7791191935539246,0.26007891034746505,0.3138427734375,0.0,0.0003,,,,,,,,,739.0
5865472,716,1144.397,5125.4,640.23,72365,2.764468677341938,-0.005885465274332091,-0.7665778435766697,0.017204932868480682,0.7741031646728516,0.26016951406468225,0.324951171875,0.0,0.0003,,,,,,,,,739.0
5873664,717,1145.93,5125.7,659.19,72443,2.3781626522541046,-0.002772210573311895,-0.7589814029633999,0.014788620173931122,0.7913812398910522,0.26024369116108786,0.3133544921875,0.0,0.0003,,,,,,,,,739.0
5881856,718,1147.322,5126.6,654.33,72526,2.4016306698322296,-0.002628043803269975,-0.7301268577575684,0.012296196073293686,0.8149173855781555,0.26040742921962046,0.3778076171875,0.0,0.0003,,,,,,,,,739.0
5890048,719,1148.658,5127.8,603.24,72599,2.2949540242552757,-7.3306437116116285e-06,-0.723902951925993,0.02456217259168625,0.7857946157455444,0.2605404913508345,0.3560791015625,0.0,0.0003,,,,,,,,,739.0
5898240,720,1150.123,5128.4,624.33,72679,2.0303037390112877,-0.0038479055947391316,-0.7395102120935917,0.017040064558386803,0.7903674840927124,0.2606489393446181,0.338623046875,0.0,0.0003,,,,,,,,,739.0
5906432,721,1151.442,5129.6,679.14,72753,2.424939900636673,0.001449256349587813,-0.7651083059608936,0.02292802184820175,0.716616153717041,0.2607057865052878,0.3016357421875,0.0,0.0003,,,,,,,,,739.0
5914624,722,1152.847,5130.5,698.76,72841,2.4133185371756554,-0.005380390080972575,-0.7827240787446499,0.014048384502530098,0.7631939053535461,0.2607273091239612,0.2762451171875,0.0,0.0003,,,,,,,,,739.0
5922816,723,1154.271,5131.2,644.55,72928,2.7527768909931183,0.0026209088973701,-0.7711066231131554,0.03137148916721344,0.7229709625244141,0.26074843452844054,0.2760009765625,0.0,0.0003,,,,,,,,,739.0
5931008,724,1155.632,5132.3,648.78,73005,2.095088556408882,0.0002530580968596041,-0.7701136283576488,0.021481653675436974,0.758865475654602,0.260832222785739,0.3214111328125,0.0,0.0003,,,,,,,,,739.0
5939200,725,1157.047,5133.1,661.2,73099,2.797018900513649,-0.0037063164345454425,-0.811337735503912,0.021373936906456947,0.6814919710159302,0.26082418507543104,0.2550048828125,0.0,0.0003,,,,,,,,,739.0
5947392,726,1158.474,5133.8,756.57,73184,2.720165491104126,-0.003102298593148589,-0.7714179083704948,0.019606998190283775,0.6895140409469604,0.2608856117101412,0.305419921875,0.0,0.0003,,,,,,,,,739.0
5955584,727,1159.895,5134.6,690.18,73257,2.2667954489588737,-0.0009801983105717227,-0.7782336547970772,0.02609541453421116,0.7277898788452148,0.2609582872141506,0.313720703125,0.0,0.0003,,,,,,,,,739.0
5963776,728,1161.366,5135.1,735.21,73349,2.5442930310964584,-0.0031998542544897646,-0.8399211056530476,0.014872035011649132,0.7590409517288208,0.26100376674107145,0.2940673828125,0.0,0.0003,,,,,,,,,739.0
5971968,729,1162.754,5136.1,585.63,73433,2.934526026248932,-0.002921798404713627,-0.8118830285966396,0.01903430186212063,0.7008342742919922,0.26103740006644377,0.2855224609375,0.0,0.0003,,,,,,,,,739.0
5980160,730,1164.191,5136.8,649.86,73531,3.0190353244543076,-0.0033506895269965753,-0.813534714281559,0.012049484997987747,0.6909881830215454,0.26103080854023974,0.2562255859375,0.0,0.0003,,,,,,,,,739.0
5988352,731,1165.568,5137.7,639.15,73611,2.859224945306778,-0.004691995563916862,-0.8011915348470211,0.013972311280667782,0.720604658126831,0.2610591361362859,0.28173828125,0.0,0.0003,,,,,,,,,739.0
5996544,732,1166.983,5138.5,690.81,73688,2.680963456630707,-0.0037800895515829325,-0.7910568229854107,0.015348676592111588,0.7335043549537659,0.26111623628543373,0.3028564453125,0.0,0.0003,,,,,,,,,739.0
6004736,733,1168.506,5138.8,697.08,73788,2.674446016550064,-0.003251521324273199,-0.8079705499112606,0.014341700822114944,0.7409265041351318,0.2611102303248636,0.2567138671875,0.0,0.0003,,,,,,,,,739.0
6012928,734,1169.93,5139.6,688.05,73867,2.8843892961740494,-0.003706869130837731,-0.7958406805992126,0.01667863503098488,0.7110841274261475,0.26114116117804836,0.2838134765625,0.0,0.0003,,,,,,,,,739.0
6021120,735,1171.325,5140.4,656.16,73951,2.76596936583519,-0.0018954864353872836,-0.7978780269622803,0.01922016032040119,0.7154086828231812,0.26120356345663265,0.3070068359375,0.0,0.0003,,,,,,,,,739.0
6029312,736,1172.808,5140.9,662.58,74036,2.9538931846618652,-0.002485584787791595,-0.7913241349160671,0.01884143240749836,0.6988828182220459,0.26126247903575067,0.3045654296875,0.0,0.0003,,,,,,,,,739.0
6037504,737,1174.432,5140.8,652.14,74118,3.020729959011078,0.0017932972841663286,-0.7823068387806416,0.01932407356798649,0.6932908892631531,0.26130516849347013,0.292724609375,0.0,0.0003,,,,,,,,,739.0
6045696,738,1175.968,5141.0,653.76,74201,2.9011518508195877,-0.0020944096031598747,-0.7925835512578487,0.01604488305747509,0.7101531028747559,0.2613606440019478,0.30224609375,0.0,0.0003,,,,,,,,,739.0
6053888,739,1177.432,5141.6,703.26,74285,2.4240625873208046,-0.0035595131485024467,-0.786072850227356,0.014240482822060585,0.7508949637413025,0.2614134916271989,0.3004150390625,0.0,0.0003,,,,,,,,,739.0
6062080,740,1178.801,5142.6,663.45,74358,2.593259409070015,-0.0019590033625718206,-0.7846382632851601,0.015003531239926815,0.7361107468605042,0.2615132099873311,0.335205078125,0.0,0.0003,,,,,,,,,739.0
6070272,741,1180.16,5143.6,717.24,74438,2.755323439836502,-0.004334620840381831,-0.7826764062047005,0.014714209362864494,0.7370398044586182,0.26161858974358976,0.339599609375,0.0,0.0003,,,,,,,,,739.0
6078464,742,1181.526,5144.6,707.76,74519,2.685583956539631,-0.002614462864585221,-0.775777343660593,0.01298014260828495,0.7561942338943481,0.2617082210242588,0.328125,0.0,0.0003,,,,,,,,,739.0
6086656,743,1182.923,5145.4,680.79,74595,2.80129337310791,-0.0047876443568384275,-0.7844468504190445,0.010311528109014034,0.7098768949508667,0.2618207764657638,0.3453369140625,0.0,0.0003,,,,,,,,,739.0
6094848,744,1184.309,5146.3,745.89,74668,2.6249557584524155,-0.001605414494406432,-0.7593956887722015,0.018573036417365074,0.7012849450111389,0.26192482568884407,0.3392333984375,0.0,0.0003,,,,,,,,,739.0
6103040,745,1185.758,5147.0,671.85,74744,2.4576850533485413,-0.001547640837088693,-0.766204509884119,0.01194882020354271,0.7142970561981201,0.2620269570574664,0.3380126953125,0.0,0.0003,763.92,543.0,3195,100,0.0,0.0,0.0,0,739.0
6111232,746,1187.511,5146.3,755.04,74816,2.4095988646149635,-0.0012018711131531745,-0.7808726318180561,0.014237010851502419,0.7238798141479492,0.2621425597980898,0.3482666015625,0.0,0.0003,,,,,,,,,739.0
6119424,747,1188.917,5147.1,646.8,74897,2.5244665890932083,0.0006863294256618246,-0.7710208185017109,0.023660561069846153,0.7224600315093994,0.26224232868975905,0.336669921875,0.0,0.0003,,,,,,,,,739.0
6127616,748,1190.276,5148.1,664.56,74966,2.512102425098419,-0.0016483199724461883,-0.7799761593341827,0.011610060930252075,0.7282878756523132,0.2623204521954378,0.3206787109375,0.0,0.0003,,,,,,,,,739.0
6135808,749,1191.685,5148.8,778.41,75055,2.8469065129756927,-0.00409908733854536,-0.804966863244772,0.014553362503647804,0.7162190079689026,0.262372942569259,0.3016357421875,0.0,0.0003,,,,,,,,,739.0
6144000,750,1193.108,5149.6,613.77,75127,2.7015796303749084,-0.003677544416859746,-0.786734513938427,0.021256159991025925,0.6975467205047607,0.26242268880208336,0.2996826171875,0.0,0.0003,,,,,,,,,739.0
6152192,751,1194.59,5150.0,740.16,75208,2.713665634393692,-0.0014965991431381553,-0.8036512285470963,0.01768731325864792,0.7217786312103271,0.2624996098951398,0.3201904296875,0.0,0.0003,,,,,,,,,739.0
6160384,752,1196.021,5150.7,604.17,75296,3.62071093916893,0.0017205185431521386,-0.7989709824323654,0.01265963725745678,0.681806206703186,0.26254840607338764,0.2991943359375,0.0,0.0003,,,,,,,,,739.0
6168576,753,1197.497,5151.2,659.97,75383,2.9576810002326965,-0.002363582229008898,-0.7913993000984192,0.011486809700727463,0.7327263355255127,0.2625657850369356,0.275634765625,0.0,0.0003,,,,,,,,,739.0
6176768,754,1198.946,5151.8,672.15,75475,2.954790011048317,-0.002718260351684876,-0.8260459378361702,0.01633726805448532,0.7563774585723877,0.2626137164290451,0.2987060546875,0.0,0.0003,,,,,,,,,739.0
6184960,755,1200.376,5152.5,637.77,75561,2.8085692673921585,-0.00439028019172838,-0.790534071624279,0.022020090371370316,0.7138841152191162,0.2626188366618378,0.2664794921875,0.0,0.0003,,,,,,,,,739.0
6193152,756,1201.8,5153.2,593.25,75642,2.6407570987939835,-0.0035246987245045602,-0.7574955932796001,0.012892019003629684,0.7274261713027954,0.2627074226500496,0.32958984375,0.0,0.0003,,,,,,,,,739.0
6201344,757,1203.249,5153.8,672.54,75720,2.6483096703886986,-0.0008267126831924543,-0.7774761207401752,0.012525336816906929,0.7231299877166748,0.26276352352006277,0.30517578125,0.0,0.0003,,,,,,,,,739.0
6209536,758,1204.703,5154.4,615.0,75808,2.4996846318244934,-0.0035538736265152693,-0.7786175161600113,0.018610648810863495,0.7125457525253296,0.26280578774323876,0.2947998046875,0.0,0.0003,,,,,,,,,739.0
6217728,759,1206.121,5155.1,701.82,75900,2.6577906906604767,0.0005166424089111388,-0.7804602421820164,0.01756211183965206,0.7454719543457031,0.26284842308959155,0.295166015625,0.0,0.0003,,,,,,,,,739.0
6225920,760,1207.473,5156.2,628.17,75972,2.4164411053061485,-0.0022915932204341516,-0.7447399571537971,0.013421688228845596,0.7182661294937134,0.26296049419202305,0.3480224609375,0.0,0.0003,,,,,,,,,739.0
6234112,761,1208.896,5156.9,662.37,76044,2.4568942040205,-0.0023231984523590654,-0.7675171792507172,0.02294927090406418,0.7018244862556458,0.26308959479714195,0.3612060546875,0.0,0.0003,,,,,,,,,739.0
6242304,762,1210.222,5158.0,732.0,76116,2.4668145552277565,0.003302543715108186,-0.7328225672245026,0.023510601371526718,0.6739658117294312,0.2632005746596129,0.34765625,0.0,0.0003,,,,,,,,,739.0
6250496,763,1211.653,5158.7,749.73,76200,2.5700120627880096,0.0009174197330139577,-0.7756028771400452,0.012355664744973183,0.7001875042915344,0.26326230750327656,0.310302734375,0.0,0.0003,,,,,,,,,739.0
6258688,764,1213.001,5159.7,755.67,76276,2.563097931444645,-0.004121620673686266,-0.7733384408056736,0.019829658791422844,0.7014023065567017,0.26333346541639396,0.317626953125,0.0,0.0003,,,,,,,,,739.0
6266880,765,1214.385,5160.5,664.53,76356,2.9281090646982193,-0.0035533784684957936,-0.7863996848464012,0.012372229248285294,0.7114123702049255,0.26341449014501633,0.3253173828125,0.0,0.0003,,,,,,,,,739.0
6275072,766,1215.808,5161.2,645.75,76450,2.7556114196777344,-0.0035350048856344074,-0.7958108112215996,0.019013766199350357,0.7404961585998535,0.26345817227276436,0.296875,0.0,0.0003,,,,,,,,,739.0
6283264,767,1217.189,5162.1,604.68,76530,2.5350154116749763,-0.002483875272446312,-0.7822490148246288,0.014891019091010094,0.7484740018844604,0.2635109713677477,0.303955078125,0.0,0.0003,,,,,,,,,739.0
6291456,768,1218.65,5162.6,663.18,76622,2.836839973926544,-0.0010982001258525997,-0.8096643760800362,0.010343561880290508,0.7482300996780396,0.2635599772135417,0.3011474609375,0.0,0.0003,,,,,,,,,739.0
6299648,769,1220.012,5163.6,661.74,76701,2.492208331823349,0.0012176463642390445,-0.8046882264316082,0.01432813424617052,0.7721253633499146,0.26355869407306565,0.2625732421875,0.0,0.0003,,,,,,,,,739.0
6307840,770,1221.415,5164.4,714.45,76797,2.6020332723855972,-0.00031417302670888603,-0.8004036694765091,0.014236954972147942,0.7682279348373413,0.26359134030032466,0.2886962890625,0.0,0.0003,,,,,,,,,739.0
6316032,771,1222.769,5165.4,614.67,76880,2.487014017999172,-0.0033048614131985232,-0.786276813596487,0.012995296157896519,0.7748539447784424,0.2636661752188716,0.3212890625,0.0,0.0003,,,,,,,,,739.0
6324224,772,1224.199,5166.0,611.76,76956,2.562110722064972,-0.0033860782568808645,-0.776148647069931,0.018165724352002144,0.7416233420372009,0.26371741418393785,0.30322265625,0.0,0.0003,,,,,,,,,739.0
6332416,773,1225.735,5166.2,677.76,77047,2.7819754779338837,-0.0014571348438039422,-0.7888976261019707,0.01570868492126465,0.7339242696762085,0.26376788890685643,0.302734375,0.0,0.0003,,,,,,,,,739.0
6340608,774,1227.299,5166.3,690.27,77126,2.663048133254051,-0.003247119951993227,-0.7723290883004665,0.013502794317901134,0.7397023439407349,0.2637980458656331,0.287109375,0.0,0.0003,,,,,,,,,739.0
6348800,775,1228.784,5166.7,647.61,77212,2.5352383852005005,-0.000886821944732219,-0.7634376473724842,0.022146964445710182,0.7453596591949463,0.2638760080645161,0.32421875,0.0,0.0003,,,,,,,,,739.0
6356992,776,1230.169,5167.6,640.35,77291,2.4711115807294846,-0.0029118335514795035,-0.7543057724833488,0.012434447184205055,0.7677360773086548,0.26394291513973905,0.3157958984375,0.0,0.0003,,,,,,,,,739.0
6365184,777,1231.547,5168.4,750.42,77376,2.163900502026081,-0.004934105119900778,-0.7866165935993195,0.013873409479856491,0.7934091091156006,0.26394837918275416,0.2681884765625,0.0,0.0003,,,,,,,,,739.0
6373376,778,1232.775,5169.9,680.1,77462,2.8494453600474765,0.0029273872995483024,-0.791280563388552,0.03904804214835167,0.7614221572875977,0.26395649652554626,0.270263671875,0.0,0.0003,,,,,,,,,739.0
6381568,779,1234.199,5170.6,667.35,77534,2.5786962807178497,-0.0025160846998915076,-0.7209478244185448,0.013066376559436321,0.7544122338294983,0.26404529419728817,0.3331298828125,0.0,0.0003,,,,,,,,,739.0
6389760,780,1235.782,5170.6,721.8,77613,2.1994634494185448,-0.0028811007796321064,-0.7306421771645546,0.016783591359853745,0.7974401116371155,0.26416954627403844,0.3609619140625,0.0,0.0003,,,,,,,,,739.0
6397952,781,1236.905,5172.6,605.28,77689,2.280929657129141,0.0031932504274524176,-0.687105458516341,0.058656372129917145,0.7903900742530823,0.2643275535671415,0.3875732421875,0.0,0.0003,,,,,,,,,739.0
6406144,782,1238.321,5173.3,593.4,77765,2.7101878970861435,-0.0017696567228995264,-0.7306975461542606,0.010588767006993294,0.7418217062950134,0.26442209229140023,0.3382568359375,0.0,0.0003,,,,,,,,,739.0
6414336,783,1239.718,5174.0,614.37,77856,2.6765579730272293,-0.002591898592072539,-0.7429509051144123,0.01666484959423542,0.776361882686615,0.26451607773587166,0.3380126953125,0.0,0.0003,,,,,,,,,739.0
6422528,784,1241.145,5174.7,608.52,77928,2.442128576338291,-0.001249161985469982,-0.7544467486441135,0.018589429557323456,0.7749575972557068,0.2645841326032366,0.31787109375,0.0,0.0003,,,,,,,,,739.0
6430720,785,1242.566,5175.4,638.73,78012,2.530283249914646,-0.003648639263701625,-0.7637090869247913,0.010885235853493214,0.7507892847061157,0.2646559016719745,0.3209228515625,0.0,0.0003,,,,,,,,,739.0
6438912,786,1244.004,5176.0,694.5,78087,2.5946326851844788,-0.0017779222107492387,-0.762984424829483,0.015697456896305084,0.715990424156189,0.2646940973878817,0.294677734375,0.0,0.0003,,,,,,,,,739.0
6447104,787,1245.427,5176.6,752.1,78168,2.352040685713291,0.0012522955803433433,-0.7717021778225899,0.01481324341148138,0.7766969203948975,0.26473607374722047,0.2977294921875,0.0,0.0003,,,,,,,,,739.0
6455296,788,1246.891,5177.1,699.66,78246,2.3268345296382904,-0.0067275462206453085,-0.7042088620364666,0.018222808837890625,0.7657142281532288,0.26482844473746825,0.3375244140625,0.0,0.0003,,,,,,,,,739.0
6463488,789,1248.288,5177.9,675.24,78313,2.3294137865304947,-0.0018346338183619082,-0.7046646401286125,0.024767626076936722,0.7828346490859985,0.2649479661755387,0.359130859375,0.0,0.0003,,,,,,,,,739.0
6471680,790,1249.788,5178.2,712.62,78386,2.4214061573147774,-0.0018117070139851421,-0.717899139970541,0.014489037916064262,0.7651919722557068,0.26507460195806964,0.364990234375,0.0,0.0003,,,,,,,,,739.0
6479872,791,1251.081,5179.4,747.36,78450,2.059306226670742,-0.005686414777301252,-0.7288919538259506,0.016964176669716835,0.7824407815933228,0.2652219056178888,0.381591796875,0.0,0.0003,,,,,,,,,739.0
6488064,792,1252.46,5180.3,745.8,78538,2.5103374272584915,-0.00035340420436114073,-0.7718983329832554,0.017705008387565613,0.7286964654922485,0.2652353614267677,0.27587890625,0.0,0.0003,,,,,,,,,739.0
6496256,793,1253.871,5181.0,690.51,78608,2.6282822638750076,-0.004751476546516642,-0.7714285589754581,0.016008151695132256,0.6724348068237305,0.26530158294254413,0.3177490234375,0.0,0.0003,,,,,,,,,739.0
6504448,794,1255.265,5181.7,719.1,78693,2.7719227075576782,-0.0023009083088254556,-0.7598600387573242,0.014438952319324017,0.6652257442474365,0.26534934248071473,0.30322265625,0.0,0.0003,,,,,,,,,739.0
6512640,795,1256.741,5182.2,744.18,78779,2.9176147431135178,-0.0011120625276817009,-0.7433169297873974,0.026969416067004204,0.6636239290237427,0.2653764064956761,0.286865234375,0.0,0.0003,,,,,,,,,739.0
6520832,796,1258.276,5182.4,717.24,78846,2.759383775293827,-0.0008073631324805319,-0.8047178685665131,0.015444663353264332,0.6917975544929504,0.26539818845202573,0.28271484375,0.0,0.0003,,,,,,,,,739.0
6529024,797,1259.791,5182.6,783.06,78931,2.4771352037787437,-0.0025008812226587906,-0.7787446603178978,0.017724184319376945,0.7233109474182129,0.26545391776780114,0.309814453125,0.0,0.0003,,,,,,,,,739.0
6537216,798,1261.184,5183.4,825.75,79010,2.514601781964302,-0.0033298572234343737,-0.7617055103182793,0.015588372014462948,0.7282347679138184,0.265487479685542,0.292236328125,0.0,0.0003,,,,,,,,,739.0
6545408,799,1262.573,5184.2,769.17,79082,2.720371499657631,-0.001896476373076439,-0.7861744835972786,0.019172511994838715,0.6993629336357117,0.2654997213313517,0.2752685546875,0.0,0.0003,,,,,,,,,739.0
6553600,800,1264.027,5184.7,716.34,79171,3.1279364973306656,-0.0029184245940996334,-0.7781677544116974,0.015430028550326824,0.7059967517852783,0.2655142211914063,0.277099609375,0.0,0.0003,,,,,,,,,739.0
6561792,801,1265.505,5185.1,721.98,79251,3.1057901084423065,-0.0017392240624758415,-0.7790494970977306,0.022621139883995056,0.6912380456924438,0.26551755983731273,0.2681884765625,0.0,0.0003,,,,,,,,,739.0
6569984,802,1266.93,5185.7,762.12,79321,2.872180074453354,-0.0028260152612347156,-0.7657121084630489,0.017621535807847977,0.7269536256790161,0.26557644584826995,0.312744140625,0.0,0.0003,,,,,,,,,739.0
6578176,803,1268.38,5186.3,694.32,79411,3.4328362941741943,-0.0023824047530069947,-0.7776599787175655,0.031007476150989532,0.7125977277755737,0.2656011332016656,0.285400390625,0.0,0.0003,,,,,,,,,739.0
6586368,804,1269.76,5187.1,759.15,79489,3.392260357737541,-0.003041728792595677,-0.7649725563824177,0.01732671819627285,0.7203536033630371,0.26564959625699625,0.3045654296875,0.0,0.0003,,,,,,,,,739.0
6594560,805,1271.193,5187.7,706.32,79570,3.5207768976688385,-0.001762741303537041,-0.7599735222756863,0.013193460181355476,0.7196023464202881,0.26570597583462735,0.31103515625,0.0,0.0003,,,,,,,,,739.0
6602752,806,1272.581,5188.5,714.39,79653,3.741505205631256,-0.0021619797335006297,-0.8007904477417469,0.01610320433974266,0.7066627740859985,0.2657326823724411,0.2872314453125,0.0,0.0003,,,,,,,,,739.0
6610944,807,1274.027,5189.0,810.54,79736,3.310970678925514,0.0007889904227340594,-0.7928504645824432,0.019880875945091248,0.7188421487808228,0.26572997744346344,0.2635498046875,0.0,0.0003,872.28,633.0,3555,100,0.0,0.0,0.0,0,739.0
6619136,808,1275.944,5187.6,784.29,79818,3.2951121777296066,-0.0034544866502983496,-0.795486755669117,0.01586361788213253,0.695898711681366,0.2657358906056621,0.2705078125,0.0,0.0003,,,,,,,,,739.0
6627328,809,1277.359,5188.3,781.77,79904,2.8284587413072586,-0.002357850084081292,-0.7780137285590172,0.012922783382236958,0.7479193210601807,0.26578177509850126,0.3028564453125,0.0,0.0003,,,,,,,,,739.0
6635520,810,1278.788,5188.9,666.12,79979,2.877831310033798,-0.003944996060454287,-0.7743165381252766,0.017237205058336258,0.7243139743804932,0.2658246829185957,0.300537109375,0.0,0.0003,,,,,,,,,739.0
6643712,811,1280.16,5189.8,792.33,80057,2.4572663381695747,-0.005233457253780216,-0.8074781559407711,0.013058055192232132,0.7551695108413696,0.2658766665382244,0.3079833984375,0.0,0.0003,,,,,,,,,739.0
6651904,812,1281.524,5190.6,685.86,80134,2.962855190038681,0.004361325467471033,-0.7809587456285954,0.028643561527132988,0.704993724822998,0.2659025145281712,0.286865234375,0.0,0.0003,,,,,,,,,739.0
6660096,813,1282.873,5191.5,783.33,80210,2.6052002906799316,0.0002663486811798066,-0.8007409125566483,0.012437820434570312,0.7632244825363159,0.26594826861354554,0.3031005859375,0.0,0.0003,,,,,,,,,739.0
6668288,814,1284.263,5192.3,744.3,80295,3.1519399285316467,0.006126315478468314,-0.818795520812273,0.03157512843608856,0.7514268159866333,0.2659588188152641,0.2745361328125,0.0,0.0003,,,,,,,,,739.0
6676480,815,1285.679,5193.0,659.64,80387,3.749202251434326,-0.0006280057568801567,-0.7925752736628056,0.016877876594662666,0.7135827541351318,0.26595271759969324,0.260986328125,0.0,0.0003,,,,,,,,,739.0
6684672,816,1286.84,5194.6,676.02,80480,3.5651520032149095,0.005331813859251829,-0.8044265783750094,0.0531417615711689,0.7464653253555298,0.26592882941750917,0.2464599609375,0.0,0.0003,,,,,,,,,739.0
6692864,817,1288.321,5195.0,562.17,80564,3.288619175553322,0.002663446415681392,-0.7725314870476723,0.01664165034890175,0.7648428082466125,0.26594339881999696,0.27783203125,0.0,0.0003,,,,,,,,,739.0
6701056,818,1289.872,5195.1,672.36,80646,3.0884850025177,-0.0007161978574004024,-0.768463671207428,0.012104373425245285,0.7888940572738647,0.2659828540456907,0.2982177734375,0.0,0.0003,,,,,,,,,739.0
6709248,819,1291.362,5195.5,672.48,80717,2.970585197210312,-0.003470273717539385,-0.7406021542847157,0.012737923301756382,0.7451159954071045,0.2660494887057387,0.320556640625,0.0,0.0003,,,,,,,,,739.0
6717440,820,1292.76,5196.2,825.87,80807,2.7732179015874863,0.0013591436145361513,-0.752363633364439,0.017521347850561142,0.7643316984176636,0.26609199337842987,0.3009033203125,0.0,0.0003,,,,,,,,,739.0
6725632,821,1294.049,5197.4,753.3,80868,2.692699685692787,-0.002657123521203175,-0.7211792133748531,0.015524555929005146,0.7397744655609131,0.26618331184340743,0.341064453125,0.0,0.0003,,,,,,,,,739.0
6733824,822,1295.464,5198.0,762.03,80942,2.8043001294136047,-0.0015572629636153579,-0.7334646172821522,0.011243896558880806,0.7487860918045044,0.26625064747756993,0.321533203125,0.0,0.0003,,,,,,,,,739.0
6742016,823,1296.858,5198.7,716.25,81014,2.6316379755735397,-0.004934714874252677,-0.7657728344202042,0.011525118723511696,0.7941288948059082,0.2663253839801033,0.3277587890625,0.0,0.0003,,,,,,,,,739.0
6750208,824,1298.211,5199.6,715.35,81090,3.075816810131073,0.003456837614066899,-0.7416599169373512,0.013660486787557602,0.7665109634399414,0.26640897584192963,0.335205078125,0.0,0.0003,,,,,,,,,739.0
6758400,825,1299.588,5200.4,760.95,81166,2.6604690551757812,-0.0022557983465958387,-0.8007589504122734,0.020292825996875763,0.7581393718719482,0.26645167495265154,0.3016357421875,0.0,0.0003,,,,,,,,,739.0
6766592,826,1301.026,5201.0,770.91,81255,3.010241076350212,0.0026284844789188355,-0.7869543135166168,0.024099718779325485,0.7148472666740417,0.26646678268765134,0.2789306640625,0.0,0.0003,,,,,,,,,739.0
6774784,827,1302.489,5201.4,821.46,81334,2.928699478507042,-0.0011178724380442873,-0.7864556759595871,0.017208270728588104,0.6961207985877991,0.26648244431113965,0.2794189453125,0.0,0.0003,,,,,,,,,739.0
6782976,828,1303.892,5202.1,864.6,81417,3.0766114443540573,-0.004826273332582787,-0.776714600622654,0.016889242455363274,0.68453049659729,0.26647772305253625,0.2625732421875,0.0,0.0003,,,,,,,,,739.0
6791168,829,1305.436,5202.2,639.36,81499,2.9590826481580734,-0.0002666823420440778,-0.7673128545284271,0.01562630757689476,0.708175539970398,0.2664737494345597,0.26318359375,0.0,0.0003,,,,,,,,,739.0
6799360,830,1307.067,5202.0,685.35,81587,3.181330442428589,-0.003969717814470641,-0.7974648475646973,0.015051916241645813,0.7345645427703857,0.2664794921875,0.271240234375,0.0,0.0003,,,,,,,,,739.0
6807552,831,1308.592,5202.2,702.69,81668,2.920221731066704,-0.0016724425076972693,-0.8085885606706142,0.017848879098892212,0.760803759098053,0.2664974134608153,0.2813720703125,0.0,0.0003,,,,,,,,,739.0
6815744,832,1310.002,5202.8,741.84,81755,3.3461091369390488,0.00037052741390652955,-0.8076406978070736,0.014899048022925854,0.7121658325195312,0.26646746121920073,0.2415771484375,0.0,0.0003,,,,,,,,,739.0
6823936,833,1311.417,5203.5,645.75,81850,3.408264145255089,0.0010718643316067755,-0.8063776046037674,0.026772478595376015,0.7115194797515869,0.26643933940763803,0.2430419921875,0.0,0.0003,,,,,,,,,739.0
6832128,834,1312.796,5204.3,758.01,81933,2.689283773303032,-0.0034609268623171374,-0.7934895753860474,0.009453138336539268,0.7668290734291077,0.2664325082902428,0.2607421875,0.0,0.0003,,,,,,,,,739.0
6840320,835,1314.262,5204.7,713.91,82010,2.3906586170196533,-0.004573791957227513,-0.7767315693199635,0.014847924932837486,0.7850176095962524,0.2664578557728293,0.28759765625,0.0,0.0003,,,,,,,,,739.0
6848512,836,1315.679,5205.3,695.85,82095,2.904538080096245,-0.002938904595794156,-0.7807112149894238,0.01415945217013359,0.7454538345336914,0.26644123570200356,0.2525634765625,0.0,0.0003,,,,,,,,,739.0
6856704,837,1317.13,5205.8,741.93,82182,2.6916324198246,-0.003210764203686267,-0.7639836929738522,0.018226809799671173,0.753655195236206,0.26646942904345877,0.2900390625,0.0,0.0003,,,,,,,,,739.0
6864896,838,1318.554,5206.4,718.86,82259,2.3171651661396027,-0.0012722440005745739,-0.7650729492306709,0.018056828528642654,0.7959342002868652,0.26648662995040273,0.2808837890625,0.0,0.0003,,,,,,,,,739.0
6873088,839,1320.111,5206.4,729.18,82340,2.6967257261276245,-0.000965245024417527,-0.7962318323552608,0.02298489585518837,0.7540494203567505,0.26647672778233017,0.2581787109375,0.0,0.0003,,,,,,,,,739.0
6881280,840,1321.556,5207.0,769.11,82427,3.0753058940172195,0.003224929896532558,-0.7679608426988125,0.023020274937152863,0.7414984703063965,0.2664765857514881,0.266357421875,0.0,0.0003,,,,,,,,,739.0
6889472,841,1323.003,5207.4,636.72,82510,3.1112817525863647,-0.00019615858036559075,-0.7485984824597836,0.016263769939541817,0.7147051095962524,0.26649560372696196,0.282470703125,0.0,0.0003,,,,,,,,,739.0
6897664,842,1324.417,5208.1,735.87,82592,2.4695179983973503,-0.0025986244436353445,-0.7663782611489296,0.01745949685573578,0.7707199454307556,0.2665010937036075,0.2711181640625,0.0,0.0003,,,,,,,,,739.0
6905856,843,1325.79,5208.9,839.97,82668,2.5779644325375557,-0.004057620564708486,-0.7772906683385372,0.016817091032862663,0.7300794124603271,0.2664920901912811,0.2589111328125,0.0,0.0003,,,,,,,,,739.0
6914048,844,1327.246,5209.3,758.67,82755,2.5697446689009666,-0.0059824795462191105,-0.7894478924572468,0.015945496037602425,0.7814898490905762,0.26647009103784064,0.2479248046875,0.0,0.0003,,,,,,,,,739.0
6922240,845,1328.689,5209.8,685.56,82838,2.732912838459015,-0.004135666953516193,-0.7889741621911526,0.013938123360276222,0.7686294913291931,0.2664589785965237,0.257080078125,0.0,0.0003,,,,,,,,,739.0
6930432,846,1330.103,5210.4,746.01,82925,2.4892545342445374,-0.0052829838678007945,-0.7834440320730209,0.011033177375793457,0.7699033617973328,0.26644096645057624,0.251220703125,0.0,0.0003,,,,,,,,,739.0
6938624,847,1331.476,5211.2,673.71,83008,2.8719044774770737,-0.0032073420588858426,-0.7804371416568756,0.011549240909516811,0.721921443939209,0.2664240056818182,0.2520751953125,0.0,0.0003,,,,,,,,,739.0
6946816,848,1332.856,5212.0,767.67,83092,2.60384464263916,-0.0059204652934568,-0.7938573062419891,0.01334987673908472,0.749153196811676,0.266387939453125,0.23583984375,0.0,0.0003,,,,,,,,,739.0
6955008,849,1334.223,5212.8,797.94,83169,2.8006605952978134,-0.0021171273110667244,-0.7720616273581982,0.017351550981402397,0.7175142168998718,0.26638545922592755,0.2642822265625,0.0,0.0003,,,,,,,,,739.0
6963200,850,1335.608,5213.5,799.23,83251,2.659170001745224,-0.0029470678855432197,-0.7979901805520058,0.016603834927082062,0.7479714155197144,0.2663916015625,0.2716064453125,0.0,0.0003,,,,,,,,,739.0
6971392,851,1337.062,5214.0,735.18,83335,2.781809002161026,-0.002955162664875388,-0.7812593467533588,0.021161820739507675,0.7452424764633179,0.26640447130214456,0.27734375,0.0,0.0003,,,,,,,,,739.0
6979584,852,1338.624,5214.0,728.52,83417,2.6185131072998047,-0.0025832454266492277,-0.7717262618243694,0.012570874765515327,0.7482713460922241,0.26640527572990025,0.26708984375,0.0,0.0003,,,,,,,,,739.0
6987776,853,1339.996,5214.8,718.05,83494,2.6120661050081253,-0.0030646774830529466,-0.7708764895796776,0.012386800721287727,0.777089536190033,0.26641394915921746,0.2738037109375,0.0,0.0003,,,,,,,,,739.0
6995968,854,1341.348,5215.6,799.32,83569,2.9360122978687286,-0.0030635590228484944,-0.7912158779799938,0.014870618470013142,0.7426775097846985,0.26639773080723067,0.2525634765625,0.0,0.0003,,,,,,,,,739.0
7004160,855,1342.785,5216.1,831.84,83658,3.1619428247213364,-0.002870811033062637,-0.8221851401031017,0.017917199060320854,0.742811918258667,0.26637369791666665,0.245849609375,0.0,0.0003,,,,,,,,,739.0
7012352,856,1344.278,5216.4,754.98,83741,3.1190555840730667,-0.005001608718885109,-0.8174930438399315,0.012029498815536499,0.7629551887512207,0.26632718950788553,0.2265625,0.0,0.0003,,,,,,,,,739.0
7020544,857,1345.736,5216.9,740.49,83827,3.114724889397621,-0.004540510679362342,-0.8379480578005314,0.01272776909172535,0.7589309215545654,0.2662852052490519,0.2303466796875,0.0,0.0003,,,,,,,,,739.0
7028736,858,1347.236,5217.2,802.89,83919,3.3374633193016052,-0.0015304428961826488,-0.8356964066624641,0.015770012512803078,0.7427032589912415,0.26626963937754955,0.2529296875,0.0,0.0003,,,,,,,,,739.0
7036928,859,1348.722,5217.5,794.88,83995,2.94721020758152,-0.002515371670597233,-0.8307900987565517,0.014353042468428612,0.7683703899383545,0.2662580887569121,0.25634765625,0.0,0.0003,,,,,,,,,739.0
7045120,860,1350.322,5217.4,701.16,84089,2.8214516937732697,-0.002594368444988504,-0.8383986465632915,0.013097004033625126,0.7639341354370117,0.2662234284156977,0.2364501953125,0.0,0.0003,,,,,,,,,739.0
7053312,861,1351.689,5218.1,694.05,84174,2.6161960661411285,-0.004849302102229558,-0.8067522011697292,0.016000259667634964,0.7331520318984985,0.2661935272394019,0.240478515625,0.0,0.0003,,,,,,,,,739.0
7061504,862,1353.079,5218.8,733.44,84253,2.361421175301075,-0.004055487530422397,-0.8188631348311901,0.015009903348982334,0.7662593126296997,0.26618309640552495,0.2572021484375,0.0,0.0003,,,,,,,,,739.0
7069696,863,1354.573,5219.1,803.22,84339,2.439852885901928,-0.0030896354583092034,-0.8229284882545471,0.013841039501130581,0.7844582796096802,0.26616236398283605,0.248291015625,0.0,0.0003,,,,,,,,,739.0
7077888,864,1355.969,5219.8,717.99,84420,3.101286917924881,-0.0028842745232395828,-0.7957676574587822,0.012627888470888138,0.729012131690979,0.26616640444155093,0.2696533203125,0.0,0.0003,,,,,,,,,739.0
7086080,865,1357.52,5219.9,803.55,84493,2.792191505432129,-0.004985978303011507,-0.7857717610895634,0.01180599071085453,0.7368365526199341,0.26620769169978326,0.3018798828125,0.0,0.0003,,,,,,,,,739.0
7094272,866,1358.893,5220.6,820.53,84573,2.7880547493696213,-0.003316731075756252,-0.7784746326506138,0.011739840731024742,0.7442644834518433,0.2662301360872546,0.28564453125,0.0,0.0003,,,,,,,,,739.0
7102464,867,1360.283,5221.3,840.99,84654,2.756573438644409,-0.004513788866461255,-0.7583208419382572,0.013077338226139545,0.7522427439689636,0.2662788575908305,0.3084716796875,0.0,0.0003,,,,,,,,,739.0
7110656,868,1361.724,5221.8,671.67,84730,3.116853564977646,-0.0003362779680173844,-0.7423806414008141,0.013376465067267418,0.732081413269043,0.2663316858528946,0.3121337890625,0.0,0.0003,,,,,,,,,739.0
7118848,869,1363.064,5222.7,822.51,84799,2.6882587373256683,-0.005185515488847159,-0.7586514353752136,0.016282565891742706,0.7573263049125671,0.26634632457386365,0.279052734375,0.0,0.0003,810.78,640.5,3279,100,0.0,0.0,0.0,0,739.0
7127040,870,1364.756,5222.2,802.41,84872,2.799658849835396,-0.005423247086582705,-0.7735045850276947,0.014620310626924038,0.7568496465682983,0.2663983926005747,0.3116455078125,0.0,0.0003,,,,,,,,,739.0
7135232,871,1366.254,5222.5,876.87,84951,3.0793294459581375,-0.003599256568122655,-0.7675157897174358,0.01779271848499775,0.7100031971931458,0.2664089969324053,0.275634765625,0.0,0.0003,,,,,,,,,739.0
7143424,872,1367.647,5223.2,789.96,85028,2.974538207054138,-0.002244725910713896,-0.7762100361287594,0.01850905269384384,0.7373340129852295,0.26645317427608944,0.304931640625,0.0,0.0003,,,,,,,,,739.0
7151616,873,1369.026,5223.9,712.17,85106,2.8576656877994537,-0.0018718742649070919,-0.7798833586275578,0.017555639147758484,0.7613099217414856,0.2664804709872566,0.290283203125,0.0,0.0003,,,,,,,,,739.0
7159808,874,1370.431,5224.5,732.57,85192,3.176981195807457,-0.0013730741338804364,-0.7760120071470737,0.020369112491607666,0.7318119406700134,0.26651748203303777,0.298828125,0.0,0.0003,,,,,,,,,739.0
7168000,875,1371.858,5225.0,707.85,85278,2.7421730235219,0.00021826568990945816,-0.7744975537061691,0.03202832490205765,0.762732744216919,0.26651702008928574,0.26611328125,0.0,0.0003,,,,,,,,,739.0
7176192,876,1373.181,5226.0,688.74,85349,3.003099739551544,-0.0007494569581467658,-0.7964574955403805,0.026329347863793373,0.7273048162460327,0.2665296580693493,0.277587890625,0.0,0.0003,,,,,,,,,739.0
7184384,877,1374.582,5226.6,840.36,85438,3.235062599182129,-0.0016838594165164977,-0.8290905356407166,0.014756031334400177,0.6917006969451904,0.26650802629703535,0.24755859375,0.0,0.0003,,,,,,,,,739.0
7192576,878,1375.939,5227.4,745.02,85514,2.804835692048073,-0.0054302585194818676,-0.8024556636810303,0.017463751137256622,0.725486159324646,0.26647837992952733,0.240478515625,0.0,0.0003,,,,,,,,,739.0
7200768,879,1377.344,5228.0,760.23,85593,3.345284014940262,-0.000755723551264964,-0.7964729554951191,0.021511085331439972,0.6924625039100647,0.2664717152392634,0.2606201171875,0.0,0.0003,,,,,,,,,739.0
7208960,880,1378.791,5228.5,787.89,85682,3.52695332467556,-4.737605922855437e-05,-0.7913484834134579,0.02133842557668686,0.6969054937362671,0.2664491133256392,0.24658203125,0.0,0.0003,,,,,,,,,739.0
7217152,881,1380.291,5228.7,671.46,85772,3.6253639310598373,-0.0036173889238853008,-0.7818919792771339,0.014462806284427643,0.7264269590377808,0.26645455160151815,0.271240234375,0.0,0.0003,,,,,,,,,739.0
7225344,882,1381.809,5228.9,774.48,85848,3.0240670442581177,-0.001229837682330981,-0.7475995756685734,0.015787210315465927,0.7570598125457764,0.2664689736571712,0.2791748046875,0.0,0.0003,,,,,,,,,739.0
7233536,883,1383.206,5229.5,667.32,85930,3.2844022512435913,-0.001071904283890035,-0.7635366283357143,0.021302059292793274,0.7132666110992432,0.2665031320781427,0.296630859375,0.0,0.0003,,,,,,,,,739.0
7241728,884,1384.575,5230.3,713.73,86003,3.1944409161806107,0.003090477781370282,-0.748843040317297,0.021984145045280457,0.7066082954406738,0.26654397955847003,0.3026123046875,0.0,0.0003,,,,,,,,,739.0
7249920,885,1385.979,5230.9,858.36,86087,2.9532067477703094,-0.0005924877768848091,-0.7244776077568531,0.017046861350536346,0.76094651222229,0.2665772863700565,0.2960205078125,0.0,0.0003,,,,,,,,,739.0
7258112,886,1387.47,5231.2,684.21,86164,3.311805471777916,-0.00015196134336292744,-0.7188311517238617,0.02348572015762329,0.7053733468055725,0.26663476672721503,0.3175048828125,0.0,0.0003,,,,,,,,,739.0
7266304,887,1388.899,5231.7,725.85,86238,3.142869532108307,0.0006761110998922959,-0.7328901439905167,0.01981458067893982,0.734915018081665,0.2667272109727311,0.3486328125,0.0,0.0003,,,,,,,,,739.0
7274496,888,1390.302,5232.3,707.37,86310,3.221939444541931,-0.001243275444721803,-0.7221799679100513,0.01425474788993597,0.7078144550323486,0.26679511542792794,0.3270263671875,0.0,0.0003,,,,,,,,,739.0
7282688,889,1391.678,5233.0,765.78,86380,2.914006620645523,-0.002178632959839888,-0.7098365910351276,0.016985364258289337,0.6961396336555481,0.2669025502671541,0.3623046875,0.0,0.0003,,,,,,,,,739.0
7290880,890,1393.043,5233.8,782.01,86455,3.0795894861221313,-0.00016860925825312734,-0.7168863266706467,0.01907307282090187,0.7309459447860718,0.26698820992801964,0.3431396484375,0.0,0.0003,,,,,,,,,739.0
7299072,891,1394.477,5234.3,701.01,86531,2.993819922208786,-0.003194810022250749,-0.6935128085315228,0.016514193266630173,0.7396173477172852,0.26709258382435463,0.3599853515625,0.0,0.0003,,,,,,,,,739.0
7307264,892,1395.899,5234.8,730.17,86598,2.6136229634284973,-0.0031225253915181383,-0.7073521912097931,0.014756666496396065,0.7586596012115479,0.2671878284403027,0.35205078125,0.0,0.0003,,,,,,,,,739.0
7315456,893,1397.307,5235.4,720.57,86678,3.49482624232769,-0.002583442401373759,-0.7413161657750607,0.016767144203186035,0.7019816637039185,0.2672354259256019,0.3096923828125,0.0,0.0003,,,,,,,,,739.0
7323648,894,1398.732,5235.9,693.3,86760,3.1154295206069946,0.002684612583834678,-0.757831547409296,0.01908237487077713,0.7423350214958191,0.2672780013457774,0.3052978515625,0.0,0.0003,,,,,,,,,739.0
7331840,895,1400.128,5236.6,765.18,86839,3.2180251479148865,-0.006679062353214249,-0.8021952733397484,0.014847032725811005,0.7190076112747192,0.2673030235247905,0.2896728515625,0.0,0.0003,,,,,,,,,739.0
7340032,896,1401.578,5237.0,810.93,86924,3.438222661614418,-0.0001445545203750953,-0.8140919208526611,0.022428520023822784,0.705880880355835,0.26726014273507254,0.2288818359375,0.0,0.0003,,,,,,,,,739.0
7348224,897,1402.927,5237.8,734.85,86994,3.197840914130211,-0.0007488957198802382,-0.8012377247214317,0.018995480611920357,0.6990460157394409,0.2672892116516862,0.2933349609375,0.0,0.0003,,,,,,,,,739.0
7356416,898,1404.36,5238.3,721.17,87077,3.3490768522024155,-0.0019223471317673102,-0.8002660498023033,0.017104825004935265,0.7184946537017822,0.2673160408546771,0.2913818359375,0.0,0.0003,,,,,,,,,739.0
7364608,899,1405.805,5238.7,761.28,87161,3.2730778604745865,-0.0006026067130733281,-0.8147705234587193,0.014414617791771889,0.7383579015731812,0.26731714709051724,0.268310546875,0.0,0.0003,,,,,,,,,739.0
7372800,900,1407.172,5239.4,819.3,87239,3.1326804012060165,-0.0023869635988376103,-0.7799816429615021,0.01869974285364151,0.7147359251976013,0.26733805338541666,0.2861328125,0.0,0.0003,,,,,,,,,739.0
7380992,901,1408.542,5240.2,712.47,87308,3.835689678788185,0.0009231682925019413,-0.7785915657877922,0.019107231870293617,0.6534962058067322,0.26737408738554386,0.2998046875,0.0,0.0003,,,,,,,,,739.0
7389184,902,1410.002,5240.5,927.0,87388,3.621533140540123,-0.0003300803364254534,-0.7947343774139881,0.01702295057475567,0.6897247433662415,0.2673682236089939,0.2620849609375,0.0,0.0003,,,,,,,,,739.0
7397376,903,1411.476,5240.9,814.92,87469,3.781607374548912,-0.0009280538070015609,-0.795236349105835,0.010795725509524345,0.6818619966506958,0.26736683386108806,0.26611328125,0.0,0.0003,,,,,,,,,739.0
7405568,904,1412.899,5241.4,764.52,87563,4.324470117688179,0.0031594273896189407,-0.7889374047517776,0.018020255491137505,0.6570798754692078,0.26735761524301715,0.259033203125,0.0,0.0003,,,,,,,,,739.0
7413760,905,1414.227,5242.3,751.68,87636,2.9596359357237816,0.0006597375613637269,-0.7610950581729412,0.03178257867693901,0.7305954694747925,0.2674045288760359,0.309814453125,0.0,0.0003,,,,,,,,,739.0
7421952,906,1415.664,5242.7,721.86,87712,3.685741126537323,0.0019782914605457336,-0.77346346154809,0.014367879368364811,0.6936579942703247,0.2674282991859823,0.2889404296875,0.0,0.0003,,,,,,,,,739.0
7430144,907,1417.14,5243.1,750.18,87807,3.3508178293704987,1.030543353408575e-05,-0.7927893176674843,0.01975981891155243,0.7406134009361267,0.2674345207845232,0.2730712890625,0.0,0.0003,,,,,,,,,739.0
7438336,908,1418.571,5243.5,679.89,87881,3.1717833131551743,-0.001976170518901199,-0.7653884328901768,0.015853870660066605,0.7346106171607971,0.2674547103007985,0.2857666015625,0.0,0.0003,,,,,,,,,739.0
7446528,909,1420.14,5243.5,767.13,87955,3.0001749992370605,0.0009768294403329492,-0.7508565373718739,0.01490770187228918,0.7641751766204834,0.26751044245049505,0.318115234375,0.0,0.0003,,,,,,,,,739.0
7454720,910,1421.655,5243.7,804.18,88016,2.7991085797548294,-0.002533568476792425,-0.7062103115022182,0.011799506843090057,0.7707247734069824,0.26763527000343407,0.381103515625,0.0,0.0003,,,,,,,,,739.0
7462912,911,1423.125,5244.0,852.09,88089,2.5142552629113197,-0.003473374978057109,-0.7263399064540863,0.015527934767305851,0.7869752049446106,0.26773664221151205,0.3599853515625,0.0,0.0003,,,,,,,,,739.0
7471104,912,1424.459,5244.9,810.66,88153,2.8661542534828186,-0.00018254002497997135,-0.7259032800793648,0.015150514431297779,0.7544781565666199,0.2677940234803317,0.320068359375,0.0,0.0003,,,,,,,,,739.0
7479296,913,1425.932,5245.2,913.53,88230,2.948746085166931,-0.002105118444887921,-0.7785334549844265,0.015286631882190704,0.7793864607810974,0.2678777521306818,0.34423828125,0.0,0.0003,,,,,,,,,739.0
7487488,914,1427.377,5245.6,717.54,88312,3.2441509813070297,-0.0008413617761107162,-0.761205181479454,0.019232025370001793,0.7770727872848511,0.26790453620760396,0.2923583984375,0.0,0.0003,,,,,,,,,739.0
7495680,915,1428.773,5246.2,780.99,88383,3.453414484858513,0.0017295018333243206,-0.7786948159337044,0.015328350476920605,0.7525612711906433,0.26794393570696723,0.303955078125,0.0,0.0003,,,,,,,,,739.0
7503872,916,1430.185,5246.8,733.92,88462,3.166064664721489,0.0010780649026855826,-0.8019894398748875,0.016624614596366882,0.8013098239898682,0.2679695229342931,0.2913818359375,0.0,0.0003,,,,,,,,,739.0
7512064,917,1431.561,5247.5,809.55,88536,3.292679086327553,-0.0018227233667857945,-0.7964653223752975,0.010753853246569633,0.7804007530212402,0.2679616414343648,0.2607421875,0.0,0.0003,,,,,,,,,739.0
7520256,918,1432.967,5248.0,783.99,88629,3.687762886285782,-0.003279933982412331,-0.8063120096921921,0.008753296919167042,0.777098536491394,0.2679528462860839,0.2598876953125,0.0,0.0003,,,,,,,,,739.0
7528448,919,1434.309,5248.8,757.74,88704,3.1739403009414673,-0.0007445344817824662,-0.7995700873434544,0.014170103706419468,0.7955989837646484,0.26800198394144453,0.3131103515625,0.0,0.0003,,,,,,,,,739.0
7536640,920,1435.684,5249.5,652.02,88789,3.254657357931137,-0.00308427881100215,-0.8062567934393883,0.014093497768044472,0.7839016318321228,0.2679854683254076,0.2528076171875,0.0,0.0003,,,,,,,,,739.0
7544832,921,1437.103,5250.0,711.21,88878,3.169222265481949,-0.001195260527310893,-0.8316964879631996,0.015972306951880455,0.7593598961830139,0.26795308364719056,0.2381591796875,0.0,0.0003,,,,,,,,,739.0
7553024,922,1438.542,5250.5,754.41,88963,2.8641833513975143,-0.0005119306442793459,-0.8102744445204735,0.015333568677306175,0.7735563516616821,0.26793599490747017,0.252197265625,0.0,0.0003,,,,,,,,,739.0
7561216,923,1440.018,5250.8,603.69,89055,2.9585550725460052,-0.002027813228778541,-0.8119021132588387,0.022154565900564194,0.7223625779151917,0.2679360039443391,0.2679443359375,0.0,0.0003,,,,,,,,,739.0
7569408,924,1441.425,5251.3,740.22,89128,2.65837649255991,-0.0013058057083981112,-0.81339430809021,0.01575501076877117,0.7168397307395935,0.2679156679095644,0.2491455078125,0.0,0.0003,,,,,,,,,739.0
7577600,925,1442.981,5251.4,890.55,89224,3.1604187935590744,-0.000553624180611223,-0.8165031187236309,0.02332422323524952,0.7424649000167847,0.2679002586570946,0.253662109375,0.0,0.0003,,,,,,,,,739.0
7585792,926,1444.362,5252.0,644.67,89301,2.8359306007623672,-0.0015240594948409125,-0.7689607441425323,0.019494030624628067,0.7381795644760132,0.26792772593817493,0.2933349609375,0.0,0.0003,,,,,,,,,739.0
7593984,927,1445.679,5252.9,599.22,89370,2.688665136694908,-0.0006795330700697377,-0.7539262771606445,0.021656373515725136,0.7394828796386719,0.26799937950883224,0.3343505859375,0.0,0.0003,,,,,,,,,739.0
7602176,928,1447.039,5253.6,842.85,89448,2.7022621780633926,-0.0012524681660579517,-0.7673065736889839,0.018943369388580322,0.751800537109375,0.2680444388554014,0.309814453125,0.0,0.0003,,,,,,,,,739.0
7610368,929,1448.486,5254.0,752.97,89541,3.3062480986118317,0.00028772033692803234,-0.7711476646363735,0.024549011141061783,0.7203290462493896,0.26809058379305706,0.3109130859375,0.0,0.0003,,,,,,,,,739.0
7618560,930,1449.811,5254.9,623.16,89600,2.848920986056328,0.004975464675226249,-0.7591122835874557,0.01975344493985176,0.7397053241729736,0.2681880827872984,0.3587646484375,0.0,0.0003,,,,,,,,,739.0
7626752,931,1451.319,5255.0,756.18,89685,3.237067371606827,-0.0017722433840390295,-0.7654878832399845,0.01196330226957798,0.7506415247917175,0.268273571764232,0.3477783203125,0.0,0.0003,968.13,756.0,3546,100,0.0,0.0,0.0,0,739.0
7634944,932,1453.278,5253.6,736.17,89761,3.42707546800375,-0.0016408215451519936,-0.7475603818893433,0.010940007865428925,0.7486706376075745,0.26836359245071084,0.3521728515625,0.0,0.0003,,,,,,,,,739.0
7643136,933,1454.663,5254.2,595.86,89839,3.5881454795598984,0.0004174909263383597,-0.7407761216163635,0.011873980052769184,0.7197552919387817,0.26844884089462756,0.347900390625,0.0,0.0003,,,,,,,,,739.0
7651328,934,1456.013,5255.0,710.4,89905,3.0021513551473618,-0.0024404210271313787,-0.734672699123621,0.014641291461884975,0.735864520072937,0.268524235270008,0.3388671875,0.0,0.0003,,,,,,,,,739.0
7659520,935,1457.443,5255.5,779.91,89982,3.1760592460632324,-0.000461569128674455,-0.7399981468915939,0.021405423060059547,0.7667986154556274,0.26861866017713903,0.3568115234375,0.0,0.0003,,,,,,,,,739.0
7667712,936,1458.895,5255.8,838.23,90057,2.92131544649601,0.0031092873541638255,-0.7498536966741085,0.02201884612441063,0.750106930732727,0.2686950161925748,0.340087890625,0.0,0.0003,,,,,,,,,739.0
7675904,937,1460.236,5256.6,642.48,90124,2.578060269355774,0.0020863845420535654,-0.7323544509708881,0.0164842139929533,0.7888689637184143,0.2688426014707844,0.406982421875,0.0,0.0003,,,,,,,,,739.0
7684096,938,1461.712,5256.9,772.8,90197,3.17423777282238,-0.00032002179068513215,-0.744474221020937,0.015691740438342094,0.7342082262039185,0.2689393781649787,0.359619140625,0.0,0.0003,,,,,,,,,739.0
7692288,939,1463.092,5257.6,783.75,90270,3.153046041727066,-0.0029417175537673756,-0.733756311237812,0.011442297138273716,0.6994823217391968,0.26902086869342384,0.345458984375,0.0,0.0003,,,,,,,,,739.0
7700480,940,1464.551,5257.9,746.46,90341,2.6845805943012238,-0.002350197173655033,-0.7770830616354942,0.013293257914483547,0.7160785794258118,0.269091796875,0.335693359375,0.0,0.0003,,,,,,,,,739.0
7708672,941,1465.861,5258.8,776.82,90402,2.8123763352632523,-0.002531075500883162,-0.780990544706583,0.011126745492219925,0.721339225769043,0.26914194818510895,0.3162841796875,0.0,0.0003,,,,,,,,,739.0
7716864,942,1467.335,5259.1,916.83,90472,2.6641926914453506,-0.0026846193068195134,-0.7959779836237431,0.014208623208105564,0.7341194152832031,0.269162188163482,0.2882080078125,0.0,0.0003,,,,,,,,,739.0
7725056,943,1468.886,5259.1,958.02,90555,3.465816840529442,-0.004202557378448546,-0.800096906721592,0.015032237395644188,0.7162576913833618,0.2691844563974682,0.2901611328125,0.0,0.0003,,,,,,,,,739.0
7733248,944,1470.483,5259.0,868.89,90632,3.449886292219162,-0.0013445733347907662,-0.7669874913990498,0.011230211704969406,0.7298456430435181,0.26919568595239673,0.27978515625,0.0,0.0003,,,,,,,,,739.0
7741440,945,1471.938,5259.4,812.91,90705,3.2565688490867615,-0.0008719314500922337,-0.7711891978979111,0.022520799189805984,0.713388204574585,0.26922394283234125,0.2958984375,0.0,0.0003,,,,,,,,,739.0
7749632,946,1473.263,5260.2,889.47,90772,3.446780741214752,0.0006320439715636894,-0.7926233410835266,0.013197233900427818,0.7287319898605347,0.26924878497456395,0.292724609375,0.0,0.0003,,,,,,,,,739.0
7757824,947,1474.631,5260.9,943.41,90854,3.245247855782509,-0.002909661998273805,-0.7997427769005299,0.011219587177038193,0.7572948932647705,0.2692440560652059,0.2647705078125,0.0,0.0003,,,,,,,,,739.0
7766016,948,1476.095,5261.2,771.48,90935,3.818384289741516,-0.0012526481586974114,-0.7970531173050404,0.013010583817958832,0.7174263000488281,0.2692143564988792,0.2410888671875,0.0,0.0003,,,,,,,,,739.0
7774208,949,1477.508,5261.7,685.65,91019,3.8370376974344254,-0.0011421909293858334,-0.770708005875349,0.01535282377153635,0.6944037079811096,0.2691923087213514,0.248291015625,0.0,0.0003,,,,,,,,,739.0
7782400,950,1478.978,5262.0,788.52,91105,3.482895851135254,-0.0011516536615090445,-0.7812665440142155,0.01632092334330082,0.754836916923523,0.2691866262335526,0.2637939453125,0.0,0.0003,,,,,,,,,739.0
7790592,951,1480.346,5262.7,771.12,91180,2.9121766090393066,-0.004445793005288579,-0.7840112373232841,0.014044254086911678,0.7708613872528076,0.2691715854199527,0.2548828125,0.0,0.0003,,,,,,,,,739.0
7798784,952,1481.804,5263.0,708.36,91268,3.068750962615013,-0.0016255966475000605,-0.7855338118970394,0.01404647994786501,0.782524824142456,0.26917696399849,0.2742919921875,0.0,0.0003,,,,,,,,,739.0
7806976,953,1483.246,5263.4,753.75,91354,3.4520004093647003,0.0025409430381841958,-0.7512543387711048,0.022245917469263077,0.7513899207115173,0.26919129762919725,0.2828369140625,0.0,0.0003,,,,,,,,,739.0
7815168,954,1484.747,5263.6,687.45,91416,2.8126987665891647,-0.003694402490509674,-0.6672134399414062,0.009653989225625992,0.7714918255805969,0.2692790481279481,0.3529052734375,0.0,0.0003,,,,,,,,,739.0
7823360,955,1486.183,5264.1,709.47,91481,2.715271532535553,-0.0030867888417560607,-0.6254570074379444,0.011466979049146175,0.7580616474151611,0.2694232401423429,0.406982421875,0.0,0.0003,,,,,,,,,739.0
7831552,956,1487.605,5264.5,810.39,91548,2.275028705596924,1.1216383427381516e-05,-0.660357192158699,0.022400612011551857,0.7848697900772095,0.2695496371600418,0.3902587890625,0.0,0.0003,,,,,,,,,739.0
7839744,957,1488.946,5265.3,748.65,91614,2.8121099025011063,0.0010441258345963433,-0.6690214201807976,0.0214451402425766,0.7567564249038696,0.2696566367473224,0.3719482421875,0.0,0.0003,,,,,,,,,739.0
7847936,958,1490.311,5266.0,822.21,91681,2.450475111603737,0.005824016130645759,-0.6910924203693867,0.022565308958292007,0.7769548296928406,0.26975538536501825,0.3642578125,0.0,0.0003,,,,,,,,,739.0
7856128,959,1491.706,5266.5,844.95,91759,2.3064804673194885,-0.00398196026799269,-0.7326914295554161,0.01710408553481102,0.7801047563552856,0.2698310159915928,0.34228515625,0.0,0.0003,,,,,,,,,739.0
7864320,960,1493.103,5267.1,717.69,91838,2.540989652276039,-0.004584928159601986,-0.743774052709341,0.014536677859723568,0.7677782773971558,0.2699021657307943,0.338134765625,0.0,0.0003,,,,,,,,,739.0
7872512,961,1494.485,5267.7,747.57,91918,2.800244614481926,-0.0016951685975072905,-0.7468812018632889,0.012799400836229324,0.7387549877166748,0.26993391689971385,0.3004150390625,0.0,0.0003,,,,,,,,,739.0
7880704,962,1495.871,5268.3,752.04,91994,2.7972129583358765,-0.0020259109587641433,-0.7432670220732689,0.018704794347286224,0.7413240671157837,0.2699737231597583,0.3082275390625,0.0,0.0003,,,,,,,,,739.0
7888896,963,1497.254,5268.9,709.2,92065,2.425270915031433,-0.002582608794909902,-0.7274652421474457,0.017985686659812927,0.7678262591362,0.2700287847627856,0.322998046875,0.0,0.0003,,,,,,,,,739.0
7897088,964,1498.605,5269.6,868.26,92131,2.3860390335321426,-0.0007395625725621358,-0.7766318991780281,0.03304273635149002,0.7645460367202759,0.2700733485558221,0.31298828125,0.0,0.0003,,,,,,,,,739.0
7905280,965,1500.175,5269.6,809.16,92220,2.7469024062156677,0.011673191067529842,-0.7586091831326485,0.03390059247612953,0.7432993650436401,0.2700870810395078,0.2833251953125,0.0,0.0003,,,,,,,,,739.0
7913472,966,1501.596,5270.0,692.25,92284,2.716438353061676,-0.002122709251125343,-0.7166377976536751,0.009492417797446251,0.7443100214004517,0.2701632102824146,0.3436279296875,0.0,0.0003,,,,,,,,,739.0
7921664,967,1503.094,5270.2,965.37,92357,2.739436075091362,-0.004208528611343354,-0.7293494045734406,0.011896874755620956,0.7392802238464355,0.2702144397944674,0.3197021484375,0.0,0.0003,,,,,,,,,739.0
7929856,968,1504.449,5270.9,926.64,92423,3.3052055835723877,-0.000892656113137491,-0.7391865290701389,0.0199284665286541,0.7048299312591553,0.27027754350142047,0.331298828125,0.0,0.0003,,,,,,,,,739.0
7938048,969,1505.916,5271.2,757.11,92502,3.261412039399147,-0.003175271973304916,-0.7655541561543941,0.01065804809331894,0.7153148055076599,0.27030776331914347,0.299560546875,0.0,0.0003,,,,,,,,,739.0
7946240,970,1507.23,5272.1,820.83,92566,2.8339754343032837,-0.0030965248588472605,-0.7634270004928112,0.012967193499207497,0.7587941884994507,0.27035327400128867,0.314453125,0.0,0.0003,,,,,,,,,739.0
7954432,971,1508.623,5272.6,912.03,92646,2.9818094223737717,-0.0032355886651203036,-0.742010485380888,0.013862429186701775,0.7678110599517822,0.2704024624259784,0.318115234375,0.0,0.0003,,,,,,,,,739.0
7962624,972,1510.054,5273.1,816.42,92716,3.635328009724617,0.002634025731822476,-0.7415316887199879,0.01670745015144348,0.7191116809844971,0.27044614941004375,0.3128662109375,0.0,0.0003,,,,,,,,,739.0
7970816,973,1511.478,5273.5,810.84,92788,3.5126159340143204,-0.00020070203754585236,-0.7462297789752483,0.011553864926099777,0.7174066305160522,0.2705094434497045,0.33203125,0.0,0.0003,,,,,,,,,739.0
7979008,974,1512.826,5274.2,822.51,92853,2.948597699403763,-0.004442521269083954,-0.7173614464700222,0.014030423015356064,0.7438830137252808,0.27058789764341634,0.346923828125,0.0,0.0003,,,,,,,,,739.0
7987200,975,1514.136,5275.1,960.27,92919,2.7089811116456985,0.0018934775289380923,-0.7328160293400288,0.02460012212395668,0.80316162109375,0.2706730769230769,0.3536376953125,0.0,0.0003,,,,,,,,,739.0
7995392,976,1515.632,5275.3,904.38,92986,2.932502120733261,-0.003051331586902961,-0.7055894173681736,0.015934310853481293,0.7752842307090759,0.27076858770651896,0.3638916015625,0.0,0.0003,,,,,,,,,739.0
8003584,977,1516.972,5276.0,716.55,93055,2.9816686511039734,-0.002942818100564182,-0.7302663959562778,0.01697373390197754,0.7699267864227295,0.27085815554631526,0.3582763671875,0.0,0.0003,,,,,,,,,739.0
8011776,978,1518.493,5276.1,779.31,93126,4.034456953406334,0.002373960189288482,-0.7515139281749725,0.02273690328001976,0.6934124231338501,0.270942547569977,0.3533935546875,0.0,0.0003,,,,,,,,,739.0
8019968,979,1519.831,5276.9,913.41,93192,2.80813267827034,-0.0028112858708482236,-0.7505594901740551,0.0103048887103796,0.7883446216583252,0.27104746552604697,0.3736572265625,0.0,0.0003,,,,,,,,,739.0
8028160,980,1521.297,5277.2,794.82,93265,3.4152286499738693,-0.004850477969739586,-0.7578389048576355,0.013401396572589874,0.7362284064292908,0.2711098184390944,0.3321533203125,0.0,0.0003,,,,,,,,,739.0
8036352,981,1522.692,5277.7,741.54,93335,3.2743390947580338,-0.0019182156393071637,-0.7480452880263329,0.015539749525487423,0.7464199662208557,0.271158978601236,0.3193359375,0.0,0.0003,,,,,,,,,739.0
8044544,982,1524.283,5277.6,891.69,93412,3.0266547352075577,0.0029542559932451695,-0.7426059432327747,0.018775854259729385,0.7796245217323303,0.2711947377004837,0.3062744140625,0.0,0.0003,,,,,,,,,739.0
8052736,983,1525.639,5278.3,830.73,93481,3.401877999305725,-0.0014041197282494977,-0.7338372394442558,0.010796617716550827,0.7380850911140442,0.2712664366496058,0.3416748046875,0.0,0.0003,,,,,,,,,739.0
8060928,984,1527.031,5278.8,851.37,93551,3.2430515438318253,-0.0017257823783438653,-0.7374410331249237,0.01169128343462944,0.7454226016998291,0.271334144158092,0.337890625,0.0,0.0003,,,,,,,,,739.0
8069120,985,1528.505,5279.1,961.74,93615,2.981671079993248,-0.0018009836785495281,-0.7547390833497047,0.013054403476417065,0.7607111930847168,0.27141051316624365,0.3465576171875,0.0,0.0003,,,,,,,,,739.0
8077312,986,1529.978,5279.4,847.14,93692,3.3867124766111374,-0.0015764173003844917,-0.7561954334378242,0.00840795412659645,0.7514830827713013,0.27146753771551724,0.32763671875,0.0,0.0003,,,,,,,,,739.0
8085504,987,1531.483,5279.5,727.92,93770,3.1135321110486984,-0.0006645301036769524,-0.751985926181078,0.012954805977642536,0.7590887546539307,0.27151108947568386,0.314453125,0.0,0.0003,,,,,,,,,739.0
8093696,988,1532.894,5280.0,648.3,93839,3.3354976028203964,-0.0028293214563746005,-0.7525879964232445,0.010469396598637104,0.7058250904083252,0.2715613484865258,0.3211669921875,0.0,0.0003,,,,,,,,,739.0
8101888,989,1534.317,5280.5,856.95,93910,3.157815471291542,-0.004074388081789948,-0.78172517567873,0.016981907188892365,0.7284268140792847,0.2715570741042088,0.267333984375,0.0,0.0003,,,,,,,,,739.0
8110080,990,1535.651,5281.2,982.53,93985,3.238311782479286,-0.0029756812582490966,-0.768027164041996,0.012275028973817825,0.7461199760437012,0.2715841274068813,0.29833984375,0.0,0.0003,,,,,,,,,739.0
8118272,991,1536.991,5281.9,801.15,94057,3.4099133014678955,-0.002593271230580285,-0.7624259404838085,0.012060998007655144,0.7569344639778137,0.27161075657479816,0.2979736328125,0.0,0.0003,,,,,,,,,739.0
8126464,992,1538.135,5283.3,874.02,94125,3.407429678099496,-0.003678321505763701,-0.7782130922589984,0.030960479751229286,0.7449444532394409,0.2716465611611643,0.30712890625,0.0,0.0003,,,,,,,,,739.0
8134656,993,1539.452,5284.1,956.97,94187,3.5914336293935776,-0.0033668687392491847,-0.7719902135431767,0.013698086142539978,0.7338376641273499,0.2716770076079431,0.3018798828125,0.0,0.0003,1060.2,819.0,3645,100,0.0,0.0,0.0,0,739.0
8142848,994,1541.382,5282.8,974.43,94264,3.3950553238391876,-0.002142930214176886,-0.804596021771431,0.012567390687763691,0.7403159737586975,0.2717250770246479,0.3194580078125,0.0,0.0003,,,,,,,,,739.0
8151040,995,1542.888,5283.0,909.87,94349,3.760994479060173,-0.0010412785195512697,-0.8038309589028358,0.01885906793177128,0.7212086915969849,0.2717480223382538,0.2945556640625,0.0,0.0003,,,,,,,,,739.0
8159232,996,1544.356,5283.3,748.2,94421,3.639417678117752,0.0002694395661819726,-0.7938667982816696,0.010952536016702652,0.7263994216918945,0.27177631424134036,0.2999267578125,0.0,0.0003,,,,,,,,,739.0
8167424,997,1545.8,5283.6,760.53,94493,3.0970453023910522,-0.0015210137207759544,-0.7895552739501,0.012941710650920868,0.7698193192481995,0.2718131200241349,0.3084716796875,0.0,0.0003,,,,,,,,,739.0
8175616,998,1547.136,5284.4,778.8,94569,3.2086967080831528,-0.0010913083096966147,-0.7816494517028332,0.015407061204314232,0.7646840810775757,0.2718609827076027,0.319580078125,0.0,0.0003,,,,,,,,,739.0
8183808,999,1548.481,5285.1,748.38,94644,3.3611854910850525,1.506926491856575e-05,-0.7370701618492603,0.017080314457416534,0.7309790849685669,0.27190813860735735,0.3189697265625,0.0,0.0003,,,,,,,,,739.0
8192000,1000,1549.844,5285.7,814.17,94710,2.9985115826129913,-0.0016062075883382931,-0.7405456565320492,0.01602802239358425,0.7457932233810425,0.271980224609375,0.343994140625,0.0,0.0003,,,,,,,,,739.0
8200192,1001,1551.274,5286.1,808.14,94788,3.574417844414711,-0.0006135553121566772,-0.7610648199915886,0.015259851701557636,0.7229074239730835,0.27200082632211536,0.2926025390625,0.0,0.0003,,,,,,,,,739.0
8208384,1002,1552.69,5286.6,775.35,94859,2.8144806921482086,-0.002600023668492213,-0.7117192894220352,0.013995567336678505,0.7639379501342773,0.2720871733096307,0.3585205078125,0.0,0.0003,,,,,,,,,739.0
8216576,1003,1554.231,5286.6,666.81,94933,2.5936786383390427,-0.003959322813898325,-0.7089611738920212,0.012135808356106281,0.7595745325088501,0.27219501164475324,0.3802490234375,0.0,0.0003,,,,,,,,,739.0
8224768,1004,1555.669,5287.0,790.8,95004,2.373059034347534,-0.0026151519850827754,-0.7477230690419674,0.01623743399977684,0.7905406951904297,0.2722848839018924,0.3624267578125,0.0,0.0003,,,,,,,,,739.0
8232960,1005,1557.145,5287.2,737.1,95077,2.786511167883873,-0.001484283566242084,-0.7685818523168564,0.013378778472542763,0.7614427804946899,0.27230327852922886,0.290771484375,0.0,0.0003,,,,,,,,,739.0
8241152,1006,1558.503,5287.9,763.29,95155,2.6770388185977936,-0.002575785736553371,-0.7644537165760994,0.016972016543149948,0.7552231550216675,0.2723058620930666,0.27490234375,0.0,0.0003,,,,,,,,,739.0
8249344,1007,1559.97,5288.1,800.52,95233,2.915374845266342,-0.00300901458831504,-0.7685469016432762,0.019312571734189987,0.7178477048873901,0.2723188655970705,0.285400390625,0.0,0.0003,,,,,,,,,739.0
8257536,1008,1561.353,5288.7,757.41,95311,2.6468158215284348,-0.0035650614445330575,-0.786106038838625,0.015708863735198975,0.7570856809616089,0.2723406837100074,0.2943115234375,0.0,0.0003,,,,,,,,,739.0
8265728,1009,1562.736,5289.3,787.92,95390,3.2028866559267044,-0.004289728341973387,-0.8061494678258896,0.01623765006661415,0.7293954491615295,0.2723521751502106,0.283935546875,0.0,0.0003,,,,,,,,,739.0
8273920,1010,1564.132,5289.8,838.8,95467,3.1297600716352463,-0.0012428814225131646,-0.7942307814955711,0.018066976219415665,0.7237981557846069,0.2723540957611386,0.2742919921875,0.0,0.0003,,,,,,,,,739.0
8282112,1011,1565.545,5290.2,750.42,95544,3.1221448332071304,-0.002798267698381096,-0.7878342494368553,0.016809601336717606,0.7451316118240356,0.2723661549131429,0.2845458984375,0.0,0.0003,,,,,,,,,739.0
8290304,1012,1566.914,5290.8,792.36,95619,2.5846899896860123,-0.001661562520894222,-0.7587314248085022,0.02339189499616623,0.7804900407791138,0.2723895287796443,0.2960205078125,0.0,0.0003,,,,,,,,,739.0
8298496,1013,1568.297,5291.4,773.64,95710,3.239980533719063,0.002272723359055817,-0.7943821474909782,0.026981547474861145,0.7457806468009949,0.27237815141442495,0.2608642578125,0.0,0.0003,,,,,,,,,739.0
8306688,1014,1569.674,5292.0,735.81,95782,3.229889065027237,-0.0012514143454609439,-0.7857048660516739,0.01254536397755146,0.7429263591766357,0.27234994260046846,0.2437744140625,0.0,0.0003,,,,,,,,,739.0
8314880,1015,1571.188,5292.1,757.23,95862,3.4458050280809402,0.0010654331708792597,-0.7951286286115646,0.0126117542386055,0.7297199368476868,0.27234512103602215,0.2674560546875,0.0,0.0003,,,,,,,,,739.0
8323072,1016,1572.756,5292.0,872.1,95949,3.3152234703302383,-0.0031108522962313145,-0.7733297348022461,0.014479858800768852,0.7364593744277954,0.2723383865957185,0.2655029296875,0.0,0.0003,,,,,,,,,739.0
8331264,1017,1574.182,5292.4,719.85,96028,3.3596582114696503,-0.0014640600566053763,-0.7901520319283009,0.021025726571679115,0.7270365953445435,0.27235219049594395,0.286376953125,0.0,0.0003,,,,,,,,,739.0
8339456,1018,1575.622,5292.8,751.11,96110,3.0616496577858925,0.0036714564193971455,-0.7728977538645267,0.02523380145430565,0.7527933120727539,0.2723609309767927,0.28125,0.0,0.0003,,,,,,,,,739.0
8347648,1019,1576.96,5293.5,754.65,96182,3.4932656437158585,0.0017747758975019678,-0.7989878952503204,0.017169838771224022,0.6841971278190613,0.27236641985862364,0.2779541015625,0.0,0.0003,,,,,,,,,739.0
8355840,1020,1578.364,5294.0,870.72,96266,3.1687018871307373,-0.0011244889319641516,-0.7906264327466488,0.01818116381764412,0.7351934313774109,0.2723578957950368,0.263671875,0.0,0.0003,,,,,,,,,739.0
8364032,1021,1579.842,5294.2,744.45,96338,3.273890256881714,-0.004527641402091831,-0.7472185902297497,0.015653962269425392,0.6933122277259827,0.27237509373469637,0.2899169921875,0.0,0.0003,,,,,,,,,739.0
8372224,1022,1581.212,5294.8,855.69,96416,3.236814394593239,-0.0014499233511742204,-0.7657727785408497,0.014361641369760036,0.7362202405929565,0.27238616644752933,0.28369140625,0.0,0.0003,,,,,,,,,739.0
8380416,1023,1582.563,5295.5,752.22,96490,3.5594496726989746,-0.0012645915558096021,-0.7387323677539825,0.015999212861061096,0.6956288814544678,0.2723992460517473,0.2857666015625,0.0,0.0003,,,,,,,,,739.0
8388608,1024,1584.021,5295.8,929.46,96572,2.9674449265003204,0.002522257054806687,-0.7696615867316723,0.015929795801639557,0.7573286890983582,0.27243316173553467,0.30712890625,0.0,0.0003,,,,,,,,,739.0
8396800,1025,1585.406,5296.3,806.49,96641,3.292147472500801,0.0017745859950082377,-0.7698177509009838,0.015696696937084198,0.73180091381073,0.2724221131859756,0.2611083984375,0.0,0.0003,,,,,,,,,739.0
8404992,1026,1586.831,5296.7,913.02,96724,3.3312639594078064,-0.004025538873975165,-0.8116930238902569,0.01585840806365013,0.7252297401428223,0.2724028767665692,0.252685546875,0.0,0.0003,,,,,,,,,739.0
8413184,1027,1588.413,5296.6,784.89,96796,3.0944283306598663,-0.0026650678482837975,-0.8204170502722263,0.022324347868561745,0.7228032350540161,0.2724097083815117,0.2794189453125,0.0,0.0003,,,,,,,,,739.0
8421376,1028,1589.832,5297.0,796.05,96885,3.7138600200414658,-0.002409580221865326,-0.8322424441576004,0.023291606456041336,0.7465077638626099,0.2723889777632539,0.2510986328125,0.0,0.0003,,,,,,,,,739.0
8429568,1029,1591.33,5297.2,764.55,96970,3.586112454533577,0.0010688421461964026,-0.7806938365101814,0.01926150545477867,0.776252806186676,0.272359271554604,0.2418212890625,0.0,0.0003,,,,,,,,,739.0
8437760,1030,1592.767,5297.5,758.37,97049,3.8885213881731033,0.0012018584238830954,-0.7742908634245396,0.021300479769706726,0.7421054840087891,0.272363992339199,0.2772216796875,0.0,0.0003,,,,,,,,,739.0
8445952,1031,1594.157,5298.1,750.24,97125,3.0828042030334473,0.0006673257157672197,-0.7660219892859459,0.023988299071788788,0.7549853324890137,0.27238835835202474,0.2974853515625,0.0,0.0003,,,,,,,,,739.0
8454144,1032,1595.564,5298.5,779.88,97209,3.293186739087105,0.002393839356955141,-0.7812286727130413,0.017368491739034653,0.7620050311088562,0.2724062897438227,0.2908935546875,0.0,0.0003,,,,,,,,,739.0
8462336,1033,1596.926,5299.1,759.51,97276,2.590167537331581,-0.003449764655670151,-0.7693922109901905,0.012753017246723175,0.8024906516075134,0.2724107149609753,0.2769775390625,0.0,0.0003,,,,,,,,,739.0
8470528,1034,1598.288,5299.7,820.89,97346,2.9901103526353836,-0.004007315335911699,-0.7643846571445465,0.010844789445400238,0.7930793762207031,0.2724276455965909,0.2899169921875,0.0,0.0003,,,,,,,,,739.0
8478720,1035,1599.608,5300.5,867.42,97415,3.586201384663582,-0.001024776851409115,-0.7543132081627846,0.02588804066181183,0.7230983972549438,0.2724743829257246,0.32080078125,0.0,0.0003,,,,,,,,,739.0
8486912,1036,1601.266,5300.1,1039.02,97504,3.2410165071487427,0.0001488557318225503,-0.7862534523010254,0.019364487379789352,0.775883674621582,0.2724887450229247,0.287353515625,0.0,0.0003,,,,,,,,,739.0
8495104,1037,1602.45,5301.3,703.2,97573,3.2841441290719167,0.010360966020795916,-0.7511136957577297,0.048737794160842896,0.7729173898696899,0.2725315664175506,0.31689453125,0.0,0.0003,,,,,,,,,739.0
8503296,1038,1604.062,5301.1,693.42,97650,3.4919607043266296,0.0012465507461456582,-0.7858825400471687,0.016931690275669098,0.7472950220108032,0.2725586643108743,0.3006591796875,0.0,0.0003,,,,,,,,,739.0
8511488,1039,1605.44,5301.7,835.77,97735,3.140412539243698,-0.000842995141283609,-0.8001164458692074,0.011491162702441216,0.7744547128677368,0.2725766634459216,0.291259765625,0.0,0.0003,,,,,,,,,739.0
8519680,1040,1606.807,5302.2,759.54,97820,2.992991805076599,-0.00515382393496111,-0.8177255354821682,0.010781299322843552,0.7553905248641968,0.2725634061373197,0.2587890625,0.0,0.0003,,,,,,,,,739.0
8527872,1041,1608.174,5302.8,766.71,97904,2.4907385855913162,-0.002124159029335715,-0.8324250765144825,0.014316851273179054,0.8041332960128784,0.2725439593840058,0.2523193359375,0.0,0.0003,,,,,,,,,739.0
8536064,1042,1609.558,5303.4,691.11,97982,3.064464494585991,-0.00012656344915740192,-0.8227498754858971,0.009643216617405415,0.7457072734832764,0.2725319304072697,0.260009765625,0.0,0.0003,,,,,,,,,739.0
8544256,1043,1610.961,5303.8,840.66,98065,2.6191643700003624,-0.002390959532931447,-0.8177684657275677,0.013147400692105293,0.7959060668945312,0.27254344907268696,0.2845458984375,0.0,0.0003,,,,,,,,,739.0
8552448,1044,1612.353,5304.3,699.81,98144,3.046053558588028,0.00111307404586114,-0.818357702344656,0.026499558240175247,0.7589632272720337,0.2725376406848659,0.2664794921875,0.0,0.0003,,,,,,,,,739.0
8560640,1045,1613.811,5304.6,709.35,98240,3.088501960039139,0.0011445817945059389,-0.8592214062809944,0.00924030039459467,0.7787519693374634,0.272498901951256,0.2320556640625,0.0,0.0003,,,,,,,,,739.0
8568832,1046,1615.205,5305.1,685.89,98319,2.5942866653203964,-0.0036978826974518597,-0.8188182897865772,0.018795697018504143,0.767688512802124,0.2724595370757648,0.2313232421875,0.0,0.0003,,,,,,,,,739.0
8577024,1047,1616.614,5305.5,781.29,98393,2.6226257532835007,-0.00040291577170137316,-0.7986968867480755,0.017794441431760788,0.7439782619476318,0.272463269311127,0.2763671875,0.0,0.0003,,,,,,,,,739.0
8585216,1048,1618.153,5305.6,798.12,98480,2.676807790994644,-0.001651898113777861,-0.8118124641478062,0.018938690423965454,0.7567154169082642,0.2724898243678435,0.30029296875,0.0,0.0003,,,,,,,,,739.0
8593408,1049,1619.642,5305.7,680.82,98559,3.0271864235401154,-0.0047132941108429804,-0.8081270046532154,0.01343662478029728,0.7287311553955078,0.2725135359568637,0.29736328125,0.0,0.0003,,,,,,,,,739.0
8601600,1050,1620.763,5307.1,754.05,98635,3.1557081829417837,0.009146997895599767,-0.8175391825762662,0.04364645481109619,0.7368316650390625,0.27251243954613097,0.2713623046875,0.0,0.0003,,,,,,,,,739.0
8609792,1051,1622.166,5307.6,864.96,98717,3.0615726858377457,-0.003995902705355547,-0.829028531908989,0.01810334622859955,0.7210813760757446,0.2724853283331351,0.2440185546875,0.0,0.0003,,,,,,,,,739.0
8617984,1052,1623.685,5307.7,780.99,98800,3.115889862179756,-0.0016629845486022532,-0.8098799623548985,0.013333229348063469,0.7328130006790161,0.27247045248633556,0.2568359375,0.0,0.0003,,,,,,,,,739.0
8626176,1053,1625.089,5308.1,784.53,98870,3.288831040263176,-0.0024935778201324865,-0.7859983034431934,0.01695091836154461,0.7129837274551392,0.27249328091613245,0.2965087890625,0.0,0.0003,,,,,,,,,739.0
8634368,1054,1626.523,5308.5,804.39,98952,3.440845713019371,-0.0020968891767552122,-0.7862602733075619,0.013861751183867455,0.7355198264122009,0.27247460381582067,0.2528076171875,0.0,0.0003,,,,,,,,,739.0
8642560,1055,1627.879,5309.1,822.6,99030,3.0775225907564163,-0.0006152727582957596,-0.7864327505230904,0.023701557889580727,0.7517524361610413,0.27248014477191945,0.2783203125,0.0,0.0003,1105.74,987.0,3756,100,0.0,0.0,0.0,0,739.0
8650752,1056,1629.745,5308.0,795.24,99093,2.970825970172882,-0.0012988546150154434,-0.7727192044258118,0.020771581679582596,0.7169883847236633,0.2725164240056818,0.310791015625,0.0,0.0003,,,,,,,,,739.0
8658944,1057,1631.181,5308.4,802.95,99168,2.973038613796234,-0.0004658458929043263,-0.7650542594492435,0.02350073680281639,0.75449538230896,0.2725448969296949,0.3026123046875,0.0,0.0003,,,,,,,,,739.0
8667136,1058,1632.57,5308.9,886.71,99245,2.8635388165712357,-0.0013854293938493356,-0.7260236218571663,0.014146995730698109,0.7607288360595703,0.2725879690822897,0.318115234375,0.0,0.0003,,,,,,,,,739.0
8675328,1059,1634.069,5309.0,765.87,99317,3.507792294025421,-0.0006158352480269969,-0.731694933027029,0.018636958673596382,0.7102392911911011,0.27258600481733947,0.2705078125,0.0,0.0003,,,,,,,,,739.0
8683520,1060,1635.445,5309.6,903.69,99390,3.1273777335882187,-0.005000964098144323,-0.7134781032800674,0.019589481875300407,0.7386180758476257,0.27259889998525944,0.2862548828125,0.0,0.0003,,,,,,,,,739.0
8691712,1061,1636.813,5310.1,873.36,99476,3.82788909971714,0.0003049815131817013,-0.6965166255831718,0.01796264946460724,0.7519412636756897,0.2726396134616517,0.3157958984375,0.0,0.0003,,,,,,,,,739.0
8699904,1062,1638.216,5310.6,691.86,99546,3.25456266105175,-0.003227220324333757,-0.7191957756876945,0.01393823605030775,0.7714905738830566,0.2727091011578978,0.346435546875,0.0,0.0003,,,,,,,,,739.0
8708096,1063,1639.562,5311.2,809.91,99608,2.9408301562070847,-0.0030539906438207254,-0.7285854145884514,0.01925627887248993,0.7822743654251099,0.2727575580241651,0.32421875,0.0,0.0003,,,,,,,,,739.0
8716288,1064,1640.907,5311.9,785.1,99677,2.6839942783117294,-0.003858612159092445,-0.7050945833325386,0.016765698790550232,0.7914705276489258,0.2728487172521147,0.3697509765625,0.0,0.0003,,,,,,,,,739.0
8724480,1065,1642.251,5312.5,772.14,99733,2.6610960215330124,0.001172986623714678,-0.7150944098830223,0.023001059889793396,0.7874566912651062,0.27290818478579815,0.336181640625,0.0,0.0003,,,,,,,,,739.0
8732672,1066,1643.707,5312.8,952.08,99807,2.9138240814208984,-0.00016116324695758522,-0.7153712324798107,0.012477800250053406,0.8167909979820251,0.2730045282818363,0.3756103515625,0.0,0.0003,,,,,,,,,739.0
8740864,1067,1645.142,5313.1,840.54,99881,3.53605754673481,-0.003204530890798196,-0.7435536831617355,0.017165588214993477,0.7762549519538879,0.2730645391576851,0.3370361328125,0.0,0.0003,,,,,,,,,739.0
8749056,1068,1646.515,5313.7,768.36,99950,2.815979152917862,-0.0040167128026951104,-0.7525632157921791,0.01643572561442852,0.8173583149909973,0.273120665818118,0.3330078125,0.0,0.0003,,,,,,,,,739.0
8757248,1069,1647.815,5314.5,883.98,100016,3.0709318667650223,-0.0024350901221623644,-0.7503344044089317,0.014830674044787884,0.7873920202255249,0.27317817195539057,0.3345947265625,0.0,0.0003,,,,,,,,,739.0
8765440,1070,1649.185,5315.0,864.12,100101,3.2326219975948334,0.002693974180147052,-0.7738749124109745,0.01932326890528202,0.8033691644668579,0.27319621148510514,0.29248046875,0.0,0.0003,,,,,,,,,739.0
8773632,1071,1650.586,5315.5,780.84,100175,3.0443025529384613,0.00010430952534079552,-0.789948359131813,0.02308608591556549,0.7816336154937744,0.27321216572566526,0.290283203125,0.0,0.0003,,,,,,,,,739.0
8781824,1072,1652.077,5315.6,729.78,100257,3.2254869639873505,-0.0005745083471992984,-0.7674212194979191,0.024783946573734283,0.7806923389434814,0.27321658917327424,0.2779541015625,0.0,0.0003,,,,,,,,,739.0
8790016,1073,1653.595,5315.7,801.81,100333,2.5940244644880295,-0.002368899731663987,-0.7650895901024342,0.01688285917043686,0.815971851348877,0.2732504696237186,0.3095703125,0.0,0.0003,,,,,,,,,739.0
8798208,1074,1654.982,5316.2,750.0,100406,2.6274440735578537,0.00023492323816753924,-0.765410203486681,0.01789993606507778,0.8113361597061157,0.273255872104865,0.279052734375,0.0,0.0003,,,,,,,,,739.0
8806400,1075,1656.37,5316.7,736.77,100494,2.5474588871002197,-0.0037307961174519733,-0.7981886304914951,0.019155800342559814,0.807465672492981,0.2732597883357558,0.2774658203125,0.0,0.0003,,,,,,,,,739.0
8814592,1076,1657.778,5317.1,706.98,100574,2.690064385533333,-0.002504047879483551,-0.7897950746119022,0.01624884083867073,0.7929421067237854,0.27325541556546235,0.2685546875,0.0,0.0003,,,,,,,,,739.0
8822784,1077,1659.204,5317.5,763.95,100654,2.9247052371501923,-0.0005462973640533164,-0.7798239439725876,0.021971512585878372,0.7758160829544067,0.2732440236551184,0.260986328125,0.0,0.0003,,,,,,,,,739.0
8830976,1078,1660.8,5317.3,669.48,100737,2.8164393603801727,0.005751527271058876,-0.7706822119653225,0.035273477435112,0.7770962715148926,0.2732465811253479,0.2760009765625,0.0,0.0003,,,,,,,,,739.0
8839168,1079,1662.178,5317.8,750.96,100818,2.6306281089782715,0.0026550435286480933,-0.7491460330784321,0.03606649488210678,0.7974880933761597,0.27326644317655235,0.294677734375,0.0,0.0003,,,,,,,,,739.0
8847360,1080,1663.538,5318.4,780.06,100892,2.6366867125034332,0.0004473317094380036,-0.7261195629835129,0.01944885030388832,0.7666116952896118,0.27329949273003473,0.3089599609375,0.0,0.0003,,,,,,,,,739.0
8855552,1081,1664.987,5318.7,729.39,100971,2.438231386244297,-0.0038216072862269357,-0.7265015318989754,0.014742467552423477,0.8036613464355469,0.27335009720455594,0.3280029296875,0.0,0.0003,,,,,,,,,739.0
8863744,1082,1666.478,5318.8,679.56,101043,2.3182458952069283,0.0010701061983127147,-0.7013094946742058,0.019326310604810715,0.8176586627960205,0.2734284744685767,0.358154296875,0.0,0.0003,,,,,,,,,739.0
8871936,1083,1668.064,5318.7,788.97,101115,2.442817062139511,0.00038185658922884613,-0.70983911678195,0.018646718934178352,0.784650981426239,0.2734892361712258,0.3392333984375,0.0,0.0003,,,,,,,,,739.0
8880128,1084,1669.43,5319.3,769.95,101184,2.5808920860290527,-0.003990455203165766,-0.7336840815842152,0.012875647284090519,0.7641768455505371,0.2735036026507726,0.2890625,0.0,0.0003,,,,,,,,,739.0
8888320,1085,1670.75,5320.0,827.85,101254,2.861092582345009,-0.003496839155559428,-0.7364236637949944,0.014689510688185692,0.7552803158760071,0.27354471936203917,0.318115234375,0.0,0.0003,,,,,,,,,739.0
8896512,1086,1672.141,5320.4,901.56,101340,3.1666599214076996,-0.00451048492686823,-0.7531915903091431,0.019733864814043045,0.7536917924880981,0.27354832995223294,0.2774658203125,0.0,0.0003,,,,,,,,,739.0
8904704,1087,1673.521,5320.9,830.07,101415,3.4298192262649536,-0.00316445657517761,-0.7519930489361286,0.011282099410891533,0.7224534749984741,0.27356911582911686,0.296142578125,0.0,0.0003,,,,,,,,,739.0
8912896,1088,1674.906,5321.4,779.58,101495,3.4741158336400986,-0.00012215609604027122,-0.7532645985484123,0.019535105675458908,0.7280968427658081,0.27356663872213927,0.2708740234375,0.0,0.0003,,,,,,,,,739.0
8921088,1089,1676.308,5321.9,763.29,101571,2.9356586188077927,-0.0038945468404563144,-0.7758301347494125,0.01982172578573227,0.7335479259490967,0.2735509390782828,0.2564697265625,0.0,0.0003,,,,,,,,,739.0
8929280,1090,1677.653,5322.5,877.44,101650,3.0289004743099213,-0.002798093482851982,-0.752945926040411,0.014623554423451424,0.7665646076202393,0.27356001827694953,0.283447265625,0.0,0.0003,,,,,,,,,739.0
8937472,1091,1679.01,5323.1,774.06,101713,2.9905697405338287,0.0006170203705551103,-0.7960339337587357,0.018494460731744766,0.7466871738433838,0.2735512905662809,0.2640380859375,0.0,0.0003,,,,,,,,,739.0
8945664,1092,1680.438,5323.4,871.47,101807,2.986249700188637,0.0005837841454194859,-0.7964404746890068,0.02259049192070961,0.7871286273002625,0.2735330770303915,0.253662109375,0.0,0.0003,,,,,,,,,739.0
8953856,1093,1681.783,5324.0,822.51,101883,3.240760698914528,-0.002389310742728412,-0.7777405790984631,0.015177198685705662,0.7544882297515869,0.27352796381804667,0.2679443359375,0.0,0.0003,,,,,,,,,739.0
8962048,1094,1683.257,5324.2,920.73,101961,3.367406487464905,-0.0038606984599027783,-0.7848432473838329,0.014026174321770668,0.7157946825027466,0.27351482607546845,0.2591552734375,0.0,0.0003,,,,,,,,,739.0
8970240,1095,1684.701,5324.5,864.69,102025,2.830420307815075,-0.003624322547693737,-0.7435382269322872,0.013680417090654373,0.7423397302627563,0.2735684886914954,0.332275390625,0.0,0.0003,,,,,,,,,739.0
8978432,1096,1686.311,5324.3,844.44,102115,3.2888569831848145,0.0016836497306940146,-0.7496814616024494,0.015580685809254646,0.727675199508667,0.27359933226648037,0.307373046875,0.0,0.0003,,,,,,,,,739.0
8986624,1097,1687.701,5324.8,658.44,102195,3.3339056372642517,-0.0012036972620990127,-0.7215496636927128,0.014722133055329323,0.7501393556594849,0.2736260023786463,0.3028564453125,0.0,0.0003,,,,,,,,,739.0
8994816,1098,1688.986,5325.6,718.23,102255,2.794092044234276,-0.004047112102853134,-0.6923240013420582,0.012327229604125023,0.7333815097808838,0.2737022080273793,0.3572998046875,0.0,0.0003,,,,,,,,,739.0
9003008,1099,1690.389,5326.0,809.25,102325,2.8068275153636932,-0.0036762761301361024,-0.7028799913823605,0.015275716781616211,0.7439777851104736,0.273770055519222,0.3482666015625,0.0,0.0003,,,,,,,,,739.0
9011200,1100,1691.799,5326.4,800.55,102392,2.8515591472387314,-0.0014466745487879962,-0.714447271078825,0.012331911362707615,0.7331748008728027,0.2738407759232955,0.3515625,0.0,0.0003,,,,,,,,,739.0
9019392,1101,1693.121,5327.1,946.5,102449,2.5051382780075073,-0.0029931543540442362,-0.7035489343106747,0.011870745569467545,0.7537733316421509,0.27390094587306996,0.340087890625,0.0,0.0003,,,,,,,,,739.0
9027584,1102,1694.476,5327.7,976.26,102516,3.0038178116083145,-0.000491553291794844,-0.7454204000532627,0.01345228310674429,0.7651759386062622,0.2739552464978448,0.333740234375,0.0,0.0003,,,,,,,,,739.0
9035776,1103,1695.897,5328.0,955.2,102588,3.0796213150024414,0.0005540080237551592,-0.7300130873918533,0.016188284382224083,0.7619445323944092,0.2739801207998073,0.3013916015625,0.0,0.0003,,,,,,,,,739.0
9043968,1104,1697.302,5328.4,764.25,102671,2.992965117096901,-0.0012159347243141383,-0.7268838882446289,0.021621908992528915,0.7701032757759094,0.2740394481714221,0.3394775390625,0.0,0.0003,,,,,,,,,739.0
9052160,1105,1698.661,5329.0,690.84,102737,3.4047696590423584,-0.001517077733296901,-0.7291615679860115,0.019659265875816345,0.7315152287483215,0.2740904933187217,0.3304443359375,0.0,0.0003,,,,,,,,,739.0
9060352,1106,1700.099,5329.3,857.88,102825,3.035291001200676,-0.001180837512947619,-0.7415347248315811,0.01969049870967865,0.7858460545539856,0.27411120450949367,0.2969970703125,0.0,0.0003,,,,,,,,,739.0
9068544,1107,1701.454,5329.9,749.46,102892,3.044347569346428,-0.002309060000698082,-0.7336640171706676,0.015851274132728577,0.7532985210418701,0.27415051412883923,0.317626953125,0.0,0.0003,,,,,,,,,739.0
9076736,1108,1702.903,5330.2,866.97,102955,3.0655352771282196,-0.0022867672669235617,-0.7298587188124657,0.016568901017308235,0.7592679858207703,0.27418666798285196,0.314208984375,0.0,0.0003,,,,,,,,,739.0
9084928,1109,1704.235,5330.8,907.44,103026,2.8911034762859344,-0.00275978006538935,-0.7047255225479603,0.019886326044797897,0.7651063203811646,0.27422187605669524,0.313232421875,0.0,0.0003,,,,,,,,,739.0
9093120,1110,1705.592,5331.4,872.28,103094,3.416196197271347,-0.0004204389115329832,-0.7049729041755199,0.02216143161058426,0.7372614145278931,0.2742580104518581,0.3143310546875,0.0,0.0003,,,,,,,,,739.0
9101312,1111,1706.685,5332.7,879.03,103153,2.992423713207245,0.007854051170094559,-0.691172331571579,0.027939166873693466,0.7665910720825195,0.274352532909541,0.3792724609375,0.0,0.0003,,,,,,,,,739.0
9109504,1112,1708.044,5333.3,1012.35,103230,2.67419470846653,-0.0020690108212875202,-0.7066909559071064,0.02114144340157509,0.8095799088478088,0.2744444703026641,0.3765869140625,0.0,0.0003,,,,,,,,,739.0
9117696,1113,1709.394,5333.9,843.81,103293,2.8984739184379578,0.003910863408236764,-0.6627830155193806,0.013990551233291626,0.7699687480926514,0.2745262618977426,0.365478515625,0.0,0.0003,,,,,,,,,739.0
9125888,1114,1710.735,5334.5,817.29,103353,2.6566742807626724,-0.0009600978373782709,-0.6460736021399498,0.023212675005197525,0.7351370453834534,0.2746351916657316,0.3958740234375,0.0,0.0003,,,,,,,,,739.0
9134080,1115,1712.053,5335.2,773.31,103422,3.061816081404686,-0.002182264201110229,-0.6996892057359219,0.013835038058459759,0.7370702028274536,0.2746700269758969,0.3134765625,0.0,0.0003,,,,,,,,,739.0
9142272,1116,1713.517,5335.4,942.0,103500,3.125496491789818,-0.0025591087469365448,-0.7170756012201309,0.013835791498422623,0.7416833639144897,0.2747072062612007,0.316162109375,0.0,0.0003,,,,,,,,,739.0
9150464,1117,1714.904,5335.8,812.76,103571,3.201177641749382,-0.002849020587746054,-0.7372884005308151,0.015498192980885506,0.7395190596580505,0.2747103316290846,0.2781982421875,0.0,0.0003,909.69,700.5,3393,100,0.0,0.0,0.0,0,739.0
9158656,1118,1716.648,5335.2,889.56,103628,2.788543701171875,-0.0023073211050359532,-0.729623593389988,0.01748036779463291,0.7361806631088257,0.27476018315351075,0.3304443359375,0.0,0.0003,,,,,,,,,739.0
9166848,1119,1718.002,5335.8,951.18,103706,3.0627935379743576,-0.0018015451496466994,-0.7386958301067352,0.015058448538184166,0.7574544548988342,0.2748307815292672,0.353759765625,0.0,0.0003,,,,,,,,,739.0
9175040,1120,1719.343,5336.4,892.83,103773,2.7620417922735214,-0.004543933755485341,-0.7546152248978615,0.01217656023800373,0.7488590478897095,0.27487422398158484,0.323486328125,0.0,0.0003,,,,,,,,,739.0
9183232,1121,1720.675,5337.0,822.72,103843,3.0798410028219223,-0.003706703835632652,-0.7381257973611355,0.009733881801366806,0.7349143028259277,0.2749071350914362,0.311767578125,0.0,0.0003,,,,,,,,,739.0
9191424,1122,1722.046,5337.5,920.4,103923,3.321255639195442,-0.0027786218997789547,-0.7741470187902451,0.013694344088435173,0.7308390140533447,0.2749197512811943,0.2890625,0.0,0.0003,,,,,,,,,739.0
9199616,1123,1723.465,5337.9,781.77,103998,3.526546388864517,-0.0009626357350498438,-0.7910448238253593,0.021168099716305733,0.6927360892295837,0.27490843096059664,0.26220703125,0.0,0.0003,,,,,,,,,739.0
9207808,1124,1724.978,5337.9,869.28,104071,3.3896410316228867,-0.00160467010573484,-0.782749067991972,0.018638981506228447,0.7057682275772095,0.274893003850645,0.257568359375,0.0,0.0003,,,,,,,,,739.0
9216000,1125,1726.328,5338.5,1049.04,104144,3.379251167178154,-0.0032410256972070783,-0.7753072716295719,0.014576339162886143,0.71477210521698,0.2748662109375,0.2447509765625,0.0,0.0003,,,,,,,,,739.0
9224192,1126,1727.699,5339.0,954.09,104229,3.4514501690864563,-0.0034010665549430996,-0.785147912800312,0.01328370627015829,0.7439284324645996,0.2748501982612678,0.2568359375,0.0,0.0003,,,,,,,,,739.0
9232384,1127,1729.059,5339.5,906.27,104308,3.692478269338608,-0.0015143075870582834,-0.752287570387125,0.016907813027501106,0.7218853831291199,0.2748441789249667,0.26806640625,0.0,0.0003,,,,,,,,,739.0
9240576,1128,1730.35,5340.3,769.05,104374,3.6326815485954285,-0.001899085553304758,-0.762548390775919,0.01444820687174797,0.7330038547515869,0.27485721669298535,0.28955078125,0.0,0.0003,,,,,,,,,739.0
9248768,1129,1731.716,5340.8,972.87,104444,3.0905746519565582,-0.0028699921094812453,-0.7471891678869724,0.01924699917435646,0.7890009880065918,0.2748533642534876,0.2705078125,0.0,0.0003,,,,,,,,,739.0
9256960,1130,1733.173,5341.0,905.28,104517,3.5527929812669754,-0.002027795067988336,-0.7463023215532303,0.022171590477228165,0.7847554087638855,0.27487749758019914,0.3021240234375,0.0,0.0003,,,,,,,,,739.0
9265152,1131,1734.652,5341.2,912.06,104594,3.0700915455818176,-7.841040496714413e-05,-0.7464251853525639,0.012058686465024948,0.819370448589325,0.2749345072806145,0.33935546875,0.0,0.0003,,,,,,,,,739.0
9273344,1132,1735.982,5341.8,805.62,104661,3.520338609814644,-0.0009184501541312784,-0.7408864498138428,0.021276287734508514,0.761510968208313,0.2749617613667734,0.3057861328125,0.0,0.0003,,,,,,,,,739.0
9281536,1133,1737.359,5342.3,777.33,104741,3.8045304864645004,-0.0022567319247173145,-0.7378787845373154,0.016669388860464096,0.7537103295326233,0.2749550289952008,0.267333984375,0.0,0.0003,,,,,,,,,739.0
9289728,1134,1738.755,5342.7,891.39,104813,3.4960863441228867,-0.002101266902172938,-0.7366361767053604,0.013378649018704891,0.7499088048934937,0.27496370184358465,0.2847900390625,0.0,0.0003,,,,,,,,,739.0
9297920,1135,1740.087,5343.4,878.73,104875,3.128629744052887,-0.0025457569281570613,-0.7131834849715233,0.014688230119645596,0.7872095704078674,0.2749975263284692,0.3133544921875,0.0,0.0003,,,,,,,,,739.0
9306112,1136,1741.443,5343.9,947.67,104945,3.267273649573326,-0.002802376344334334,-0.7059853747487068,0.018177911639213562,0.7532555460929871,0.27504794698365975,0.332275390625,0.0,0.0003,,,,,,,,,739.0
9314304,1137,1742.889,5344.2,888.96,105020,3.578886091709137,-0.0011827213311335072,-0.7378285489976406,0.014610967598855495,0.7254472970962524,0.27507884647097625,0.3101806640625,0.0,0.0003,,,,,,,,,739.0
9322496,1138,1744.217,5344.8,887.04,105087,3.32971628010273,-0.000991801411146298,-0.7357312589883804,0.01868431642651558,0.7280842661857605,0.27510153933023945,0.3009033203125,0.0,0.0003,,,,,,,,,739.0
9330688,1139,1745.549,5345.4,885.27,105154,3.5533404648303986,-0.001771702867699787,-0.7531510479748249,0.015299259684979916,0.7191596031188965,0.2751254784213126,0.3023681640625,0.0,0.0003,,,,,,,,,739.0
9338880,1140,1746.971,5345.8,978.9,105223,3.6076304763555527,-0.0006035545375198126,-0.7701864056289196,0.021187297999858856,0.7010127305984497,0.2751258180852522,0.2755126953125,0.0,0.0003,,,,,,,,,739.0
9347072,1141,1748.317,5346.3,980.31,105304,4.080891564488411,-0.0015328138615586795,-0.7789341062307358,0.01935073733329773,0.7236806750297546,0.275108397581617,0.2552490234375,0.0,0.0003,,,,,,,,,739.0
9355264,1142,1749.682,5346.8,905.67,105374,3.8690462708473206,-0.0016758787824073806,-0.7614048160612583,0.011220056563615799,0.7350223064422607,0.2751124928168783,0.27978515625,0.0,0.0003,,,,,,,,,739.0
9363456,1143,1751.111,5347.2,925.05,105456,3.7094943523406982,-0.000768619152950123,-0.7907163947820663,0.018787559121847153,0.7594919204711914,0.27510333791283903,0.2646484375,0.0,0.0003,,,,,,,,,739.0
9371648,1144,1752.529,5347.5,811.83,105531,3.6769726127386093,-0.0031676259386586025,-0.7923043519258499,0.011229011230170727,0.7391222715377808,0.27510390915237104,0.2757568359375,0.0,0.0003,,,,,,,,,739.0
9379840,1145,1753.869,5348.1,774.36,105605,3.5352530628442764,-0.0031309984769904986,-0.7906967885792255,0.01490640640258789,0.7328148484230042,0.2751095967521834,0.2816162109375,0.0,0.0003,,,,,,,,,739.0
9388032,1146,1755.33,5348.3,802.74,105699,3.6247786581516266,0.0013024384024902247,-0.812545508146286,0.017245609313249588,0.768669843673706,0.27510547471504143,0.2703857421875,0.0,0.0003,,,,,,,,,739.0
9396224,1147,1756.776,5348.6,735.51,105778,3.4271398335695267,-0.002491307575837709,-0.7936692200601101,0.013467816635966301,0.7655232548713684,0.27511338597291846,0.2841796875,0.0,0.0003,,,,,,,,,739.0
9404416,1148,1758.08,5349.3,742.65,105846,3.4713454842567444,-0.002202765623223968,-0.7623011581599712,0.016621876507997513,0.7494597434997559,0.275134894075294,0.2998046875,0.0,0.0003,,,,,,,,,739.0
9412608,1149,1759.409,5349.9,703.44,105920,3.462226778268814,-0.0015567964437650517,-0.7481727264821529,0.014770692214369774,0.751964807510376,0.2751742131405026,0.3203125,0.0,0.0003,,,,,,,,,739.0
9420800,1150,1760.719,5350.5,782.64,105992,2.671212136745453,0.00037312673521228135,-0.7405160702764988,0.019354311749339104,0.7863267660140991,0.27523660411005435,0.346923828125,0.0,0.0003,,,,,,,,,739.0
9428992,1151,1762.117,5350.9,918.48,106066,2.93626169860363,-0.00268045297707431,-0.7524016499519348,0.012843726202845573,0.7919988036155701,0.27527544831939615,0.3199462890625,0.0,0.0003,,,,,,,,,739.0
9437184,1152,1763.457,5351.5,746.67,106136,2.916458383202553,-0.004310055388486944,-0.7453075908124447,0.012778486125171185,0.792370617389679,0.27530786726209855,0.3126220703125,0.0,0.0003,,,,,,,,,739.0
9445376,1153,1764.886,5351.8,817.68,106215,3.108395606279373,-0.002244743562187068,-0.763452410697937,0.015935566276311874,0.762502908706665,0.2753106917077732,0.278564453125,0.0,0.0003,,,,,,,,,739.0
9453568,1154,1766.342,5352.1,864.81,106287,3.324760004878044,-0.001378127548377961,-0.7793241590261459,0.015493575483560562,0.7475191354751587,0.27529468238870236,0.2568359375,0.0,0.0003,,,,,,,,,739.0
9461760,1155,1767.763,5352.4,893.22,106355,3.837239980697632,-0.00417094660224393,-0.7580889165401459,0.01340013463050127,0.7160308957099915,0.27530480587121214,0.2869873046875,0.0,0.0003,,,,,,,,,739.0
9469952,1156,1769.127,5352.9,940.68,106431,3.569077268242836,0.00022999549400992692,-0.7410691790282726,0.024623369798064232,0.7396979928016663,0.2753081536210532,0.2791748046875,0.0,0.0003,,,,,,,,,739.0
9478144,1157,1770.495,5353.4,760.44,106514,4.082803875207901,-0.0010608110023895279,-0.7372737936675549,0.015551191754639149,0.7264119386672974,0.2753156103135804,0.283935546875,0.0,0.0003,,,,,,,,,739.0
9486336,1158,1771.861,5353.9,805.05,106584,3.4153533279895782,-0.0022945540258660913,-0.7614532634615898,0.017021747305989265,0.7636817693710327,0.27532442451964595,0.2855224609375,0.0,0.0003,,,,,,,,,739.0
9494528,1159,1773.295,5354.2,866.37,106650,3.02700237929821,0.0007861539052100852,-0.7153896167874336,0.02411702647805214,0.7725245952606201,0.2753636621009491,0.32080078125,0.0,0.0003,,,,,,,,,739.0
9502720,1160,1774.686,5354.6,883.98,106733,3.561478912830353,-0.00043670421291608363,-0.7139766402542591,0.01576356589794159,0.7530938386917114,0.2753982017780172,0.3154296875,0.0,0.0003,,,,,,,,,739.0
9510912,1161,1776.088,5355.0,847.53,106800,3.0456823855638504,0.006602250796277076,-0.6613990254700184,0.01744239777326584,0.7725434899330139,0.27548241430474807,0.3731689453125,0.0,0.0003,,,,,,,,,739.0
9519104,1162,1777.502,5355.3,826.68,106863,2.7676401883363724,0.0055442171287722886,-0.6403845325112343,0.03144906461238861,0.7571885585784912,0.27557877296014416,0.387451171875,0.0,0.0003,,,,,,,,,739.0
9527296,1163,1778.776,5356.1,812.46,106922,2.3550191819667816,0.0007096730405464768,-0.6210346557199955,0.018297012895345688,0.7921421527862549,0.2757178951929278,0.4373779296875,0.0,0.0003,,,,,,,,,739.0
9535488,1164,1780.026,5356.9,821.55,106977,2.2988803312182426,-0.00020881160162389278,-0.569902092218399,0.014261016622185707,0.7844098806381226,0.2759139332984321,0.50390625,0.0,0.0003,,,,,,,,,739.0
9543680,1165,1781.497,5357.1,799.14,107019,2.0732216984033585,-0.001238159806234762,-0.5804317146539688,0.014158826321363449,0.7990415096282959,0.27612535206545064,0.522216796875,0.0,0.0003,,,,,,,,,739.0
9551872,1166,1782.863,5357.6,743.94,107074,2.0635733604431152,0.0026297577715013176,-0.5770909748971462,0.017644032835960388,0.829517662525177,0.27633546596939323,0.5211181640625,0.0,0.0003,,,,,,,,,739.0
9560064,1167,1784.121,5358.4,880.53,107120,2.015000082552433,-0.0012906273332191631,-0.6187288761138916,0.015721172094345093,0.8020675182342529,0.2765539017312018,0.53125,0.0,0.0003,,,,,,,,,739.0
9568256,1168,1785.455,5359.0,814.53,107181,2.306210845708847,0.005529226182261482,-0.6869533322751522,0.03042183630168438,0.79761803150177,0.27671009220489085,0.458984375,0.0,0.0003,,,,,,,,,739.0
9576448,1169,1786.788,5359.6,818.31,107249,2.4234262108802795,-0.0018637496541487053,-0.7332944311201572,0.013175017200410366,0.7904452681541443,0.2767918752339072,0.372314453125,0.0,0.0003,,,,,,,,,739.0
9584640,1170,1788.208,5359.9,785.85,107328,2.780241623520851,0.00044163329584989697,-0.7910892106592655,0.022069932892918587,0.7490407824516296,0.2768215603298611,0.3115234375,0.0,0.0003,,,,,,,,,739.0
9592832,1171,1789.593,5360.3,826.38,107396,3.121883675456047,-0.0015625995438313112,-0.8027230203151703,0.01251826249063015,0.7165352702140808,0.27683232647043127,0.2894287109375,0.0,0.0003,,,,,,,,,739.0
9601024,1172,1791.004,5360.7,774.81,107483,3.231942370533943,0.0013857362064300105,-0.824106153100729,0.013090193271636963,0.7284016609191895,0.27682922154970135,0.273193359375,0.0,0.0003,,,,,,,,,739.0
9609216,1173,1792.372,5361.2,748.11,107562,3.626301273703575,-0.0006910635129315779,-0.8187351077795029,0.014920985326170921,0.6952913999557495,0.27681269731058183,0.2574462890625,0.0,0.0003,,,,,,,,,739.0
9617408,1174,1793.847,5361.3,800.25,107634,3.795687958598137,0.003845063387416303,-0.800443422049284,0.016044102609157562,0.6811376810073853,0.27680077625905025,0.2628173828125,0.0,0.0003,,,,,,,,,739.0
9625600,1175,1794.973,5362.5,912.27,107718,3.4157072947575498,0.005563852556336384,-0.7750096046007596,0.048337243497371674,0.7282735109329224,0.27677713597074466,0.2490234375,0.0,0.0003,,,,,,,,,739.0
9633792,1176,1796.372,5362.9,765.09,107791,3.7815101891756058,0.0020510267495410517,-0.7520690225064754,0.016599340364336967,0.7234683036804199,0.27679163095902426,0.2938232421875,0.0,0.0003,,,,,,,,,739.0
9641984,1177,1797.736,5363.4,779.19,107865,4.105498626828194,7.157237268984318e-05,-0.7449053451418877,0.013279715552926064,0.7045894861221313,0.2768114943978335,0.3001708984375,0.0,0.0003,,,,,,,,,739.0
9650176,1178,1799.092,5363.9,821.88,107933,3.731092467904091,-0.0010685544402804226,-0.7350445725023746,0.014527909457683563,0.7184253931045532,0.27683816336613964,0.3082275390625,0.0,0.0003,,,,,,,,,739.0
9658368,1179,1800.422,5364.5,934.98,108004,3.2963525652885437,9.35922289500013e-05,-0.6871523410081863,0.013254192657768726,0.7414532899856567,0.2768955376312023,0.344482421875,0.0,0.0003,922.59,721.5,3399,100,0.0,0.0,0.0,0,739.0
9666560,1180,1802.138,5363.9,856.2,108070,3.056790843605995,-0.0023890539378044195,-0.7071142308413982,0.008019253611564636,0.7721344232559204,0.2769768149165784,0.372802734375,0.0,0.0003,,,,,,,,,739.0
9674752,1181,1803.514,5364.4,828.87,108144,2.7952639907598495,-0.0023563606082461774,-0.7150797843933105,0.014807886444032192,0.7793232798576355,0.27704989233832555,0.36328125,0.0,0.0003,,,,,,,,,739.0
9682944,1182,1804.916,5364.8,839.91,108205,2.9050703793764114,-0.0006586216040886939,-0.714508481323719,0.012279636226594448,0.7540304660797119,0.27712460177400594,0.3653564453125,0.0,0.0003,,,,,,,,,739.0
9691136,1183,1806.336,5365.1,863.1,108273,3.2892330437898636,-0.0021673046721844003,-0.7289116382598877,0.011586534790694714,0.7171720862388611,0.27720031996248945,0.36669921875,0.0,0.0003,,,,,,,,,739.0
9699328,1184,1807.707,5365.5,839.46,108346,3.704220026731491,-0.0009866645850706846,-0.7598586976528168,0.009642498567700386,0.7018458843231201,0.27723972217456716,0.3238525390625,0.0,0.0003,,,,,,,,,739.0
9707520,1185,1809.114,5365.9,819.03,108421,3.082171469926834,-0.002860278087609913,-0.7773764580488205,0.008132441900670528,0.7259501218795776,0.27726607825685656,0.3084716796875,0.0,0.0003,,,,,,,,,739.0
9715712,1186,1810.411,5366.6,820.44,108489,3.463455453515053,-9.454909013584256e-05,-0.7804344184696674,0.014060488902032375,0.6947307586669922,0.27727674513200884,0.2899169921875,0.0,0.0003,,,,,,,,,739.0
9723904,1187,1811.734,5367.2,909.18,108553,3.5082223266363144,-0.002176012611016631,-0.749180730432272,0.011384628713130951,0.6852160692214966,0.2773128981939764,0.3201904296875,0.0,0.0003,,,,,,,,,739.0
9732096,1188,1813.092,5367.7,989.82,108624,3.006099581718445,-0.0027215249720029533,-0.7458057515323162,0.013043539598584175,0.7614548206329346,0.27737570611716117,0.3519287109375,0.0,0.0003,,,,,,,,,739.0
9740288,1189,1814.405,5368.3,965.82,108679,2.5236231833696365,-0.002866336886654608,-0.7308354079723358,0.00928139965981245,0.7807170748710632,0.27745719633752103,0.374267578125,0.0,0.0003,,,,,,,,,739.0
9748480,1190,1815.879,5368.5,1003.32,108756,3.056741863489151,-0.0023857034248067066,-0.7404052913188934,0.01371714472770691,0.7717905044555664,0.2775101349133403,0.3404541015625,0.0,0.0003,,,,,,,,,739.0
9756672,1191,1817.359,5368.6,856.44,108830,3.312477558851242,-0.0023482373071601614,-0.7368056513369083,0.012425018474459648,0.7402491569519043,0.27756964669920237,0.348388671875,0.0,0.0003,,,,,,,,,739.0
9764864,1192,1818.714,5369.1,758.91,108896,3.0006518959999084,-0.0007140721281757578,-0.7496685162186623,0.012388898059725761,0.7502119541168213,0.27762547435376467,0.3441162109375,0.0,0.0003,,,,,,,,,739.0
9773056,1193,1820.018,5369.8,880.26,108965,2.71476848423481,-0.002931397291831672,-0.7516545057296753,0.009657125920057297,0.7824041843414307,0.27767854804065384,0.3409423828125,0.0,0.0003,,,,,,,,,739.0
9781248,1194,1821.348,5370.3,864.66,109040,3.2056045085191727,-0.001006162361591123,-0.761190440505743,0.012465950101613998,0.760852575302124,0.27770975646461477,0.31494140625,0.0,0.0003,,,,,,,,,739.0
9789440,1195,1822.675,5370.9,807.33,109106,3.192475810647011,-0.0022222444385988638,-0.7329140193760395,0.009001197293400764,0.7465826272964478,0.27776195574006274,0.340087890625,0.0,0.0003,,,,,,,,,739.0
9797632,1196,1823.997,5371.5,814.08,109173,2.9984864741563797,-0.0022640445386059582,-0.7377724125981331,0.011072718538343906,0.7781280875205994,0.27784632041701507,0.378662109375,0.0,0.0003,,,,,,,,,739.0
9805824,1197,1825.407,5371.9,809.4,109244,3.534761518239975,0.00043792728683911264,-0.7371278665959835,0.017124902456998825,0.7636962532997131,0.2779184084886696,0.3641357421875,0.0,0.0003,,,,,,,,,739.0
9814016,1198,1826.717,5372.5,853.77,109310,3.6522780805826187,-0.0027285128526273184,-0.7237267009913921,0.011000619269907475,0.7470576763153076,0.2779826321864566,0.3548583984375,0.0,0.0003,,,,,,,,,739.0
9822208,1199,1828.055,5373.0,871.29,109382,3.3440626859664917,-0.0005084610602352768,-0.7457935735583305,0.016318775713443756,0.765433669090271,0.27802119441982903,0.32421875,0.0,0.0003,,,,,,,,,739.0
9830400,1200,1829.406,5373.5,873.12,109456,3.6260577887296677,-0.001721101172734052,-0.7647181488573551,0.012264488264918327,0.758726954460144,0.2780509440104167,0.313720703125,0.0,0.0003,,,,,,,,,739.0
9838592,1201,1830.73,5374.1,771.54,109523,3.2253666669130325,-0.0028848992806160823,-0.7669381648302078,0.014830519445240498,0.7626679539680481,0.27809477209747085,0.3306884765625,0.0,0.0003,,,,,,,,,739.0
9846784,1202,1832.104,5374.6,786.96,109601,3.869474619626999,-0.0003878568531945348,-0.8171308264136314,0.0229366272687912,0.7418019771575928,0.2781079589031302,0.2939453125,0.0,0.0003,,,,,,,,,739.0
9854976,1203,1833.541,5374.8,834.12,109680,3.4539821594953537,-0.0014279992174124345,-0.7670857831835747,0.011344637721776962,0.7707269787788391,0.2781352283354115,0.3109130859375,0.0,0.0003,,,,,,,,,739.0
9863168,1204,1834.911,5375.3,825.33,109745,3.781497970223427,-0.0010045032249763608,-0.7731034159660339,0.014780383557081223,0.7386334538459778,0.2781528206758721,0.29931640625,0.0,0.0003,,,,,,,,,739.0
9871360,1205,1836.331,5375.6,862.86,109822,3.893769294023514,-0.0024227669346146286,-0.7787927463650703,0.01236703060567379,0.724736750125885,0.278185984504668,0.318115234375,0.0,0.0003,,,,,,,,,739.0
9879552,1206,1837.703,5376.0,793.74,109890,3.4542646408081055,-0.001233296119607985,-0.7616647593677044,0.011346026323735714,0.70672607421875,0.27821362750051826,0.3115234375,0.0,0.0003,,,,,,,,,739.0
9887744,1207,1839.073,5376.5,893.04,109960,3.1114486753940582,-0.0016981416556518525,-0.7390569821000099,0.01967950537800789,0.7326395511627197,0.27824607918651617,0.3173828125,0.0,0.0003,,,,,,,,,739.0
9895936,1208,1840.439,5376.9,891.93,110031,3.016499862074852,0.00023950173635967076,-0.7464808821678162,0.02487317845225334,0.7401429414749146,0.2782787802993067,0.3177490234375,0.0,0.0003,,,,,,,,,739.0
9904128,1209,1841.769,5377.5,966.03,110099,3.0008880496025085,-0.0009220876236213371,-0.72060501947999,0.017375804483890533,0.7652250528335571,0.2783218270200062,0.330322265625,0.0,0.0003,,,,,,,,,739.0
9912320,1210,1843.095,5378.1,942.36,110161,2.929442271590233,0.0056394766725134104,-0.7394082397222519,0.02377692423760891,0.7822195887565613,0.27835592474819215,0.319580078125,0.0,0.0003,,,,,,,,,739.0
9920512,1211,1844.563,5378.2,801.6,110243,4.275908932089806,0.0017510425823275,-0.7612718567252159,0.014540041796863079,0.7295354604721069,0.2783625482233175,0.286376953125,0.0,0.0003,,,,,,,,,739.0
9928704,1212,1846.155,5378.0,860.94,110309,4.228541702032089,-0.000643337523797527,-0.7332491166889668,0.014108603820204735,0.6849848031997681,0.27840964943662333,0.33544921875,0.0,0.0003,,,,,,,,,739.0
9936896,1213,1847.681,5378.0,874.29,110382,3.2689159512519836,-0.002095036892569624,-0.7776194624602795,0.017578832805156708,0.7720338702201843,0.2784424834475474,0.3182373046875,0.0,0.0003,,,,,,,,,739.0
9945088,1214,1849.233,5378.0,822.63,110461,3.887137785553932,-0.0006094622804084793,-0.7823835127055645,0.015115227550268173,0.7547693848609924,0.27843474084894976,0.26904296875,0.0,0.0003,,,,,,,,,739.0
9953280,1215,1850.585,5378.4,792.78,110538,4.056548327207565,0.00015264317335095257,-0.7617775425314903,0.01805771142244339,0.7314874529838562,0.2784583574459877,0.30712890625,0.0,0.0003,,,,,,,,,739.0
9961472,1216,1851.918,5379.0,794.7,110614,3.789796233177185,0.000835734506836161,-0.71567552536726,0.018202299252152443,0.7547436356544495,0.27848996614155014,0.31689453125,0.0,0.0003,,,,,,,,,739.0
9969664,1217,1853.255,5379.5,787.74,110678,3.3541290163993835,-0.001051354265655391,-0.7088674940168858,0.014460043050348759,0.7641054391860962,0.2785416840527424,0.3414306640625,0.0,0.0003,,,,,,,,,739.0
9977856,1218,1854.676,5379.8,798.06,110753,3.230505093932152,0.0010628316813381389,-0.7233777530491352,0.017326410859823227,0.8008498549461365,0.27859281593159896,0.3408203125,0.0,0.0003,,,,,,,,,739.0
9986048,1219,1855.972,5380.5,703.2,110813,2.866660386323929,-0.0010607763470034115,-0.6905213966965675,0.02060735411942005,0.8102360963821411,0.27869123000410173,0.3985595703125,0.0,0.0003,,,,,,,,,739.0
9994240,1220,1857.347,5380.9,730.59,110884,3.047652706503868,0.00570849007635843,-0.6895467564463615,0.029440980404615402,0.819939911365509,0.27876807040855534,0.3724365234375,0.0,0.0003,,,,,,,,,739.0
10002432,1221,1858.664,5381.5,727.14,110949,2.828911140561104,0.00087300332961604,-0.7014947757124901,0.009998692199587822,0.822795033454895,0.27888317561169124,0.4193115234375,0.0,0.0003,1156.56,913.5,4095,100,0.0,0.0,0.0,0,739.0
