agent,seed,score,moves,max_tile
aléatoire,50000,351,45,48
aléatoire,50001,132,27,24
aléatoire,50002,291,37,48
aléatoire,50003,78,20,12
aléatoire,50004,339,46,48
aléatoire,50005,186,35,24
aléatoire,50006,231,41,24
aléatoire,50007,99,25,12
aléatoire,50008,174,33,24
aléatoire,50009,432,60,48
aléatoire,50010,201,40,24
aléatoire,50011,132,27,24
aléatoire,50012,177,35,24
aléatoire,50013,438,59,48
aléatoire,50014,471,60,48
aléatoire,50015,924,76,96
aléatoire,50016,390,52,48
aléatoire,50017,900,77,96
aléatoire,50018,897,82,96
aléatoire,50019,162,31,24
aléatoire,50020,393,53,48
aléatoire,50021,90,22,12
aléatoire,50022,396,53,48
aléatoire,50023,225,40,24
aléatoire,50024,105,26,12
aléatoire,50025,375,49,48
aléatoire,50026,342,46,48
aléatoire,50027,141,28,24
aléatoire,50028,189,37,24
aléatoire,50029,63,17,12
aléatoire,50030,1008,86,96
aléatoire,50031,549,72,48
aléatoire,50032,123,25,24
aléatoire,50033,177,36,24
aléatoire,50034,153,31,24
aléatoire,50035,339,46,48
aléatoire,50036,108,25,12
aléatoire,50037,318,43,48
aléatoire,50038,171,32,24
aléatoire,50039,153,31,24
aléatoire,50040,102,25,12
aléatoire,50041,258,47,24
aléatoire,50042,354,61,24
aléatoire,50043,222,39,24
aléatoire,50044,147,29,24
aléatoire,50045,252,45,24
aléatoire,50046,204,35,24
aléatoire,50047,438,59,48
aléatoire,50048,78,19,12
aléatoire,50049,174,35,24
aléatoire,50050,153,31,24
aléatoire,50051,885,75,96
aléatoire,50052,48,15,6
aléatoire,50053,387,52,48
aléatoire,50054,405,55,48
aléatoire,50055,162,32,24
aléatoire,50056,204,41,24
aléatoire,50057,303,37,48
aléatoire,50058,90,23,12
aléatoire,50059,219,38,24
aléatoire,50060,225,40,24
aléatoire,50061,162,33,24
aléatoire,50062,111,28,12
aléatoire,50063,141,28,24
aléatoire,50064,456,59,48
aléatoire,50065,63,18,12
aléatoire,50066,339,49,48
aléatoire,50067,348,49,48
aléatoire,50068,159,31,24
aléatoire,50069,564,63,48
aléatoire,50070,390,53,48
aléatoire,50071,210,38,24
aléatoire,50072,81,22,12
aléatoire,50073,405,53,48
aléatoire,50074,114,27,12
aléatoire,50075,288,51,24
aléatoire,50076,387,52,48
aléatoire,50077,45,14,6
aléatoire,50078,564,67,48
aléatoire,50079,261,47,24
aléatoire,50080,225,40,24
aléatoire,50081,222,39,24
aléatoire,50082,162,32,24
aléatoire,50083,153,31,24
aléatoire,50084,837,74,96
aléatoire,50085,117,23,24
aléatoire,50086,405,54,48
aléatoire,50087,156,30,24
aléatoire,50088,363,50,48
aléatoire,50089,171,34,24
aléatoire,50090,189,33,24
aléatoire,50091,327,44,48
aléatoire,50092,339,58,24
aléatoire,50093,150,28,24
aléatoire,50094,393,52,48
aléatoire,50095,180,34,24
aléatoire,50096,228,44,24
aléatoire,50097,111,26,12
aléatoire,50098,129,26,24
aléatoire,50099,189,36,24
aléatoire,50100,162,35,12
aléatoire,50101,414,57,48
aléatoire,50102,396,52,48
aléatoire,50103,423,57,48
aléatoire,50104,282,49,24
aléatoire,50105,111,22,24
aléatoire,50106,795,63,96
aléatoire,50107,189,38,24
aléatoire,50108,333,57,24
aléatoire,50109,459,59,48
aléatoire,50110,90,23,12
aléatoire,50111,405,52,48
aléatoire,50112,234,41,24
aléatoire,50113,360,49,48
aléatoire,50114,507,68,48
aléatoire,50115,468,60,48
aléatoire,50116,339,47,48
aléatoire,50117,120,24,24
aléatoire,50118,132,27,24
aléatoire,50119,111,26,12
aléatoire,50120,300,39,48
aléatoire,50121,417,57,48
aléatoire,50122,180,36,24
aléatoire,50123,186,36,24
aléatoire,50124,489,65,48
aléatoire,50125,279,50,24
aléatoire,50126,465,62,48
aléatoire,50127,870,73,96
aléatoire,50128,897,80,96
aléatoire,50129,378,49,48
aléatoire,50130,165,32,24
aléatoire,50131,255,46,24
aléatoire,50132,201,40,24
aléatoire,50133,132,26,24
aléatoire,50134,174,36,24
aléatoire,50135,156,30,24
aléatoire,50136,270,48,24
aléatoire,50137,396,52,48
aléatoire,50138,930,80,96
aléatoire,50139,156,31,24
aléatoire,50140,192,37,24
aléatoire,50141,252,45,24
aléatoire,50142,405,55,48
aléatoire,50143,159,33,24
aléatoire,50144,123,30,12
aléatoire,50145,75,20,12
aléatoire,50146,177,36,24
aléatoire,50147,207,40,24
aléatoire,50148,117,28,12
aléatoire,50149,180,36,24
aléatoire,50150,468,58,48
aléatoire,50151,111,26,12
aléatoire,50152,309,42,48
aléatoire,50153,396,52,48
aléatoire,50154,858,73,96
aléatoire,50155,420,57,48
aléatoire,50156,189,33,24
aléatoire,50157,114,22,24
aléatoire,50158,315,39,48
aléatoire,50159,1011,79,96
aléatoire,50160,69,19,12
aléatoire,50161,1125,94,96
aléatoire,50162,57,16,12
aléatoire,50163,219,44,24
aléatoire,50164,93,23,12
aléatoire,50165,273,47,24
aléatoire,50166,171,34,24
aléatoire,50167,1056,85,96
aléatoire,50168,822,69,96
aléatoire,50169,132,27,24
aléatoire,50170,180,36,24
aléatoire,50171,414,55,48
aléatoire,50172,378,49,48
aléatoire,50173,447,64,48
aléatoire,50174,159,30,24
aléatoire,50175,435,57,48
aléatoire,50176,87,23,12
aléatoire,50177,63,17,12
aléatoire,50178,792,84,48
aléatoire,50179,168,32,24
aléatoire,50180,246,44,24
aléatoire,50181,165,34,24
aléatoire,50182,171,33,24
aléatoire,50183,303,40,48
aléatoire,50184,177,34,24
aléatoire,50185,171,34,24
aléatoire,50186,558,65,48
aléatoire,50187,234,41,24
aléatoire,50188,183,37,24
aléatoire,50189,384,51,48
aléatoire,50190,102,24,12
aléatoire,50191,249,44,24
aléatoire,50192,441,60,48
aléatoire,50193,330,43,48
aléatoire,50194,516,67,48
aléatoire,50195,198,39,24
aléatoire,50196,147,30,24
aléatoire,50197,156,30,24
aléatoire,50198,486,67,48
aléatoire,50199,207,37,24
aléatoire,50200,165,33,24
aléatoire,50201,429,59,48
aléatoire,50202,324,45,48
aléatoire,50203,207,37,24
aléatoire,50204,189,37,24
aléatoire,50205,123,29,12
aléatoire,50206,438,60,48
aléatoire,50207,420,59,48
aléatoire,50208,171,34,24
aléatoire,50209,510,69,48
aléatoire,50210,81,20,12
aléatoire,50211,210,37,24
aléatoire,50212,396,68,24
aléatoire,50213,141,28,24
aléatoire,50214,69,18,12
aléatoire,50215,126,26,24
aléatoire,50216,51,16,6
aléatoire,50217,204,41,24
aléatoire,50218,99,24,12
aléatoire,50219,69,18,12
aléatoire,50220,375,48,48
aléatoire,50221,468,62,48
aléatoire,50222,435,61,48
aléatoire,50223,246,45,24
aléatoire,50224,126,25,24
aléatoire,50225,444,56,48
aléatoire,50226,435,60,48
aléatoire,50227,483,62,48
aléatoire,50228,174,34,24
aléatoire,50229,162,31,24
aléatoire,50230,1017,91,96
aléatoire,50231,1113,92,96
aléatoire,50232,111,26,12
aléatoire,50233,291,38,48
aléatoire,50234,228,40,24
aléatoire,50235,1077,94,96
aléatoire,50236,123,29,12
aléatoire,50237,165,33,24
aléatoire,50238,417,59,48
aléatoire,50239,366,51,48
aléatoire,50240,207,37,24
aléatoire,50241,153,30,24
aléatoire,50242,183,31,24
aléatoire,50243,135,26,24
aléatoire,50244,447,62,48
aléatoire,50245,192,38,24
aléatoire,50246,261,46,24
aléatoire,50247,246,44,24
aléatoire,50248,66,19,12
aléatoire,50249,468,67,48
aléatoire,50250,297,38,48
aléatoire,50251,405,55,48
aléatoire,50252,162,32,24
aléatoire,50253,165,32,24
aléatoire,50254,468,61,48
aléatoire,50255,834,68,96
aléatoire,50256,261,46,24
aléatoire,50257,75,18,12
aléatoire,50258,189,36,24
aléatoire,50259,390,53,48
aléatoire,50260,84,21,12
aléatoire,50261,102,26,12
aléatoire,50262,264,47,24
aléatoire,50263,432,53,48
aléatoire,50264,123,25,24
aléatoire,50265,411,56,48
aléatoire,50266,273,49,24
aléatoire,50267,183,37,24
aléatoire,50268,897,80,96
aléatoire,50269,261,46,24
aléatoire,50270,192,33,24
aléatoire,50271,420,57,48
aléatoire,50272,153,31,24
aléatoire,50273,105,24,12
aléatoire,50274,141,28,24
aléatoire,50275,96,24,12
aléatoire,50276,333,44,48
aléatoire,50277,435,59,48
aléatoire,50278,135,26,24
aléatoire,50279,1383,100,96
aléatoire,50280,1056,88,96
aléatoire,50281,147,29,24
aléatoire,50282,294,48,24
aléatoire,50283,345,48,48
aléatoire,50284,231,41,24
aléatoire,50285,75,18,12
aléatoire,50286,117,23,24
aléatoire,50287,366,51,48
aléatoire,50288,108,26,12
aléatoire,50289,873,70,96
aléatoire,50290,174,34,24
aléatoire,50291,174,35,24
aléatoire,50292,285,52,24
aléatoire,50293,870,71,96
aléatoire,50294,120,28,12
aléatoire,50295,309,39,48
aléatoire,50296,393,51,48
aléatoire,50297,225,40,24
aléatoire,50298,342,48,48
aléatoire,50299,807,67,96
aléatoire,50300,69,19,12
aléatoire,50301,123,24,24
aléatoire,50302,318,43,48
aléatoire,50303,159,31,24
aléatoire,50304,432,58,48
aléatoire,50305,357,50,48
aléatoire,50306,159,30,24
aléatoire,50307,165,33,24
aléatoire,50308,645,73,48
aléatoire,50309,84,21,12
aléatoire,50310,126,30,12
aléatoire,50311,456,62,48
aléatoire,50312,156,30,24
aléatoire,50313,174,35,24
aléatoire,50314,414,54,48
aléatoire,50315,234,42,24
aléatoire,50316,225,40,24
aléatoire,50317,153,31,24
aléatoire,50318,363,50,48
aléatoire,50319,153,30,24
aléatoire,50320,465,67,48
aléatoire,50321,120,24,24
aléatoire,50322,102,25,12
aléatoire,50323,144,29,24
aléatoire,50324,108,25,12
aléatoire,50325,189,37,24
aléatoire,50326,903,80,96
aléatoire,50327,321,44,48
aléatoire,50328,90,21,12
aléatoire,50329,411,54,48
aléatoire,50330,126,25,24
aléatoire,50331,144,29,24
aléatoire,50332,186,35,24
aléatoire,50333,153,31,24
aléatoire,50334,78,19,12
aléatoire,50335,234,41,24
aléatoire,50336,135,26,24
aléatoire,50337,477,65,48
aléatoire,50338,651,79,48
aléatoire,50339,210,35,24
aléatoire,50340,246,43,24
aléatoire,50341,132,25,24
aléatoire,50342,279,35,48
aléatoire,50343,360,49,48
aléatoire,50344,486,62,48
aléatoire,50345,411,56,48
aléatoire,50346,129,25,24
aléatoire,50347,60,17,12
aléatoire,50348,261,47,24
aléatoire,50349,285,52,24
aléatoire,50350,549,60,48
aléatoire,50351,195,38,24
aléatoire,50352,324,44,48
aléatoire,50353,390,53,48
aléatoire,50354,273,34,48
aléatoire,50355,189,37,24
aléatoire,50356,825,68,96
aléatoire,50357,318,42,48
aléatoire,50358,189,33,24
aléatoire,50359,147,29,24
aléatoire,50360,642,73,48
aléatoire,50361,159,32,24
aléatoire,50362,531,64,48
aléatoire,50363,249,45,24
aléatoire,50364,357,48,48
aléatoire,50365,480,66,48
aléatoire,50366,378,52,48
aléatoire,50367,459,59,48
aléatoire,50368,396,54,48
aléatoire,50369,129,26,24
aléatoire,50370,183,36,24
aléatoire,50371,126,25,24
aléatoire,50372,537,64,48
aléatoire,50373,264,46,24
aléatoire,50374,399,55,48
aléatoire,50375,435,55,48
aléatoire,50376,282,35,48
aléatoire,50377,468,58,48
aléatoire,50378,168,32,24
aléatoire,50379,444,60,48
aléatoire,50380,390,52,48
aléatoire,50381,234,40,24
aléatoire,50382,330,45,48
aléatoire,50383,396,52,48
aléatoire,50384,165,32,24
aléatoire,50385,156,33,24
aléatoire,50386,198,39,24
aléatoire,50387,189,37,24
aléatoire,50388,87,22,12
aléatoire,50389,102,25,12
aléatoire,50390,111,26,12
aléatoire,50391,180,35,24
aléatoire,50392,240,42,24
aléatoire,50393,432,60,48
aléatoire,50394,132,30,12
aléatoire,50395,93,24,12
aléatoire,50396,156,31,24
aléatoire,50397,147,29,24
aléatoire,50398,432,55,48
aléatoire,50399,414,53,48
aléatoire,50400,153,30,24
aléatoire,50401,162,31,24
aléatoire,50402,162,32,24
aléatoire,50403,210,38,24
aléatoire,50404,408,57,48
aléatoire,50405,474,63,48
aléatoire,50406,411,56,48
aléatoire,50407,168,33,24
aléatoire,50408,117,28,12
aléatoire,50409,174,34,24
aléatoire,50410,96,24,12
aléatoire,50411,366,52,48
aléatoire,50412,276,49,24
aléatoire,50413,165,33,24
aléatoire,50414,393,51,48
aléatoire,50415,909,79,96
aléatoire,50416,174,35,24
aléatoire,50417,201,40,24
aléatoire,50418,159,31,24
aléatoire,50419,564,75,48
aléatoire,50420,96,24,12
aléatoire,50421,165,32,24
aléatoire,50422,663,79,48
aléatoire,50423,78,21,12
aléatoire,50424,198,35,24
aléatoire,50425,180,35,24
aléatoire,50426,165,33,24
aléatoire,50427,189,37,24
aléatoire,50428,177,35,24
aléatoire,50429,189,32,24
aléatoire,50430,171,34,24
aléatoire,50431,96,24,12
aléatoire,50432,438,54,48
aléatoire,50433,87,22,12
aléatoire,50434,195,38,24
aléatoire,50435,363,47,48
aléatoire,50436,75,19,12
aléatoire,50437,195,38,24
aléatoire,50438,192,34,24
aléatoire,50439,336,47,48
aléatoire,50440,1116,94,96
aléatoire,50441,273,49,24
aléatoire,50442,411,55,48
aléatoire,50443,366,46,48
aléatoire,50444,63,17,12
aléatoire,50445,204,36,24
aléatoire,50446,162,32,24
aléatoire,50447,270,50,24
aléatoire,50448,84,21,12
aléatoire,50449,396,52,48
aléatoire,50450,477,65,48
aléatoire,50451,255,46,24
aléatoire,50452,54,17,6
aléatoire,50453,492,63,48
aléatoire,50454,333,45,48
aléatoire,50455,189,37,24
aléatoire,50456,462,62,48
aléatoire,50457,1131,97,96
aléatoire,50458,882,78,96
aléatoire,50459,219,44,24
aléatoire,50460,78,22,12
aléatoire,50461,105,25,12
aléatoire,50462,261,47,24
aléatoire,50463,321,44,48
aléatoire,50464,120,28,12
aléatoire,50465,411,56,48
aléatoire,50466,387,52,48
aléatoire,50467,333,55,24
aléatoire,50468,81,22,12
aléatoire,50469,363,48,48
aléatoire,50470,405,55,48
aléatoire,50471,360,51,48
aléatoire,50472,252,45,24
aléatoire,50473,198,39,24
aléatoire,50474,270,48,24
aléatoire,50475,405,55,48
aléatoire,50476,417,57,48
aléatoire,50477,219,42,24
aléatoire,50478,357,46,48
aléatoire,50479,549,64,48
aléatoire,50480,342,44,48
aléatoire,50481,474,62,48
aléatoire,50482,201,40,24
aléatoire,50483,171,34,24
aléatoire,50484,225,40,24
aléatoire,50485,465,59,48
aléatoire,50486,315,41,48
aléatoire,50487,243,43,24
aléatoire,50488,93,23,12
aléatoire,50489,402,54,48
aléatoire,50490,216,43,24
aléatoire,50491,264,46,24
aléatoire,50492,270,44,24
aléatoire,50493,129,31,12
aléatoire,50494,222,39,24
aléatoire,50495,1143,105,96
aléatoire,50496,396,53,48
aléatoire,50497,54,16,6
aléatoire,50498,231,42,24
aléatoire,50499,1155,99,96
aléatoire,50500,252,45,24
aléatoire,50501,564,72,48
aléatoire,50502,429,56,48
aléatoire,50503,147,29,24
aléatoire,50504,336,46,48
aléatoire,50505,180,36,24
aléatoire,50506,423,59,48
aléatoire,50507,411,54,48
aléatoire,50508,156,30,24
aléatoire,50509,153,31,24
aléatoire,50510,168,33,24
aléatoire,50511,192,37,24
aléatoire,50512,90,24,12
aléatoire,50513,369,47,48
aléatoire,50514,441,56,48
aléatoire,50515,102,25,12
aléatoire,50516,237,41,24
aléatoire,50517,138,27,24
aléatoire,50518,162,32,24
aléatoire,50519,207,41,24
aléatoire,50520,450,62,48
aléatoire,50521,78,21,12
aléatoire,50522,339,46,48
aléatoire,50523,825,69,96
aléatoire,50524,252,49,24
aléatoire,50525,300,40,48
aléatoire,50526,549,62,48
aléatoire,50527,153,32,24
aléatoire,50528,198,39,24
aléatoire,50529,324,55,24
aléatoire,50530,60,17,12
aléatoire,50531,225,40,24
aléatoire,50532,177,34,24
aléatoire,50533,207,41,24
aléatoire,50534,396,50,48
aléatoire,50535,336,47,48
aléatoire,50536,168,33,24
aléatoire,50537,171,34,24
aléatoire,50538,498,70,48
aléatoire,50539,420,56,48
aléatoire,50540,384,51,48
aléatoire,50541,402,54,48
aléatoire,50542,360,51,48
aléatoire,50543,168,33,24
aléatoire,50544,96,24,12
aléatoire,50545,168,34,24
aléatoire,50546,108,26,12
aléatoire,50547,48,15,6
aléatoire,50548,378,48,48
aléatoire,50549,411,50,48
aléatoire,50550,267,47,24
aléatoire,50551,327,44,48
aléatoire,50552,381,49,48
aléatoire,50553,171,34,24
aléatoire,50554,192,38,24
aléatoire,50555,165,33,24
aléatoire,50556,180,35,24
aléatoire,50557,192,38,24
aléatoire,50558,120,29,12
aléatoire,50559,399,54,48
aléatoire,50560,231,45,24
aléatoire,50561,129,25,24
aléatoire,50562,405,55,48
aléatoire,50563,165,33,24
aléatoire,50564,348,48,48
aléatoire,50565,246,44,24
aléatoire,50566,462,62,48
aléatoire,50567,198,35,24
aléatoire,50568,195,34,24
aléatoire,50569,381,52,48
aléatoire,50570,405,54,48
aléatoire,50571,300,39,48
aléatoire,50572,231,45,24
aléatoire,50573,135,26,24
aléatoire,50574,222,39,24
aléatoire,50575,261,48,24
aléatoire,50576,900,76,96
aléatoire,50577,228,40,24
aléatoire,50578,57,16,12
aléatoire,50579,411,52,48
aléatoire,50580,486,69,48
aléatoire,50581,228,40,24
aléatoire,50582,183,37,24
aléatoire,50583,207,37,24
aléatoire,50584,102,24,12
aléatoire,50585,372,48,48
aléatoire,50586,177,36,24
aléatoire,50587,87,22,12
aléatoire,50588,363,47,48
aléatoire,50589,72,19,12
aléatoire,50590,231,41,24
aléatoire,50591,177,35,24
aléatoire,50592,387,50,48
aléatoire,50593,921,80,96
aléatoire,50594,111,21,24
aléatoire,50595,216,39,24
aléatoire,50596,171,35,24
aléatoire,50597,255,45,24
aléatoire,50598,321,37,48
aléatoire,50599,327,46,48
aléatoire,50600,222,39,24
aléatoire,50601,318,52,24
aléatoire,50602,330,46,48
aléatoire,50603,315,43,48
aléatoire,50604,180,36,24
aléatoire,50605,147,29,24
aléatoire,50606,876,75,96
aléatoire,50607,84,21,12
aléatoire,50608,339,47,48
aléatoire,50609,153,31,24
aléatoire,50610,96,24,12
aléatoire,50611,408,50,48
aléatoire,50612,90,23,12
aléatoire,50613,156,32,24
aléatoire,50614,339,46,48
aléatoire,50615,126,29,12
aléatoire,50616,192,38,24
aléatoire,50617,90,22,12
aléatoire,50618,72,20,12
aléatoire,50619,132,27,24
aléatoire,50620,150,30,24
aléatoire,50621,162,31,24
aléatoire,50622,207,41,24
aléatoire,50623,192,37,24
aléatoire,50624,81,21,12
aléatoire,50625,174,35,24
aléatoire,50626,345,48,48
aléatoire,50627,180,37,24
aléatoire,50628,417,58,48
aléatoire,50629,60,17,12
aléatoire,50630,336,47,48
aléatoire,50631,168,33,24
aléatoire,50632,339,46,48
aléatoire,50633,180,34,24
aléatoire,50634,417,56,48
aléatoire,50635,339,48,48
aléatoire,50636,198,39,24
aléatoire,50637,156,31,24
aléatoire,50638,174,35,24
aléatoire,50639,207,41,24
aléatoire,50640,216,37,24
aléatoire,50641,120,24,24
aléatoire,50642,426,57,48
aléatoire,50643,189,36,24
aléatoire,50644,405,55,48
aléatoire,50645,360,51,48
aléatoire,50646,438,58,48
aléatoire,50647,468,60,48
aléatoire,50648,141,28,24
aléatoire,50649,234,42,24
aléatoire,50650,228,40,24
aléatoire,50651,336,46,48
aléatoire,50652,432,61,48
aléatoire,50653,342,47,48
aléatoire,50654,486,64,48
aléatoire,50655,189,36,24
aléatoire,50656,318,43,48
aléatoire,50657,555,73,48
aléatoire,50658,183,35,24
aléatoire,50659,186,38,24
aléatoire,50660,51,14,12
aléatoire,50661,234,42,24
aléatoire,50662,423,59,48
aléatoire,50663,393,51,48
aléatoire,50664,372,47,48
aléatoire,50665,360,51,48
aléatoire,50666,438,59,48
aléatoire,50667,177,34,24
aléatoire,50668,84,21,12
aléatoire,50669,189,36,24
aléatoire,50670,189,33,24
aléatoire,50671,156,31,24
aléatoire,50672,378,48,48
aléatoire,50673,165,32,24
aléatoire,50674,201,40,24
aléatoire,50675,339,47,48
aléatoire,50676,915,75,96
aléatoire,50677,165,32,24
aléatoire,50678,165,32,24
aléatoire,50679,327,44,48
aléatoire,50680,474,62,48
aléatoire,50681,360,51,48
aléatoire,50682,63,18,12
aléatoire,50683,414,57,48
aléatoire,50684,180,36,24
aléatoire,50685,822,66,96
aléatoire,50686,60,17,12
aléatoire,50687,252,45,24
aléatoire,50688,381,47,48
aléatoire,50689,273,48,24
aléatoire,50690,216,38,24
aléatoire,50691,78,19,12
aléatoire,50692,360,48,48
aléatoire,50693,414,57,48
aléatoire,50694,417,55,48
aléatoire,50695,405,53,48
aléatoire,50696,390,53,48
aléatoire,50697,96,23,12
aléatoire,50698,144,29,24
aléatoire,50699,108,27,12
aléatoire,50700,69,19,12
aléatoire,50701,108,27,12
aléatoire,50702,207,40,24
aléatoire,50703,390,53,48
aléatoire,50704,378,49,48
aléatoire,50705,171,34,24
aléatoire,50706,405,53,48
aléatoire,50707,252,45,24
aléatoire,50708,183,37,24
aléatoire,50709,171,33,24
aléatoire,50710,216,42,24
aléatoire,50711,399,54,48
aléatoire,50712,222,39,24
aléatoire,50713,234,41,24
aléatoire,50714,60,17,12
aléatoire,50715,402,55,48
aléatoire,50716,192,37,24
aléatoire,50717,495,66,48
aléatoire,50718,429,60,48
aléatoire,50719,198,39,24
aléatoire,50720,228,40,24
aléatoire,50721,51,16,6
aléatoire,50722,165,32,24
aléatoire,50723,162,32,24
aléatoire,50724,129,25,24
aléatoire,50725,417,58,48
aléatoire,50726,150,30,24
aléatoire,50727,177,35,24
aléatoire,50728,420,59,48
aléatoire,50729,414,53,48
aléatoire,50730,384,51,48
aléatoire,50731,285,50,24
aléatoire,50732,162,32,24
aléatoire,50733,1104,95,96
aléatoire,50734,477,62,48
aléatoire,50735,84,21,12
aléatoire,50736,177,35,24
aléatoire,50737,372,50,48
aléatoire,50738,147,30,24
aléatoire,50739,156,30,24
aléatoire,50740,228,41,24
aléatoire,50741,153,31,24
aléatoire,50742,369,49,48
aléatoire,50743,333,45,48
aléatoire,50744,111,28,12
aléatoire,50745,219,43,24
aléatoire,50746,234,42,24
aléatoire,50747,417,57,48
aléatoire,50748,90,23,12
aléatoire,50749,372,50,48
aléatoire,50750,174,34,24
aléatoire,50751,360,43,48
aléatoire,50752,390,49,48
aléatoire,50753,45,14,6
aléatoire,50754,468,63,48
aléatoire,50755,114,23,24
aléatoire,50756,78,20,12
aléatoire,50757,174,34,24
aléatoire,50758,174,35,24
aléatoire,50759,168,34,24
aléatoire,50760,159,33,24
aléatoire,50761,1050,83,96
aléatoire,50762,876,74,96
aléatoire,50763,240,44,24
aléatoire,50764,126,30,12
aléatoire,50765,222,43,24
aléatoire,50766,321,38,48
aléatoire,50767,102,26,12
aléatoire,50768,150,35,12
aléatoire,50769,105,25,12
aléatoire,50770,180,35,24
aléatoire,50771,396,52,48
aléatoire,50772,177,35,24
aléatoire,50773,177,36,24
aléatoire,50774,222,39,24
aléatoire,50775,387,52,48
aléatoire,50776,273,48,24
aléatoire,50777,135,28,24
aléatoire,50778,171,34,24
aléatoire,50779,126,24,24
aléatoire,50780,174,33,24
aléatoire,50781,180,36,24
aléatoire,50782,192,38,24
aléatoire,50783,357,50,48
aléatoire,50784,324,42,48
aléatoire,50785,372,49,48
aléatoire,50786,174,33,24
aléatoire,50787,387,52,48
aléatoire,50788,87,22,12
aléatoire,50789,399,54,48
aléatoire,50790,450,63,48
aléatoire,50791,99,24,12
aléatoire,50792,429,56,48
aléatoire,50793,144,28,24
aléatoire,50794,237,41,24
aléatoire,50795,570,66,48
aléatoire,50796,318,41,48
aléatoire,50797,219,38,24
aléatoire,50798,189,36,24
aléatoire,50799,66,18,12
aléatoire,50800,159,31,24
aléatoire,50801,363,52,48
aléatoire,50802,243,43,24
aléatoire,50803,57,16,12
aléatoire,50804,174,34,24
aléatoire,50805,333,45,48
aléatoire,50806,441,62,48
aléatoire,50807,276,48,24
aléatoire,50808,147,32,24
aléatoire,50809,1107,90,96
aléatoire,50810,225,44,24
aléatoire,50811,150,28,24
aléatoire,50812,177,34,24
aléatoire,50813,174,34,24
aléatoire,50814,234,41,24
aléatoire,50815,204,41,24
aléatoire,50816,114,22,24
aléatoire,50817,525,66,48
aléatoire,50818,138,33,12
aléatoire,50819,327,44,48
aléatoire,50820,108,27,12
aléatoire,50821,45,14,6
aléatoire,50822,195,33,24
aléatoire,50823,42,14,6
aléatoire,50824,186,36,24
aléatoire,50825,432,53,48
aléatoire,50826,171,33,24
aléatoire,50827,438,60,48
aléatoire,50828,180,36,24
aléatoire,50829,63,17,12
aléatoire,50830,357,50,48
aléatoire,50831,438,61,48
aléatoire,50832,477,63,48
aléatoire,50833,87,22,12
aléatoire,50834,72,20,12
aléatoire,50835,177,35,24
aléatoire,50836,402,55,48
aléatoire,50837,84,21,12
aléatoire,50838,831,67,96
aléatoire,50839,87,22,12
aléatoire,50840,147,29,24
aléatoire,50841,201,40,24
aléatoire,50842,306,41,48
aléatoire,50843,174,35,24
aléatoire,50844,354,48,48
aléatoire,50845,168,34,24
aléatoire,50846,174,35,24
aléatoire,50847,333,45,48
aléatoire,50848,192,37,24
aléatoire,50849,387,52,48
aléatoire,50850,123,30,12
aléatoire,50851,576,80,48
aléatoire,50852,321,43,48
aléatoire,50853,168,32,24
aléatoire,50854,126,30,12
aléatoire,50855,183,37,24
aléatoire,50856,201,40,24
aléatoire,50857,396,54,48
aléatoire,50858,321,43,48
aléatoire,50859,183,37,24
aléatoire,50860,1263,104,96
aléatoire,50861,156,31,24
aléatoire,50862,195,38,24
aléatoire,50863,315,43,48
aléatoire,50864,228,39,24
aléatoire,50865,390,50,48
aléatoire,50866,174,35,24
aléatoire,50867,363,49,48
aléatoire,50868,141,28,24
aléatoire,50869,207,36,24
aléatoire,50870,351,49,48
aléatoire,50871,342,47,48
aléatoire,50872,144,29,24
aléatoire,50873,171,33,24
aléatoire,50874,405,54,48
aléatoire,50875,465,62,48
aléatoire,50876,387,49,48
aléatoire,50877,174,35,24
aléatoire,50878,612,74,48
aléatoire,50879,234,42,24
aléatoire,50880,168,34,24
aléatoire,50881,363,50,48
aléatoire,50882,183,36,24
aléatoire,50883,207,37,24
aléatoire,50884,390,51,48
aléatoire,50885,369,54,48
aléatoire,50886,108,27,12
aléatoire,50887,330,46,48
aléatoire,50888,402,54,48
aléatoire,50889,234,42,24
aléatoire,50890,327,45,48
aléatoire,50891,171,34,24
aléatoire,50892,132,30,12
aléatoire,50893,321,53,24
aléatoire,50894,303,50,24
aléatoire,50895,63,18,12
aléatoire,50896,429,57,48
aléatoire,50897,150,29,24
aléatoire,50898,96,24,12
aléatoire,50899,426,57,48
aléatoire,50900,231,41,24
aléatoire,50901,174,34,24
aléatoire,50902,807,62,96
aléatoire,50903,471,60,48
aléatoire,50904,291,47,24
aléatoire,50905,492,67,48
aléatoire,50906,450,59,48
aléatoire,50907,144,30,24
aléatoire,50908,354,50,48
aléatoire,50909,135,28,24
aléatoire,50910,168,33,24
aléatoire,50911,168,34,24
aléatoire,50912,105,24,12
aléatoire,50913,432,58,48
aléatoire,50914,90,23,12
aléatoire,50915,243,44,24
aléatoire,50916,198,34,24
aléatoire,50917,123,25,24
aléatoire,50918,198,39,24
aléatoire,50919,93,23,12
aléatoire,50920,444,61,48
aléatoire,50921,138,28,24
aléatoire,50922,96,24,12
aléatoire,50923,180,35,24
aléatoire,50924,489,65,48
aléatoire,50925,174,34,24
aléatoire,50926,105,25,12
aléatoire,50927,282,36,48
aléatoire,50928,81,21,12
aléatoire,50929,564,63,48
aléatoire,50930,807,64,96
aléatoire,50931,117,23,24
aléatoire,50932,285,37,48
aléatoire,50933,294,39,48
aléatoire,50934,171,34,24
aléatoire,50935,144,28,24
aléatoire,50936,165,32,24
aléatoire,50937,243,48,24
aléatoire,50938,315,42,48
aléatoire,50939,252,45,24
aléatoire,50940,105,26,12
aléatoire,50941,405,54,48
aléatoire,50942,84,22,12
aléatoire,50943,141,28,24
aléatoire,50944,339,48,48
aléatoire,50945,312,42,48
aléatoire,50946,216,38,24
aléatoire,50947,144,29,24
aléatoire,50948,138,27,24
aléatoire,50949,138,27,24
aléatoire,50950,159,31,24
aléatoire,50951,210,42,24
aléatoire,50952,291,38,48
aléatoire,50953,552,68,48
aléatoire,50954,153,31,24
aléatoire,50955,198,39,24
aléatoire,50956,708,84,48
aléatoire,50957,54,15,12
aléatoire,50958,255,46,24
aléatoire,50959,210,37,24
aléatoire,50960,156,29,24
aléatoire,50961,240,44,24
aléatoire,50962,192,33,24
aléatoire,50963,165,33,24
aléatoire,50964,234,43,24
aléatoire,50965,138,27,24
aléatoire,50966,345,45,48
aléatoire,50967,93,21,12
aléatoire,50968,369,47,48
aléatoire,50969,384,49,48
aléatoire,50970,174,34,24
aléatoire,50971,96,24,12
aléatoire,50972,231,41,24
aléatoire,50973,375,49,48
aléatoire,50974,318,43,48
aléatoire,50975,114,27,12
aléatoire,50976,90,23,12
aléatoire,50977,69,19,12
aléatoire,50978,162,31,24
aléatoire,50979,171,33,24
aléatoire,50980,393,50,48
aléatoire,50981,57,16,12
aléatoire,50982,480,62,48
aléatoire,50983,219,38,24
aléatoire,50984,243,44,24
aléatoire,50985,246,44,24
aléatoire,50986,153,32,24
aléatoire,50987,222,39,24
aléatoire,50988,99,24,12
aléatoire,50989,417,57,48
aléatoire,50990,198,39,24
aléatoire,50991,432,60,48
aléatoire,50992,621,72,48
aléatoire,50993,465,61,48
aléatoire,50994,900,77,96
aléatoire,50995,444,60,48
aléatoire,50996,417,58,48
aléatoire,50997,255,45,24
aléatoire,50998,162,32,24
aléatoire,50999,870,78,96
fusion,50000,459,57,48
fusion,50001,432,59,48
fusion,50002,336,45,48
fusion,50003,549,64,48
fusion,50004,522,65,48
fusion,50005,180,36,24
fusion,50006,975,82,96
fusion,50007,414,56,48
fusion,50008,192,33,24
fusion,50009,1035,86,96
fusion,50010,414,55,48
fusion,50011,402,52,48
fusion,50012,666,79,48
fusion,50013,306,41,48
fusion,50014,393,49,48
fusion,50015,321,43,48
fusion,50016,336,46,48
fusion,50017,186,36,24
fusion,50018,219,43,24
fusion,50019,579,67,48
fusion,50020,207,42,24
fusion,50021,69,19,12
fusion,50022,1308,106,96
fusion,50023,390,52,48
fusion,50024,360,51,48
fusion,50025,1164,101,96
fusion,50026,1131,97,96
fusion,50027,1146,99,96
fusion,50028,843,69,96
fusion,50029,435,61,48
fusion,50030,1062,86,96
fusion,50031,465,60,48
fusion,50032,438,55,48
fusion,50033,429,55,48
fusion,50034,1107,88,96
fusion,50035,486,62,48
fusion,50036,657,79,48
fusion,50037,912,79,96
fusion,50038,1371,104,96
fusion,50039,228,41,24
fusion,50040,177,35,24
fusion,50041,1032,83,96
fusion,50042,450,56,48
fusion,50043,423,53,48
fusion,50044,945,79,96
fusion,50045,906,81,96
fusion,50046,387,52,48
fusion,50047,378,48,48
fusion,50048,1872,144,96
fusion,50049,408,53,48
fusion,50050,405,53,48
fusion,50051,219,38,24
fusion,50052,396,49,48
fusion,50053,207,41,24
fusion,50054,603,66,48
fusion,50055,423,58,48
fusion,50056,201,34,24
fusion,50057,417,57,48
fusion,50058,303,55,24
fusion,50059,1146,101,96
fusion,50060,477,65,48
fusion,50061,1140,102,96
fusion,50062,399,51,48
fusion,50063,417,58,48
fusion,50064,234,41,24
fusion,50065,162,31,24
fusion,50066,405,54,48
fusion,50067,411,57,48
fusion,50068,213,36,24
fusion,50069,189,37,24
fusion,50070,1143,103,96
fusion,50071,438,60,48
fusion,50072,390,50,48
fusion,50073,468,57,48
fusion,50074,1212,97,96
fusion,50075,660,77,48
fusion,50076,339,48,48
fusion,50077,1170,105,96
fusion,50078,939,79,96
fusion,50079,453,57,48
fusion,50080,702,83,48
fusion,50081,2271,102,192
fusion,50082,348,48,48
fusion,50083,99,25,12
fusion,50084,1212,110,96
fusion,50085,819,68,96
fusion,50086,723,81,48
fusion,50087,468,63,48
fusion,50088,351,44,48
fusion,50089,192,38,24
fusion,50090,315,42,48
fusion,50091,954,79,96
fusion,50092,981,77,96
fusion,50093,567,67,48
fusion,50094,498,65,48
fusion,50095,324,44,48
fusion,50096,429,53,48
fusion,50097,264,48,24
fusion,50098,282,34,48
fusion,50099,159,32,24
fusion,50100,309,41,48
fusion,50101,1008,81,96
fusion,50102,408,57,48
fusion,50103,1170,96,96
fusion,50104,381,50,48
fusion,50105,957,88,96
fusion,50106,147,34,12
fusion,50107,273,48,24
fusion,50108,156,32,24
fusion,50109,1140,98,96
fusion,50110,462,58,48
fusion,50111,417,55,48
fusion,50112,426,54,48
fusion,50113,468,53,48
fusion,50114,477,63,48
fusion,50115,930,87,96
fusion,50116,558,62,48
fusion,50117,132,27,24
fusion,50118,192,38,24
fusion,50119,969,83,96
fusion,50120,111,22,24
fusion,50121,621,67,48
fusion,50122,414,51,48
fusion,50123,930,78,96
fusion,50124,414,57,48
fusion,50125,1119,96,96
fusion,50126,384,51,48
fusion,50127,378,48,48
fusion,50128,261,47,24
fusion,50129,927,81,96
fusion,50130,348,44,48
fusion,50131,321,42,48
fusion,50132,546,74,48
fusion,50133,597,68,48
fusion,50134,165,33,24
fusion,50135,333,46,48
fusion,50136,357,45,48
fusion,50137,432,59,48
fusion,50138,210,41,24
fusion,50139,198,35,24
fusion,50140,174,34,24
fusion,50141,159,32,24
fusion,50142,390,49,48
fusion,50143,399,51,48
fusion,50144,219,38,24
fusion,50145,792,61,96
fusion,50146,396,49,48
fusion,50147,1389,125,96
fusion,50148,1263,96,96
fusion,50149,417,58,48
fusion,50150,336,45,48
fusion,50151,243,42,24
fusion,50152,1233,98,96
fusion,50153,903,78,96
fusion,50154,375,49,48
fusion,50155,1107,90,96
fusion,50156,147,30,24
fusion,50157,666,80,48
fusion,50158,480,61,48
fusion,50159,1059,82,96
fusion,50160,495,64,48
fusion,50161,333,43,48
fusion,50162,447,62,48
fusion,50163,414,51,48
fusion,50164,147,29,24
fusion,50165,351,45,48
fusion,50166,375,49,48
fusion,50167,2289,106,192
fusion,50168,384,51,48
fusion,50169,216,38,24
fusion,50170,921,73,96
fusion,50171,150,29,24
fusion,50172,219,38,24
fusion,50173,333,46,48
fusion,50174,531,72,48
fusion,50175,567,61,48
fusion,50176,501,69,48
fusion,50177,891,77,96
fusion,50178,213,41,24
fusion,50179,504,65,48
fusion,50180,2844,140,192
fusion,50181,480,58,48
fusion,50182,489,66,48
fusion,50183,204,40,24
fusion,50184,420,59,48
fusion,50185,195,38,24
fusion,50186,279,50,24
fusion,50187,471,64,48
fusion,50188,321,44,48
fusion,50189,1122,94,96
fusion,50190,873,74,96
fusion,50191,171,34,24
fusion,50192,540,68,48
fusion,50193,294,49,24
fusion,50194,564,75,48
fusion,50195,393,53,48
fusion,50196,417,57,48
fusion,50197,228,40,24
fusion,50198,921,80,96
fusion,50199,162,32,24
fusion,50200,222,39,24
fusion,50201,240,42,24
fusion,50202,405,55,48
fusion,50203,264,48,24
fusion,50204,345,47,48
fusion,50205,225,40,24
fusion,50206,264,47,24
fusion,50207,891,77,96
fusion,50208,180,36,24
fusion,50209,915,79,96
fusion,50210,375,45,48
fusion,50211,309,41,48
fusion,50212,516,69,48
fusion,50213,336,47,48
fusion,50214,1221,104,96
fusion,50215,168,33,24
fusion,50216,219,43,24
fusion,50217,426,60,48
fusion,50218,978,89,96
fusion,50219,309,39,48
fusion,50220,150,30,24
fusion,50221,831,70,96
fusion,50222,528,69,48
fusion,50223,387,50,48
fusion,50224,1128,96,96
fusion,50225,381,49,48
fusion,50226,906,79,96
fusion,50227,639,75,48
fusion,50228,975,84,96
fusion,50229,486,62,48
fusion,50230,396,50,48
fusion,50231,267,48,24
fusion,50232,1143,102,96
fusion,50233,138,27,24
fusion,50234,420,58,48
fusion,50235,390,53,48
fusion,50236,498,69,48
fusion,50237,879,72,96
fusion,50238,324,44,48
fusion,50239,1188,98,96
fusion,50240,186,38,24
fusion,50241,387,49,48
fusion,50242,900,76,96
fusion,50243,1209,99,96
fusion,50244,945,80,96
fusion,50245,414,56,48
fusion,50246,1143,93,96
fusion,50247,846,73,96
fusion,50248,600,71,48
fusion,50249,222,39,24
fusion,50250,249,45,24
fusion,50251,351,49,48
fusion,50252,360,49,48
fusion,50253,354,50,48
fusion,50254,198,39,24
fusion,50255,108,25,12
fusion,50256,345,48,48
fusion,50257,390,53,48
fusion,50258,441,56,48
fusion,50259,465,61,48
fusion,50260,465,62,48
fusion,50261,306,51,24
fusion,50262,918,83,96
fusion,50263,477,58,48
fusion,50264,471,58,48
fusion,50265,339,45,48
fusion,50266,408,53,48
fusion,50267,396,52,48
fusion,50268,486,67,48
fusion,50269,483,68,48
fusion,50270,150,35,12
fusion,50271,363,49,48
fusion,50272,405,55,48
fusion,50273,180,36,24
fusion,50274,411,56,48
fusion,50275,90,23,12
fusion,50276,216,42,24
fusion,50277,441,56,48
fusion,50278,1158,94,96
fusion,50279,996,89,96
fusion,50280,447,61,48
fusion,50281,165,32,24
fusion,50282,1527,98,96
fusion,50283,138,27,24
fusion,50284,996,86,96
fusion,50285,948,83,96
fusion,50286,408,52,48
fusion,50287,363,46,48
fusion,50288,357,48,48
fusion,50289,429,51,48
fusion,50290,534,73,48
fusion,50291,507,70,48
fusion,50292,420,53,48
fusion,50293,864,72,96
fusion,50294,573,77,48
fusion,50295,873,70,96
fusion,50296,366,48,48
fusion,50297,177,35,24
fusion,50298,192,37,24
fusion,50299,1107,93,96
fusion,50300,1233,99,96
fusion,50301,369,49,48
fusion,50302,1431,117,96
fusion,50303,477,57,48
fusion,50304,303,50,24
fusion,50305,1284,100,96
fusion,50306,480,64,48
fusion,50307,366,51,48
fusion,50308,864,69,96
fusion,50309,435,59,48
fusion,50310,354,50,48
fusion,50311,468,63,48
fusion,50312,489,61,48
fusion,50313,411,56,48
fusion,50314,228,40,24
fusion,50315,441,55,48
fusion,50316,951,81,96
fusion,50317,1059,92,96
fusion,50318,426,58,48
fusion,50319,411,52,48
fusion,50320,147,28,24
fusion,50321,363,46,48
fusion,50322,432,59,48
fusion,50323,492,67,48
fusion,50324,168,33,24
fusion,50325,426,57,48
fusion,50326,468,63,48
fusion,50327,813,66,96
fusion,50328,306,51,24
fusion,50329,237,42,24
fusion,50330,852,68,96
fusion,50331,174,34,24
fusion,50332,411,57,48
fusion,50333,888,76,96
fusion,50334,333,46,48
fusion,50335,432,54,48
fusion,50336,399,51,48
fusion,50337,132,26,24
fusion,50338,525,72,48
fusion,50339,1023,79,96
fusion,50340,243,44,24
fusion,50341,138,27,24
fusion,50342,2361,117,192
fusion,50343,366,46,48
fusion,50344,495,64,48
fusion,50345,1062,82,96
fusion,50346,918,82,96
fusion,50347,237,42,24
fusion,50348,651,70,48
fusion,50349,993,85,96
fusion,50350,963,80,96
fusion,50351,516,64,48
fusion,50352,243,43,24
fusion,50353,1203,102,96
fusion,50354,291,48,24
fusion,50355,144,29,24
fusion,50356,894,76,96
fusion,50357,189,36,24
fusion,50358,336,44,48
fusion,50359,1032,81,96
fusion,50360,261,47,24
fusion,50361,1137,92,96
fusion,50362,432,57,48
fusion,50363,456,63,48
fusion,50364,279,45,24
fusion,50365,378,48,48
fusion,50366,1134,91,96
fusion,50367,525,64,48
fusion,50368,1260,99,96
fusion,50369,813,67,96
fusion,50370,363,47,48
fusion,50371,369,51,48
fusion,50372,414,53,48
fusion,50373,420,57,48
fusion,50374,387,50,48
fusion,50375,360,49,48
fusion,50376,261,46,24
fusion,50377,909,74,96
fusion,50378,432,60,48
fusion,50379,423,58,48
fusion,50380,153,31,24
fusion,50381,645,72,48
fusion,50382,885,77,96
fusion,50383,147,29,24
fusion,50384,888,72,96
fusion,50385,138,27,24
fusion,50386,453,65,48
fusion,50387,159,31,24
fusion,50388,363,52,48
fusion,50389,492,65,48
fusion,50390,348,48,48
fusion,50391,480,63,48
fusion,50392,549,60,48
fusion,50393,387,50,48
fusion,50394,420,58,48
fusion,50395,906,80,96
fusion,50396,282,51,24
fusion,50397,279,50,24
fusion,50398,450,60,48
fusion,50399,420,55,48
fusion,50400,453,61,48
fusion,50401,657,78,48
fusion,50402,246,44,24
fusion,50403,159,32,24
fusion,50404,162,33,24
fusion,50405,486,60,48
fusion,50406,1299,108,96
fusion,50407,183,37,24
fusion,50408,630,73,48
fusion,50409,657,78,48
fusion,50410,249,43,24
fusion,50411,498,63,48
fusion,50412,252,44,24
fusion,50413,948,85,96
fusion,50414,360,46,48
fusion,50415,447,64,48
fusion,50416,237,41,24
fusion,50417,147,29,24
fusion,50418,1059,93,96
fusion,50419,549,71,48
fusion,50420,909,77,96
fusion,50421,1176,96,96
fusion,50422,900,82,96
fusion,50423,426,58,48
fusion,50424,144,29,24
fusion,50425,495,68,48
fusion,50426,300,39,48
fusion,50427,354,49,48
fusion,50428,552,59,48
fusion,50429,153,30,24
fusion,50430,1050,90,96
fusion,50431,432,54,48
fusion,50432,165,33,24
fusion,50433,384,49,48
fusion,50434,900,79,96
fusion,50435,462,53,48
fusion,50436,174,34,24
fusion,50437,420,57,48
fusion,50438,228,40,24
fusion,50439,585,65,48
fusion,50440,126,24,24
fusion,50441,849,69,96
fusion,50442,378,49,48
fusion,50443,423,59,48
fusion,50444,834,73,96
fusion,50445,465,62,48
fusion,50446,381,49,48
fusion,50447,165,32,24
fusion,50448,204,35,24
fusion,50449,450,63,48
fusion,50450,450,61,48
fusion,50451,495,67,48
fusion,50452,366,51,48
fusion,50453,618,67,48
fusion,50454,531,69,48
fusion,50455,948,84,96
fusion,50456,348,48,48
fusion,50457,687,84,48
fusion,50458,1356,101,96
fusion,50459,114,27,12
fusion,50460,177,35,24
fusion,50461,420,57,48
fusion,50462,468,61,48
fusion,50463,1026,91,96
fusion,50464,849,71,96
fusion,50465,393,53,48
fusion,50466,426,58,48
fusion,50467,468,63,48
fusion,50468,876,69,96
fusion,50469,165,33,24
fusion,50470,486,66,48
fusion,50471,456,58,48
fusion,50472,411,55,48
fusion,50473,213,37,24
fusion,50474,165,33,24
fusion,50475,1179,105,96
fusion,50476,384,51,48
fusion,50477,246,44,24
fusion,50478,1038,80,96
fusion,50479,165,33,24
fusion,50480,402,50,48
fusion,50481,474,60,48
fusion,50482,174,35,24
fusion,50483,429,57,48
fusion,50484,507,62,48
fusion,50485,138,27,24
fusion,50486,246,43,24
fusion,50487,1119,91,96
fusion,50488,411,56,48
fusion,50489,1203,101,96
fusion,50490,186,38,24
fusion,50491,420,59,48
fusion,50492,162,32,24
fusion,50493,384,51,48
fusion,50494,417,58,48
fusion,50495,546,63,48
fusion,50496,198,39,24
fusion,50497,816,67,96
fusion,50498,453,56,48
fusion,50499,159,31,24
fusion,50500,228,40,24
fusion,50501,1113,91,96
fusion,50502,216,39,24
fusion,50503,471,57,48
fusion,50504,480,64,48
fusion,50505,417,55,48
fusion,50506,408,54,48
fusion,50507,888,76,96
fusion,50508,480,63,48
fusion,50509,495,66,48
fusion,50510,438,62,48
fusion,50511,414,56,48
fusion,50512,897,74,96
fusion,50513,381,48,48
fusion,50514,120,24,24
fusion,50515,930,79,96
fusion,50516,708,80,48
fusion,50517,387,52,48
fusion,50518,162,32,24
fusion,50519,513,69,48
fusion,50520,171,34,24
fusion,50521,1173,104,96
fusion,50522,1134,88,96
fusion,50523,1191,105,96
fusion,50524,429,56,48
fusion,50525,534,58,48
fusion,50526,189,37,24
fusion,50527,159,32,24
fusion,50528,1191,97,96
fusion,50529,372,47,48
fusion,50530,411,54,48
fusion,50531,357,50,48
fusion,50532,441,56,48
fusion,50533,195,34,24
fusion,50534,171,33,24
fusion,50535,180,36,24
fusion,50536,177,34,24
fusion,50537,1131,94,96
fusion,50538,390,49,48
fusion,50539,171,34,24
fusion,50540,159,32,24
fusion,50541,954,80,96
fusion,50542,1128,101,96
fusion,50543,393,47,48
fusion,50544,1359,106,96
fusion,50545,339,43,48
fusion,50546,183,36,24
fusion,50547,414,55,48
fusion,50548,1284,109,96
fusion,50549,891,71,96
fusion,50550,903,69,96
fusion,50551,414,53,48
fusion,50552,408,53,48
fusion,50553,1146,101,96
fusion,50554,150,30,24
fusion,50555,138,27,24
fusion,50556,420,56,48
fusion,50557,243,42,24
fusion,50558,2814,152,192
fusion,50559,1146,98,96
fusion,50560,411,56,48
fusion,50561,336,44,48
fusion,50562,387,52,48
fusion,50563,678,80,48
fusion,50564,441,59,48
fusion,50565,429,55,48
fusion,50566,192,37,24
fusion,50567,420,58,48
fusion,50568,294,47,24
fusion,50569,219,38,24
fusion,50570,507,64,48
fusion,50571,408,55,48
fusion,50572,888,66,96
fusion,50573,615,67,48
fusion,50574,321,43,48
fusion,50575,369,49,48
fusion,50576,621,67,48
fusion,50577,213,42,24
fusion,50578,873,71,96
fusion,50579,561,59,48
fusion,50580,411,57,48
fusion,50581,831,71,96
fusion,50582,372,49,48
fusion,50583,489,61,48
fusion,50584,2466,123,192
fusion,50585,171,34,24
fusion,50586,393,53,48
fusion,50587,486,61,48
fusion,50588,285,52,24
fusion,50589,462,59,48
fusion,50590,1386,118,96
fusion,50591,444,59,48
fusion,50592,867,71,96
fusion,50593,429,59,48
fusion,50594,579,69,48
fusion,50595,477,66,48
fusion,50596,2385,112,192
fusion,50597,441,61,48
fusion,50598,702,84,48
fusion,50599,666,78,48
fusion,50600,501,66,48
fusion,50601,447,58,48
fusion,50602,177,34,24
fusion,50603,507,68,48
fusion,50604,468,61,48
fusion,50605,357,50,48
fusion,50606,252,45,24
fusion,50607,120,24,24
fusion,50608,186,36,24
fusion,50609,375,48,48
fusion,50610,813,64,96
fusion,50611,423,58,48
fusion,50612,168,33,24
fusion,50613,480,59,48
fusion,50614,342,48,48
fusion,50615,363,47,48
fusion,50616,120,28,12
fusion,50617,1125,90,96
fusion,50618,78,19,12
fusion,50619,384,51,48
fusion,50620,171,34,24
fusion,50621,363,52,48
fusion,50622,936,80,96
fusion,50623,498,70,48
fusion,50624,381,48,48
fusion,50625,303,40,48
fusion,50626,420,52,48
fusion,50627,420,54,48
fusion,50628,1140,104,96
fusion,50629,174,34,24
fusion,50630,414,53,48
fusion,50631,681,78,48
fusion,50632,408,55,48
fusion,50633,351,47,48
fusion,50634,360,46,48
fusion,50635,957,86,96
fusion,50636,381,50,48
fusion,50637,501,68,48
fusion,50638,459,58,48
fusion,50639,363,52,48
fusion,50640,870,71,96
fusion,50641,210,42,24
fusion,50642,924,80,96
fusion,50643,1023,93,96
fusion,50644,150,30,24
fusion,50645,576,65,48
fusion,50646,156,31,24
fusion,50647,1125,90,96
fusion,50648,984,87,96
fusion,50649,618,66,48
fusion,50650,309,52,24
fusion,50651,942,78,96
fusion,50652,468,61,48
fusion,50653,303,40,48
fusion,50654,909,75,96
fusion,50655,312,41,48
fusion,50656,420,56,48
fusion,50657,174,34,24
fusion,50658,168,33,24
fusion,50659,1056,86,96
fusion,50660,567,75,48
fusion,50661,849,71,96
fusion,50662,285,46,24
fusion,50663,420,56,48
fusion,50664,1122,96,96
fusion,50665,792,85,48
fusion,50666,435,60,48
fusion,50667,438,55,48
fusion,50668,528,68,48
fusion,50669,885,74,96
fusion,50670,1146,91,96
fusion,50671,426,60,48
fusion,50672,372,50,48
fusion,50673,207,37,24
fusion,50674,1227,104,96
fusion,50675,969,86,96
fusion,50676,186,37,24
fusion,50677,1071,86,96
fusion,50678,387,53,48
fusion,50679,207,42,24
fusion,50680,285,46,24
fusion,50681,366,52,48
fusion,50682,429,56,48
fusion,50683,435,60,48
fusion,50684,303,40,48
fusion,50685,237,41,24
fusion,50686,1836,132,96
fusion,50687,831,68,96
fusion,50688,477,62,48
fusion,50689,1137,94,96
fusion,50690,999,83,96
fusion,50691,1143,95,96
fusion,50692,393,51,48
fusion,50693,195,38,24
fusion,50694,204,37,24
fusion,50695,315,53,24
fusion,50696,318,53,24
fusion,50697,174,34,24
fusion,50698,150,31,24
fusion,50699,612,69,48
fusion,50700,354,47,48
fusion,50701,93,24,12
fusion,50702,345,48,48
fusion,50703,84,20,12
fusion,50704,198,39,24
fusion,50705,411,54,48
fusion,50706,525,57,48
fusion,50707,396,55,48
fusion,50708,576,65,48
fusion,50709,1146,103,96
fusion,50710,354,46,48
fusion,50711,1206,99,96
fusion,50712,459,59,48
fusion,50713,504,69,48
fusion,50714,960,86,96
fusion,50715,210,42,24
fusion,50716,1050,91,96
fusion,50717,1113,96,96
fusion,50718,177,35,24
fusion,50719,213,37,24
fusion,50720,495,66,48
fusion,50721,1179,99,96
fusion,50722,990,86,96
fusion,50723,327,44,48
fusion,50724,978,78,96
fusion,50725,684,81,48
fusion,50726,1236,101,96
fusion,50727,498,66,48
fusion,50728,1593,115,96
fusion,50729,396,52,48
fusion,50730,495,66,48
fusion,50731,432,54,48
fusion,50732,516,68,48
fusion,50733,246,47,24
fusion,50734,678,78,48
fusion,50735,324,44,48
fusion,50736,201,34,24
fusion,50737,243,42,24
fusion,50738,228,41,24
fusion,50739,414,56,48
fusion,50740,1365,115,96
fusion,50741,414,56,48
fusion,50742,192,32,24
fusion,50743,1218,89,96
fusion,50744,414,55,48
fusion,50745,1059,92,96
fusion,50746,984,80,96
fusion,50747,351,49,48
fusion,50748,162,33,24
fusion,50749,369,47,48
fusion,50750,720,79,48
fusion,50751,411,57,48
fusion,50752,408,56,48
fusion,50753,315,41,48
fusion,50754,186,38,24
fusion,50755,462,56,48
fusion,50756,1140,95,96
fusion,50757,171,33,24
fusion,50758,525,69,48
fusion,50759,486,64,48
fusion,50760,222,39,24
fusion,50761,459,57,48
fusion,50762,876,72,96
fusion,50763,399,53,48
fusion,50764,450,58,48
fusion,50765,1140,94,96
fusion,50766,426,49,48
fusion,50767,426,56,48
fusion,50768,186,36,24
fusion,50769,321,44,48
fusion,50770,222,39,24
fusion,50771,474,63,48
fusion,50772,408,51,48
fusion,50773,1056,90,96
fusion,50774,906,78,96
fusion,50775,963,78,96
fusion,50776,1098,93,96
fusion,50777,963,79,96
fusion,50778,444,63,48
fusion,50779,1080,92,96
fusion,50780,147,29,24
fusion,50781,471,57,48
fusion,50782,495,66,48
fusion,50783,1053,89,96
fusion,50784,390,50,48
fusion,50785,252,46,24
fusion,50786,159,31,24
fusion,50787,153,29,24
fusion,50788,315,41,48
fusion,50789,642,74,48
fusion,50790,828,73,96
fusion,50791,1239,106,96
fusion,50792,222,39,24
fusion,50793,426,56,48
fusion,50794,348,48,48
fusion,50795,204,39,24
fusion,50796,357,46,48
fusion,50797,177,35,24
fusion,50798,399,51,48
fusion,50799,2541,119,192
fusion,50800,150,31,24
fusion,50801,240,43,24
fusion,50802,465,59,48
fusion,50803,2442,123,192
fusion,50804,414,53,48
fusion,50805,2358,116,192
fusion,50806,399,54,48
fusion,50807,474,64,48
fusion,50808,405,54,48
fusion,50809,171,34,24
fusion,50810,453,58,48
fusion,50811,120,28,12
fusion,50812,372,44,48
fusion,50813,438,56,48
fusion,50814,315,43,48
fusion,50815,993,95,96
fusion,50816,1176,103,96
fusion,50817,402,52,48
fusion,50818,333,56,24
fusion,50819,1155,100,96
fusion,50820,213,37,24
fusion,50821,315,54,24
fusion,50822,414,57,48
fusion,50823,384,51,48
fusion,50824,402,52,48
fusion,50825,843,72,96
fusion,50826,417,55,48
fusion,50827,429,59,48
fusion,50828,1122,90,96
fusion,50829,300,39,48
fusion,50830,1092,99,96
fusion,50831,417,51,48
fusion,50832,603,70,48
fusion,50833,327,46,48
fusion,50834,381,50,48
fusion,50835,159,31,24
fusion,50836,426,53,48
fusion,50837,966,86,96
fusion,50838,2511,120,192
fusion,50839,435,55,48
fusion,50840,366,52,48
fusion,50841,399,55,48
fusion,50842,873,74,96
fusion,50843,1107,99,96
fusion,50844,912,76,96
fusion,50845,726,87,48
fusion,50846,891,78,96
fusion,50847,600,69,48
fusion,50848,639,76,48
fusion,50849,2433,128,192
fusion,50850,390,50,48
fusion,50851,894,74,96
fusion,50852,507,68,48
fusion,50853,162,32,24
fusion,50854,165,33,24
fusion,50855,492,64,48
fusion,50856,345,48,48
fusion,50857,651,74,48
fusion,50858,321,41,48
fusion,50859,924,77,96
fusion,50860,153,31,24
fusion,50861,1152,88,96
fusion,50862,189,37,24
fusion,50863,174,34,24
fusion,50864,954,80,96
fusion,50865,957,86,96
fusion,50866,1032,95,96
fusion,50867,1278,102,96
fusion,50868,321,43,48
fusion,50869,456,60,48
fusion,50870,195,38,24
fusion,50871,876,70,96
fusion,50872,399,53,48
fusion,50873,1128,98,96
fusion,50874,558,73,48
fusion,50875,345,47,48
fusion,50876,954,84,96
fusion,50877,81,20,12
fusion,50878,927,82,96
fusion,50879,486,62,48
fusion,50880,1005,84,96
fusion,50881,177,36,24
fusion,50882,189,37,24
fusion,50883,177,36,24
fusion,50884,408,52,48
fusion,50885,1011,81,96
fusion,50886,645,75,48
fusion,50887,483,63,48
fusion,50888,822,62,96
fusion,50889,441,58,48
fusion,50890,195,38,24
fusion,50891,1011,88,96
fusion,50892,168,33,24
fusion,50893,489,65,48
fusion,50894,399,55,48
fusion,50895,609,78,48
fusion,50896,1137,99,96
fusion,50897,402,52,48
fusion,50898,1116,94,96
fusion,50899,435,60,48
fusion,50900,414,51,48
fusion,50901,414,55,48
fusion,50902,630,70,48
fusion,50903,216,38,24
fusion,50904,411,54,48
fusion,50905,486,66,48
fusion,50906,1035,94,96
fusion,50907,441,58,48
fusion,50908,1071,94,96
fusion,50909,1188,97,96
fusion,50910,141,28,24
fusion,50911,291,37,48
fusion,50912,558,66,48
fusion,50913,177,35,24
fusion,50914,2478,135,192
fusion,50915,387,52,48
fusion,50916,198,39,24
fusion,50917,978,88,96
fusion,50918,183,35,24
fusion,50919,423,58,48
fusion,50920,933,83,96
fusion,50921,213,38,24
fusion,50922,297,53,24
fusion,50923,75,21,12
fusion,50924,657,75,48
fusion,50925,432,56,48
fusion,50926,354,49,48
fusion,50927,465,59,48
fusion,50928,432,54,48
fusion,50929,486,64,48
fusion,50930,414,57,48
fusion,50931,189,37,24
fusion,50932,129,24,24
fusion,50933,168,34,24
fusion,50934,162,32,24
fusion,50935,387,52,48
fusion,50936,1137,101,96
fusion,50937,576,67,48
fusion,50938,177,34,24
fusion,50939,288,48,24
fusion,50940,402,56,48
fusion,50941,618,73,48
fusion,50942,603,78,48
fusion,50943,1188,92,96
fusion,50944,477,61,48
fusion,50945,1200,102,96
fusion,50946,141,28,24
fusion,50947,1215,103,96
fusion,50948,624,71,48
fusion,50949,216,38,24
fusion,50950,360,44,48
fusion,50951,1245,115,96
fusion,50952,495,60,48
fusion,50953,612,81,48
fusion,50954,1200,105,96
fusion,50955,468,57,48
fusion,50956,636,75,48
fusion,50957,402,50,48
fusion,50958,753,84,48
fusion,50959,804,65,96
fusion,50960,870,73,96
fusion,50961,201,38,24
fusion,50962,369,46,48
fusion,50963,435,57,48
fusion,50964,960,81,96
fusion,50965,396,55,48
fusion,50966,240,45,24
fusion,50967,411,54,48
fusion,50968,615,71,48
fusion,50969,444,59,48
fusion,50970,381,50,48
fusion,50971,954,85,96
fusion,50972,150,30,24
fusion,50973,396,53,48
fusion,50974,861,68,96
fusion,50975,429,59,48
fusion,50976,1137,101,96
fusion,50977,516,67,48
fusion,50978,276,49,24
fusion,50979,882,72,96
fusion,50980,918,74,96
fusion,50981,1158,101,96
fusion,50982,273,49,24
fusion,50983,1716,111,96
fusion,50984,384,51,48
fusion,50985,768,60,96
fusion,50986,843,68,96
fusion,50987,1065,83,96
fusion,50988,537,72,48
fusion,50989,453,57,48
fusion,50990,339,44,48
fusion,50991,999,89,96
fusion,50992,417,56,48
fusion,50993,483,63,48
fusion,50994,426,55,48
fusion,50995,468,61,48
fusion,50996,396,54,48
fusion,50997,222,39,24
fusion,50998,468,61,48
fusion,50999,213,37,24
position,50000,855,65,96
position,50001,1386,110,96
position,50002,630,71,48
position,50003,513,69,48
position,50004,462,62,48
position,50005,1104,92,96
position,50006,1146,87,96
position,50007,255,44,24
position,50008,1185,92,96
position,50009,1041,85,96
position,50010,2412,131,192
position,50011,1104,95,96
position,50012,1311,114,96
position,50013,954,83,96
position,50014,384,49,48
position,50015,1053,91,96
position,50016,1158,101,96
position,50017,480,64,48
position,50018,1110,96,96
position,50019,2520,124,192
position,50020,939,81,96
position,50021,2604,132,192
position,50022,612,72,48
position,50023,2514,128,192
position,50024,963,90,96
position,50025,1125,95,96
position,50026,2619,143,192
position,50027,945,82,96
position,50028,108,22,24
position,50029,1125,99,96
position,50030,927,75,96
position,50031,2646,139,192
position,50032,402,50,48
position,50033,1083,85,96
position,50034,408,54,48
position,50035,1200,109,96
position,50036,1134,86,96
position,50037,414,55,48
position,50038,678,85,48
position,50039,864,69,96
position,50040,126,25,24
position,50041,1326,105,96
position,50042,1143,98,96
position,50043,1128,84,96
position,50044,738,84,48
position,50045,1164,100,96
position,50046,306,39,48
position,50047,966,86,96
position,50048,894,79,96
position,50049,981,78,96
position,50050,1143,89,96
position,50051,1173,101,96
position,50052,1524,99,96
position,50053,495,68,48
position,50054,390,52,48
position,50055,327,55,24
position,50056,435,55,48
position,50057,159,30,24
position,50058,912,73,96
position,50059,1161,103,96
position,50060,1152,95,96
position,50061,909,81,96
position,50062,294,38,48
position,50063,1074,92,96
position,50064,624,71,48
position,50065,1134,98,96
position,50066,381,48,48
position,50067,1158,99,96
position,50068,1137,92,96
position,50069,948,77,96
position,50070,1005,87,96
position,50071,918,77,96
position,50072,444,58,48
position,50073,1359,107,96
position,50074,2469,111,192
position,50075,885,75,96
position,50076,393,51,48
position,50077,342,47,48
position,50078,417,56,48
position,50079,1188,96,96
position,50080,2616,132,192
position,50081,2553,127,192
position,50082,1173,87,96
position,50083,924,84,96
position,50084,1026,87,96
position,50085,897,81,96
position,50086,1215,103,96
position,50087,1059,83,96
position,50088,2286,105,192
position,50089,282,37,48
position,50090,720,84,48
position,50091,1197,99,96
position,50092,1383,109,96
position,50093,318,42,48
position,50094,3369,157,192
position,50095,1137,92,96
position,50096,951,82,96
position,50097,420,56,48
position,50098,561,63,48
position,50099,846,68,96
position,50100,528,66,48
position,50101,1167,93,96
position,50102,1167,97,96
position,50103,450,62,48
position,50104,744,91,48
position,50105,402,54,48
position,50106,1107,93,96
position,50107,306,41,48
position,50108,2655,126,192
position,50109,495,64,48
position,50110,771,90,48
position,50111,1122,98,96
position,50112,2571,131,192
position,50113,390,48,48
position,50114,672,78,48
position,50115,333,44,48
position,50116,1161,95,96
position,50117,1872,131,96
position,50118,684,75,48
position,50119,402,52,48
position,50120,963,85,96
position,50121,1155,99,96
position,50122,408,51,48
position,50123,1113,94,96
position,50124,651,71,48
position,50125,1104,97,96
position,50126,342,46,48
position,50127,471,62,48
position,50128,843,72,96
position,50129,600,69,48
position,50130,408,56,48
position,50131,2376,120,192
position,50132,663,78,48
position,50133,1242,107,96
position,50134,1149,94,96
position,50135,2787,155,192
position,50136,489,66,48
position,50137,1140,92,96
position,50138,417,54,48
position,50139,480,62,48
position,50140,1002,74,96
position,50141,981,82,96
position,50142,2502,121,192
position,50143,1149,98,96
position,50144,1116,85,96
position,50145,1113,84,96
position,50146,906,78,96
position,50147,393,48,48
position,50148,2643,132,192
position,50149,1092,93,96
position,50150,1320,103,96
position,50151,423,56,48
position,50152,1131,90,96
position,50153,1641,124,96
position,50154,894,80,96
position,50155,489,65,48
position,50156,1899,137,96
position,50157,501,68,48
position,50158,1056,81,96
position,50159,438,57,48
position,50160,1164,84,96
position,50161,1161,91,96
position,50162,648,75,48
position,50163,864,69,96
position,50164,2256,109,192
position,50165,969,77,96
position,50166,852,74,96
position,50167,1104,93,96
position,50168,1209,104,96
position,50169,1782,120,96
position,50170,411,51,48
position,50171,408,55,48
position,50172,903,77,96
position,50173,465,62,48
position,50174,1188,94,96
position,50175,450,55,48
position,50176,729,87,48
position,50177,2676,151,192
position,50178,1107,92,96
position,50179,2514,119,192
position,50180,222,39,24
position,50181,432,59,48
position,50182,2343,99,192
position,50183,486,58,48
position,50184,840,67,96
position,50185,162,31,24
position,50186,396,53,48
position,50187,1167,99,96
position,50188,897,70,96
position,50189,705,79,48
position,50190,585,79,48
position,50191,387,50,48
position,50192,561,75,48
position,50193,2586,127,192
position,50194,909,76,96
position,50195,165,33,24
position,50196,1143,96,96
position,50197,699,84,48
position,50198,924,79,96
position,50199,408,53,48
position,50200,1176,104,96
position,50201,1113,94,96
position,50202,552,61,48
position,50203,2400,114,192
position,50204,1068,92,96
position,50205,3285,166,192
position,50206,918,76,96
position,50207,915,75,96
position,50208,642,70,48
position,50209,561,61,48
position,50210,969,82,96
position,50211,1158,94,96
position,50212,1050,95,96
position,50213,2253,96,192
position,50214,3471,177,192
position,50215,660,77,48
position,50216,231,42,24
position,50217,465,60,48
position,50218,1119,91,96
position,50219,852,64,96
position,50220,405,55,48
position,50221,1185,103,96
position,50222,480,61,48
position,50223,885,73,96
position,50224,669,78,48
position,50225,399,51,48
position,50226,408,55,48
position,50227,1320,108,96
position,50228,2493,120,192
position,50229,1047,76,96
position,50230,336,43,48
position,50231,1800,133,96
position,50232,738,91,48
position,50233,486,62,48
position,50234,993,78,96
position,50235,303,40,48
position,50236,1014,92,96
position,50237,426,54,48
position,50238,837,71,96
position,50239,864,69,96
position,50240,894,76,96
position,50241,900,80,96
position,50242,1053,86,96
position,50243,2358,119,192
position,50244,381,50,48
position,50245,291,38,48
position,50246,1710,130,96
position,50247,903,75,96
position,50248,393,53,48
position,50249,1002,86,96
position,50250,1110,95,96
position,50251,69,19,12
position,50252,477,62,48
position,50253,1098,93,96
position,50254,1071,85,96
position,50255,1215,105,96
position,50256,1143,97,96
position,50257,1185,94,96
position,50258,744,89,48
position,50259,990,87,96
position,50260,1194,103,96
position,50261,234,41,24
position,50262,384,51,48
position,50263,171,34,24
position,50264,405,53,48
position,50265,411,52,48
position,50266,498,63,48
position,50267,390,52,48
position,50268,840,73,96
position,50269,882,72,96
position,50270,1140,94,96
position,50271,945,89,96
position,50272,1197,105,96
position,50273,375,47,48
position,50274,762,90,48
position,50275,2826,147,192
position,50276,1149,94,96
position,50277,1764,118,96
position,50278,351,49,48
position,50279,867,74,96
position,50280,396,53,48
position,50281,1359,114,96
position,50282,1089,88,96
position,50283,2430,128,192
position,50284,1080,85,96
position,50285,873,76,96
position,50286,1149,91,96
position,50287,1080,95,96
position,50288,414,56,48
position,50289,3363,178,192
position,50290,168,32,24
position,50291,1329,111,96
position,50292,2613,127,192
position,50293,1155,99,96
position,50294,405,50,48
position,50295,414,55,48
position,50296,393,50,48
position,50297,405,53,48
position,50298,1062,86,96
position,50299,465,66,48
position,50300,990,82,96
position,50301,1275,104,96
position,50302,1059,83,96
position,50303,3777,186,192
position,50304,1023,86,96
position,50305,882,76,96
position,50306,459,59,48
position,50307,3084,151,192
position,50308,2538,126,192
position,50309,267,48,24
position,50310,834,69,96
position,50311,903,75,96
position,50312,1182,99,96
position,50313,1140,96,96
position,50314,375,48,48
position,50315,1215,106,96
position,50316,405,53,48
position,50317,1077,95,96
position,50318,480,63,48
position,50319,2586,111,192
position,50320,1386,113,96
position,50321,870,71,96
position,50322,1197,99,96
position,50323,1116,94,96
position,50324,921,76,96
position,50325,798,56,96
position,50326,1140,99,96
position,50327,108,27,12
position,50328,471,64,48
position,50329,465,57,48
position,50330,162,31,24
position,50331,513,68,48
position,50332,504,67,48
position,50333,498,68,48
position,50334,894,71,96
position,50335,1110,92,96
position,50336,399,51,48
position,50337,225,40,24
position,50338,390,53,48
position,50339,1161,96,96
position,50340,1008,79,96
position,50341,402,54,48
position,50342,447,58,48
position,50343,1116,86,96
position,50344,342,46,48
position,50345,366,44,48
position,50346,240,42,24
position,50347,447,56,48
position,50348,1821,125,96
position,50349,2517,119,192
position,50350,426,59,48
position,50351,387,48,48
position,50352,2655,155,192
position,50353,900,79,96
position,50354,1128,94,96
position,50355,627,74,48
position,50356,2604,145,192
position,50357,960,76,96
position,50358,900,73,96
position,50359,1191,103,96
position,50360,966,81,96
position,50361,1026,76,96
position,50362,810,61,96
position,50363,900,73,96
position,50364,402,54,48
position,50365,921,79,96
position,50366,1179,95,96
position,50367,897,70,96
position,50368,438,59,48
position,50369,483,63,48
position,50370,660,75,48
position,50371,423,56,48
position,50372,1356,112,96
position,50373,813,66,96
position,50374,477,59,48
position,50375,414,53,48
position,50376,3141,138,192
position,50377,876,64,96
position,50378,1164,96,96
position,50379,438,56,48
position,50380,1650,114,96
position,50381,894,76,96
position,50382,2577,136,192
position,50383,324,41,48
position,50384,444,59,48
position,50385,1173,97,96
position,50386,495,68,48
position,50387,2454,108,192
position,50388,384,51,48
position,50389,1143,88,96
position,50390,1737,125,96
position,50391,1359,112,96
position,50392,1215,99,96
position,50393,2655,150,192
position,50394,684,86,48
position,50395,1197,105,96
position,50396,1131,85,96
position,50397,387,50,48
position,50398,510,69,48
position,50399,2538,132,192
position,50400,627,74,48
position,50401,3129,163,192
position,50402,252,45,24
position,50403,411,55,48
position,50404,885,78,96
position,50405,333,44,48
position,50406,420,59,48
position,50407,426,55,48
position,50408,1278,114,96
position,50409,354,45,48
position,50410,1083,85,96
position,50411,405,53,48
position,50412,450,64,48
position,50413,1071,85,96
position,50414,945,84,96
position,50415,534,58,48
position,50416,366,48,48
position,50417,450,57,48
position,50418,189,33,24
position,50419,1158,98,96
position,50420,372,48,48
position,50421,1083,84,96
position,50422,465,60,48
position,50423,402,49,48
position,50424,1329,97,96
position,50425,444,57,48
position,50426,384,49,48
position,50427,162,32,24
position,50428,147,30,24
position,50429,1023,84,96
position,50430,444,63,48
position,50431,891,78,96
position,50432,1155,89,96
position,50433,282,36,48
position,50434,333,46,48
position,50435,1017,85,96
position,50436,1158,100,96
position,50437,1137,95,96
position,50438,921,81,96
position,50439,1176,95,96
position,50440,1242,100,96
position,50441,1290,108,96
position,50442,1146,101,96
position,50443,1191,104,96
position,50444,1152,90,96
position,50445,417,58,48
position,50446,414,53,48
position,50447,1137,97,96
position,50448,1071,87,96
position,50449,513,67,48
position,50450,1002,90,96
position,50451,384,50,48
position,50452,417,54,48
position,50453,543,62,48
position,50454,507,68,48
position,50455,297,38,48
position,50456,456,62,48
position,50457,834,69,96
position,50458,1143,94,96
position,50459,2688,116,192
position,50460,927,79,96
position,50461,1062,88,96
position,50462,1242,111,96
position,50463,909,79,96
position,50464,1170,99,96
position,50465,1128,90,96
position,50466,1776,122,96
position,50467,1572,112,96
position,50468,381,50,48
position,50469,954,83,96
position,50470,1122,98,96
position,50471,510,64,48
position,50472,873,76,96
position,50473,1167,103,96
position,50474,405,55,48
position,50475,3234,158,192
position,50476,870,75,96
position,50477,1116,88,96
position,50478,402,52,48
position,50479,912,82,96
position,50480,648,71,48
position,50481,870,72,96
position,50482,465,60,48
position,50483,255,46,24
position,50484,375,49,48
position,50485,969,80,96
position,50486,3084,152,192
position,50487,900,76,96
position,50488,1137,94,96
position,50489,1098,87,96
position,50490,999,88,96
position,50491,942,78,96
position,50492,441,61,48
position,50493,648,72,48
position,50494,3237,144,192
position,50495,945,83,96
position,50496,2379,128,192
position,50497,2508,131,192
position,50498,324,43,48
position,50499,4671,210,192
position,50500,930,81,96
position,50501,402,52,48
position,50502,918,78,96
position,50503,405,53,48
position,50504,402,54,48
position,50505,939,79,96
position,50506,405,55,48
position,50507,423,54,48
position,50508,1188,93,96
position,50509,1212,102,96
position,50510,969,87,96
position,50511,408,56,48
position,50512,699,77,48
position,50513,1056,81,96
position,50514,981,83,96
position,50515,2538,120,192
position,50516,1377,108,96
position,50517,315,52,24
position,50518,663,81,48
position,50519,2571,118,192
position,50520,339,47,48
position,50521,870,68,96
position,50522,516,66,48
position,50523,1170,106,96
position,50524,1095,92,96
position,50525,483,63,48
position,50526,1239,102,96
position,50527,438,62,48
position,50528,897,76,96
position,50529,489,58,48
position,50530,216,37,24
position,50531,906,71,96
position,50532,948,81,96
position,50533,2529,129,192
position,50534,1206,101,96
position,50535,504,64,48
position,50536,2373,122,192
position,50537,1125,93,96
position,50538,1425,118,96
position,50539,1170,95,96
position,50540,1047,87,96
position,50541,411,52,48
position,50542,831,67,96
position,50543,603,68,48
position,50544,345,46,48
position,50545,2457,131,192
position,50546,378,49,48
position,50547,1449,113,96
position,50548,1125,93,96
position,50549,468,61,48
position,50550,327,42,48
position,50551,858,70,96
position,50552,336,47,48
position,50553,1137,98,96
position,50554,1146,92,96
position,50555,669,78,48
position,50556,174,33,24
position,50557,906,78,96
position,50558,459,56,48
position,50559,861,72,96
position,50560,1242,105,96
position,50561,1614,108,96
position,50562,1134,94,96
position,50563,1107,95,96
position,50564,1113,85,96
position,50565,1053,86,96
position,50566,423,57,48
position,50567,630,73,48
position,50568,1257,102,96
position,50569,456,65,48
position,50570,3078,148,192
position,50571,1014,88,96
position,50572,1131,95,96
position,50573,417,54,48
position,50574,495,64,48
position,50575,885,78,96
position,50576,474,59,48
position,50577,186,32,24
position,50578,417,54,48
position,50579,405,51,48
position,50580,399,53,48
position,50581,387,50,48
position,50582,960,79,96
position,50583,399,51,48
position,50584,1053,92,96
position,50585,1062,91,96
position,50586,1530,109,96
position,50587,384,51,48
position,50588,792,62,96
position,50589,630,73,48
position,50590,468,59,48
position,50591,927,80,96
position,50592,2727,135,192
position,50593,405,53,48
position,50594,555,63,48
position,50595,1146,101,96
position,50596,897,74,96
position,50597,891,77,96
position,50598,483,59,48
position,50599,1311,95,96
position,50600,1200,109,96
position,50601,384,47,48
position,50602,618,68,48
position,50603,3267,173,192
position,50604,498,67,48
position,50605,915,81,96
position,50606,2568,142,192
position,50607,489,63,48
position,50608,462,61,48
position,50609,1242,96,96
position,50610,564,61,48
position,50611,621,68,48
position,50612,444,57,48
position,50613,915,68,96
position,50614,360,50,48
position,50615,1425,111,96
position,50616,1383,106,96
position,50617,990,83,96
position,50618,2295,115,192
position,50619,1221,113,96
position,50620,2454,108,192
position,50621,2637,133,192
position,50622,1158,95,96
position,50623,1230,93,96
position,50624,411,54,48
position,50625,1149,95,96
position,50626,375,49,48
position,50627,1224,104,96
position,50628,552,62,48
position,50629,432,62,48
position,50630,729,84,48
position,50631,951,82,96
position,50632,2592,115,192
position,50633,1125,89,96
position,50634,393,51,48
position,50635,1359,118,96
position,50636,615,68,48
position,50637,1302,108,96
position,50638,879,68,96
position,50639,300,39,48
position,50640,1179,94,96
position,50641,2607,128,192
position,50642,438,56,48
position,50643,1227,110,96
position,50644,162,32,24
position,50645,1047,85,96
position,50646,1173,98,96
position,50647,1197,99,96
position,50648,1155,94,96
position,50649,282,51,24
position,50650,1290,112,96
position,50651,2565,118,192
position,50652,927,76,96
position,50653,1857,127,96
position,50654,972,83,96
position,50655,1218,101,96
position,50656,1155,94,96
position,50657,630,75,48
position,50658,1371,102,96
position,50659,1146,103,96
position,50660,519,72,48
position,50661,894,73,96
position,50662,1191,96,96
position,50663,573,68,48
position,50664,492,61,48
position,50665,927,74,96
position,50666,132,25,24
position,50667,468,59,48
position,50668,951,85,96
position,50669,438,58,48
position,50670,2610,118,192
position,50671,1008,83,96
position,50672,1104,90,96
position,50673,801,65,96
position,50674,1089,86,96
position,50675,171,34,24
position,50676,1104,86,96
position,50677,1026,85,96
position,50678,963,75,96
position,50679,441,57,48
position,50680,1107,97,96
position,50681,588,66,48
position,50682,393,48,48
position,50683,3213,168,192
position,50684,408,53,48
position,50685,1350,112,96
position,50686,1077,86,96
position,50687,1308,103,96
position,50688,1107,91,96
position,50689,2613,135,192
position,50690,894,75,96
position,50691,351,45,48
position,50692,1155,102,96
position,50693,1266,106,96
position,50694,681,79,48
position,50695,1161,103,96
position,50696,1152,86,96
position,50697,465,60,48
position,50698,1047,81,96
position,50699,366,48,48
position,50700,363,46,48
position,50701,909,81,96
position,50702,939,76,96
position,50703,1404,116,96
position,50704,426,57,48
position,50705,1146,99,96
position,50706,1143,96,96
position,50707,573,64,48
position,50708,2808,157,192
position,50709,1227,109,96
position,50710,3159,138,192
position,50711,4512,174,192
position,50712,945,75,96
position,50713,2574,134,192
position,50714,897,71,96
position,50715,636,75,48
position,50716,906,74,96
position,50717,405,49,48
position,50718,1191,103,96
position,50719,702,78,48
position,50720,891,71,96
position,50721,936,82,96
position,50722,681,82,48
position,50723,642,74,48
position,50724,1170,100,96
position,50725,429,60,48
position,50726,3240,171,192
position,50727,1395,120,96
position,50728,843,70,96
position,50729,465,59,48
position,50730,2598,131,192
position,50731,393,49,48
position,50732,1221,106,96
position,50733,1107,95,96
position,50734,1077,85,96
position,50735,954,83,96
position,50736,948,80,96
position,50737,477,64,48
position,50738,234,42,24
position,50739,1239,114,96
position,50740,1110,96,96
position,50741,1128,95,96
position,50742,1065,87,96
position,50743,1104,97,96
position,50744,168,33,24
position,50745,573,66,48
position,50746,1032,86,96
position,50747,309,39,48
position,50748,1170,93,96
position,50749,1161,98,96
position,50750,1344,97,96
position,50751,594,66,48
position,50752,1065,85,96
position,50753,2820,129,192
position,50754,888,78,96
position,50755,432,55,48
position,50756,417,56,48
position,50757,1329,109,96
position,50758,870,93,48
position,50759,1002,75,96
position,50760,1083,90,96
position,50761,396,50,48
position,50762,3387,175,192
position,50763,1245,109,96
position,50764,1125,98,96
position,50765,576,68,48
position,50766,1098,94,96
position,50767,897,76,96
position,50768,2607,144,192
position,50769,666,75,48
position,50770,819,70,96
position,50771,2670,140,192
position,50772,462,58,48
position,50773,1386,113,96
position,50774,1083,91,96
position,50775,387,50,48
position,50776,1143,93,96
position,50777,978,90,96
position,50778,1143,94,96
position,50779,402,48,48
position,50780,1134,95,96
position,50781,162,31,24
position,50782,489,62,48
position,50783,1875,139,96
position,50784,684,80,48
position,50785,390,51,48
position,50786,1257,99,96
position,50787,1056,87,96
position,50788,165,32,24
position,50789,1134,100,96
position,50790,390,51,48
position,50791,915,80,96
position,50792,438,55,48
position,50793,435,59,48
position,50794,453,60,48
position,50795,894,79,96
position,50796,480,62,48
position,50797,2619,138,192
position,50798,429,56,48
position,50799,984,84,96
position,50800,726,86,48
position,50801,1080,90,96
position,50802,453,57,48
position,50803,378,49,48
position,50804,504,67,48
position,50805,252,45,24
position,50806,2853,155,192
position,50807,1113,90,96
position,50808,1287,101,96
position,50809,1113,87,96
position,50810,2334,116,192
position,50811,354,45,48
position,50812,591,65,48
position,50813,2583,135,192
position,50814,390,50,48
position,50815,870,71,96
position,50816,2514,117,192
position,50817,2421,115,192
position,50818,399,51,48
position,50819,933,74,96
position,50820,534,71,48
position,50821,891,79,96
position,50822,1212,92,96
position,50823,408,54,48
position,50824,537,71,48
position,50825,1359,113,96
position,50826,393,54,48
position,50827,3096,158,192
position,50828,444,59,48
position,50829,975,89,96
position,50830,345,48,48
position,50831,762,94,48
position,50832,327,44,48
position,50833,1296,112,96
position,50834,1914,140,96
position,50835,1074,87,96
position,50836,348,47,48
position,50837,1032,72,96
position,50838,420,59,48
position,50839,1278,99,96
position,50840,1242,105,96
position,50841,903,78,96
position,50842,1860,133,96
position,50843,168,33,24
position,50844,576,76,48
position,50845,972,81,96
position,50846,2622,139,192
position,50847,906,78,96
position,50848,375,48,48
position,50849,2856,129,192
position,50850,657,78,48
position,50851,411,57,48
position,50852,450,56,48
position,50853,846,70,96
position,50854,1050,86,96
position,50855,180,36,24
position,50856,918,78,96
position,50857,2994,142,192
position,50858,480,63,48
position,50859,1107,93,96
position,50860,459,57,48
position,50861,1194,94,96
position,50862,3117,157,192
position,50863,915,81,96
position,50864,192,37,24
position,50865,525,68,48
position,50866,645,75,48
position,50867,417,54,48
position,50868,573,67,48
position,50869,603,69,48
position,50870,486,66,48
position,50871,375,47,48
position,50872,2553,126,192
position,50873,795,66,96
position,50874,441,62,48
position,50875,1134,94,96
position,50876,918,77,96
position,50877,480,60,48
position,50878,414,57,48
position,50879,2454,130,192
position,50880,1110,94,96
position,50881,573,68,48
position,50882,864,74,96
position,50883,1176,99,96
position,50884,891,74,96
position,50885,702,78,48
position,50886,2412,119,192
position,50887,1200,108,96
position,50888,645,75,48
position,50889,969,82,96
position,50890,495,67,48
position,50891,381,48,48
position,50892,1647,110,96
position,50893,2274,111,192
position,50894,456,60,48
position,50895,1767,120,96
position,50896,666,75,48
position,50897,1206,96,96
position,50898,978,91,96
position,50899,882,71,96
position,50900,714,83,48
position,50901,1116,93,96
position,50902,2613,131,192
position,50903,309,52,24
position,50904,597,69,48
position,50905,1032,82,96
position,50906,387,50,48
position,50907,945,82,96
position,50908,1134,90,96
position,50909,1200,105,96
position,50910,1206,98,96
position,50911,1188,106,96
position,50912,495,67,48
position,50913,549,62,48
position,50914,405,53,48
position,50915,408,54,48
position,50916,954,86,96
position,50917,423,59,48
position,50918,924,83,96
position,50919,885,75,96
position,50920,867,70,96
position,50921,435,60,48
position,50922,2667,138,192
position,50923,615,67,48
position,50924,885,72,96
position,50925,1137,103,96
position,50926,1107,93,96
position,50927,1212,108,96
position,50928,468,61,48
position,50929,909,68,96
position,50930,522,67,48
position,50931,951,81,96
position,50932,1725,124,96
position,50933,1119,94,96
position,50934,3024,133,192
position,50935,507,65,48
position,50936,798,60,96
position,50937,864,72,96
position,50938,414,57,48
position,50939,948,88,96
position,50940,948,78,96
position,50941,1194,107,96
position,50942,1101,93,96
position,50943,2253,109,192
position,50944,1215,111,96
position,50945,780,62,96
position,50946,1017,81,96
position,50947,297,38,48
position,50948,195,38,24
position,50949,639,73,48
position,50950,876,72,96
position,50951,189,36,24
position,50952,414,55,48
position,50953,954,77,96
position,50954,423,57,48
position,50955,1137,94,96
position,50956,2679,141,192
position,50957,1140,99,96
position,50958,1125,85,96
position,50959,1116,95,96
position,50960,1200,103,96
position,50961,1107,91,96
position,50962,948,79,96
position,50963,810,95,48
position,50964,1011,87,96
position,50965,1290,105,96
position,50966,429,57,48
position,50967,858,71,96
position,50968,957,86,96
position,50969,165,33,24
position,50970,1056,86,96
position,50971,318,42,48
position,50972,900,78,96
position,50973,171,35,24
position,50974,1260,93,96
position,50975,942,83,96
position,50976,375,46,48
position,50977,1113,89,96
position,50978,465,56,48
position,50979,1164,97,96
position,50980,921,77,96
position,50981,624,70,48
position,50982,2538,126,192
position,50983,1116,89,96
position,50984,522,66,48
position,50985,621,71,48
position,50986,1188,96,96
position,50987,1140,93,96
position,50988,1005,91,96
position,50989,1299,103,96
position,50990,189,37,24
position,50991,468,61,48
position,50992,924,82,96
position,50993,1059,88,96
position,50994,2481,120,192
position,50995,1368,120,96
position,50996,1161,96,96
position,50997,537,71,48
position,50998,924,80,96
position,50999,453,58,48
apparition,50000,3741,175,192
apparition,50001,522,69,48
apparition,50002,1134,90,96
apparition,50003,1146,103,96
apparition,50004,1458,114,96
apparition,50005,1119,88,96
apparition,50006,2811,134,192
apparition,50007,759,92,48
apparition,50008,1143,93,96
apparition,50009,1281,107,96
apparition,50010,3294,184,192
apparition,50011,1206,107,96
apparition,50012,1143,100,96
apparition,50013,3408,182,192
apparition,50014,474,59,48
apparition,50015,1185,90,96
apparition,50016,3174,153,192
apparition,50017,981,88,96
apparition,50018,483,65,48
apparition,50019,1212,100,96
apparition,50020,801,65,96
apparition,50021,513,68,48
apparition,50022,522,69,48
apparition,50023,3300,181,192
apparition,50024,915,79,96
apparition,50025,1062,77,96
apparition,50026,7899,282,384
apparition,50027,2601,141,192
apparition,50028,165,32,24
apparition,50029,387,52,48
apparition,50030,414,53,48
apparition,50031,2754,158,192
apparition,50032,633,69,48
apparition,50033,405,53,48
apparition,50034,2652,140,192
apparition,50035,1167,106,96
apparition,50036,1158,94,96
apparition,50037,351,48,48
apparition,50038,1614,102,96
apparition,50039,1107,94,96
apparition,50040,2682,143,192
apparition,50041,3339,178,192
apparition,50042,2778,146,192
apparition,50043,1161,97,96
apparition,50044,1092,92,96
apparition,50045,2655,151,192
apparition,50046,885,75,96
apparition,50047,1650,115,96
apparition,50048,153,30,24
apparition,50049,699,75,48
apparition,50050,3258,150,192
apparition,50051,1182,105,96
apparition,50052,714,77,48
apparition,50053,2583,118,192
apparition,50054,1038,86,96
apparition,50055,450,59,48
apparition,50056,945,73,96
apparition,50057,450,55,48
apparition,50058,2415,129,192
apparition,50059,1212,102,96
apparition,50060,1140,88,96
apparition,50061,2595,140,192
apparition,50062,168,33,24
apparition,50063,507,67,48
apparition,50064,1275,104,96
apparition,50065,3540,192,192
apparition,50066,978,84,96
apparition,50067,2793,144,192
apparition,50068,453,56,48
apparition,50069,2883,151,192
apparition,50070,2751,155,192
apparition,50071,900,77,96
apparition,50072,1263,98,96
apparition,50073,2409,124,192
apparition,50074,1176,83,96
apparition,50075,969,83,96
apparition,50076,324,44,48
apparition,50077,1191,102,96
apparition,50078,978,89,96
apparition,50079,3183,168,192
apparition,50080,180,36,24
apparition,50081,873,76,96
apparition,50082,1332,102,96
apparition,50083,489,65,48
apparition,50084,1707,129,96
apparition,50085,864,69,96
apparition,50086,183,37,24
apparition,50087,1827,124,96
apparition,50088,951,83,96
apparition,50089,420,55,48
apparition,50090,1410,125,96
apparition,50091,525,62,48
apparition,50092,1446,112,96
apparition,50093,168,33,24
apparition,50094,2757,130,192
apparition,50095,2697,153,192
apparition,50096,648,74,48
apparition,50097,417,57,48
apparition,50098,921,79,96
apparition,50099,654,77,48
apparition,50100,1239,109,96
apparition,50101,894,96,48
apparition,50102,1128,97,96
apparition,50103,1170,91,96
apparition,50104,297,38,48
apparition,50105,894,75,96
apparition,50106,1062,97,96
apparition,50107,459,61,48
apparition,50108,1452,114,96
apparition,50109,1608,115,96
apparition,50110,2871,145,192
apparition,50111,1266,106,96
apparition,50112,288,51,24
apparition,50113,1344,107,96
apparition,50114,7029,196,384
apparition,50115,1428,121,96
apparition,50116,1050,80,96
apparition,50117,1944,148,96
apparition,50118,2574,132,192
apparition,50119,1035,85,96
apparition,50120,3171,168,192
apparition,50121,3312,177,192
apparition,50122,375,46,48
apparition,50123,2631,136,192
apparition,50124,2355,122,192
apparition,50125,3165,168,192
apparition,50126,2349,116,192
apparition,50127,2448,138,192
apparition,50128,738,88,48
apparition,50129,1143,99,96
apparition,50130,2457,126,192
apparition,50131,1248,102,96
apparition,50132,435,55,48
apparition,50133,2487,116,192
apparition,50134,1029,79,96
apparition,50135,279,50,24
apparition,50136,669,80,48
apparition,50137,1092,87,96
apparition,50138,1431,119,96
apparition,50139,483,63,48
apparition,50140,1137,93,96
apparition,50141,252,46,24
apparition,50142,687,76,48
apparition,50143,480,64,48
apparition,50144,1092,90,96
apparition,50145,696,79,48
apparition,50146,2568,139,192
apparition,50147,2496,131,192
apparition,50148,240,42,24
apparition,50149,1083,92,96
apparition,50150,627,79,48
apparition,50151,2358,125,192
apparition,50152,2049,153,96
apparition,50153,339,59,24
apparition,50154,1641,128,96
apparition,50155,3387,192,192
apparition,50156,780,89,48
apparition,50157,654,76,48
apparition,50158,2568,133,192
apparition,50159,1227,101,96
apparition,50160,216,42,24
apparition,50161,1332,110,96
apparition,50162,3393,182,192
apparition,50163,717,82,48
apparition,50164,333,44,48
apparition,50165,2358,117,192
apparition,50166,678,82,48
apparition,50167,1128,98,96
apparition,50168,1875,137,96
apparition,50169,1161,98,96
apparition,50170,255,46,24
apparition,50171,408,55,48
apparition,50172,489,67,48
apparition,50173,249,45,24
apparition,50174,2271,109,192
apparition,50175,7020,179,384
apparition,50176,1113,98,96
apparition,50177,1137,98,96
apparition,50178,1080,85,96
apparition,50179,1203,108,96
apparition,50180,459,65,48
apparition,50181,408,53,48
apparition,50182,1134,86,96
apparition,50183,1134,96,96
apparition,50184,591,67,48
apparition,50185,1377,126,96
apparition,50186,489,65,48
apparition,50187,621,72,48
apparition,50188,1131,99,96
apparition,50189,1089,96,96
apparition,50190,999,94,96
apparition,50191,693,76,48
apparition,50192,1146,90,96
apparition,50193,957,82,96
apparition,50194,243,43,24
apparition,50195,1194,101,96
apparition,50196,3084,161,192
apparition,50197,900,73,96
apparition,50198,3417,180,192
apparition,50199,477,59,48
apparition,50200,3075,164,192
apparition,50201,1653,123,96
apparition,50202,1293,98,96
apparition,50203,552,60,48
apparition,50204,1209,95,96
apparition,50205,2793,135,192
apparition,50206,948,79,96
apparition,50207,384,51,48
apparition,50208,960,83,96
apparition,50209,2409,125,192
apparition,50210,903,80,96
apparition,50211,897,78,96
apparition,50212,738,88,48
apparition,50213,2616,126,192
apparition,50214,1188,97,96
apparition,50215,447,62,48
apparition,50216,2607,134,192
apparition,50217,2583,129,192
apparition,50218,1539,137,96
apparition,50219,1218,95,96
apparition,50220,924,81,96
apparition,50221,1107,93,96
apparition,50222,897,76,96
apparition,50223,390,51,48
apparition,50224,2679,141,192
apparition,50225,2568,133,192
apparition,50226,1206,106,96
apparition,50227,870,68,96
apparition,50228,2358,108,192
apparition,50229,1263,107,96
apparition,50230,3597,199,192
apparition,50231,1083,87,96
apparition,50232,1059,92,96
apparition,50233,2388,127,192
apparition,50234,3306,180,192
apparition,50235,348,42,48
apparition,50236,2355,105,192
apparition,50237,2427,121,192
apparition,50238,507,68,48
apparition,50239,2595,138,192
apparition,50240,3411,180,192
apparition,50241,3348,158,192
apparition,50242,432,56,48
apparition,50243,900,79,96
apparition,50244,843,103,48
apparition,50245,561,71,48
apparition,50246,3231,150,192
apparition,50247,1161,103,96
apparition,50248,2412,120,192
apparition,50249,3111,159,192
apparition,50250,1443,123,96
apparition,50251,1467,122,96
apparition,50252,840,65,96
apparition,50253,1158,91,96
apparition,50254,2547,131,192
apparition,50255,1155,99,96
apparition,50256,462,62,48
apparition,50257,3246,160,192
apparition,50258,279,34,48
apparition,50259,2661,140,192
apparition,50260,216,38,24
apparition,50261,2199,163,96
apparition,50262,1197,97,96
apparition,50263,2442,118,192
apparition,50264,1221,107,96
apparition,50265,906,79,96
apparition,50266,1152,94,96
apparition,50267,1164,98,96
apparition,50268,1122,97,96
apparition,50269,3315,179,192
apparition,50270,735,81,48
apparition,50271,504,65,48
apparition,50272,405,55,48
apparition,50273,1110,87,96
apparition,50274,879,72,96
apparition,50275,891,77,96
apparition,50276,567,67,48
apparition,50277,927,78,96
apparition,50278,1395,109,96
apparition,50279,438,60,48
apparition,50280,174,34,24
apparition,50281,1170,99,96
apparition,50282,1230,106,96
apparition,50283,411,57,48
apparition,50284,429,59,48
apparition,50285,354,59,24
apparition,50286,645,83,48
apparition,50287,531,63,48
apparition,50288,2661,136,192
apparition,50289,1167,103,96
apparition,50290,1146,96,96
apparition,50291,1146,98,96
apparition,50292,1860,125,96
apparition,50293,912,79,96
apparition,50294,1149,104,96
apparition,50295,1314,117,96
apparition,50296,1233,104,96
apparition,50297,1365,105,96
apparition,50298,1803,137,96
apparition,50299,1353,110,96
apparition,50300,3144,153,192
apparition,50301,954,83,96
apparition,50302,1089,87,96
apparition,50303,2421,123,192
apparition,50304,594,70,48
apparition,50305,1110,91,96
apparition,50306,1014,96,96
apparition,50307,1149,102,96
apparition,50308,498,60,48
apparition,50309,1269,102,96
apparition,50310,1308,113,96
apparition,50311,8124,267,384
apparition,50312,813,81,48
apparition,50313,2508,133,192
apparition,50314,1146,94,96
apparition,50315,2400,125,192
apparition,50316,1212,101,96
apparition,50317,1182,106,96
apparition,50318,2256,173,96
apparition,50319,1284,96,96
apparition,50320,954,83,96
apparition,50321,159,31,24
apparition,50322,420,58,48
apparition,50323,2715,147,192
apparition,50324,1131,89,96
apparition,50325,1230,105,96
apparition,50326,3294,169,192
apparition,50327,807,62,96
apparition,50328,297,38,48
apparition,50329,1158,95,96
apparition,50330,705,81,48
apparition,50331,441,55,48
apparition,50332,333,55,24
apparition,50333,1083,94,96
apparition,50334,1080,86,96
apparition,50335,1164,100,96
apparition,50336,945,87,96
apparition,50337,1161,101,96
apparition,50338,2592,148,192
apparition,50339,624,71,48
apparition,50340,471,64,48
apparition,50341,699,79,48
apparition,50342,2979,160,192
apparition,50343,1005,91,96
apparition,50344,1416,116,96
apparition,50345,1161,94,96
apparition,50346,2877,156,192
apparition,50347,876,77,96
apparition,50348,2589,117,192
apparition,50349,2586,122,192
apparition,50350,3459,163,192
apparition,50351,972,71,96
apparition,50352,354,48,48
apparition,50353,513,70,48
apparition,50354,591,73,48
apparition,50355,3279,181,192
apparition,50356,1068,93,96
apparition,50357,2706,138,192
apparition,50358,3633,195,192
apparition,50359,7380,237,384
apparition,50360,879,68,96
apparition,50361,198,39,24
apparition,50362,1374,119,96
apparition,50363,897,76,96
apparition,50364,2607,136,192
apparition,50365,3321,165,192
apparition,50366,897,76,96
apparition,50367,3408,179,192
apparition,50368,1626,122,96
apparition,50369,405,53,48
apparition,50370,1101,91,96
apparition,50371,1386,118,96
apparition,50372,1191,100,96
apparition,50373,1365,101,96
apparition,50374,423,58,48
apparition,50375,1158,95,96
apparition,50376,2346,100,192
apparition,50377,1386,108,96
apparition,50378,3288,177,192
apparition,50379,1149,98,96
apparition,50380,1098,87,96
apparition,50381,1086,83,96
apparition,50382,999,88,96
apparition,50383,2619,136,192
apparition,50384,1200,102,96
apparition,50385,1203,99,96
apparition,50386,405,53,48
apparition,50387,1005,86,96
apparition,50388,489,65,48
apparition,50389,1422,119,96
apparition,50390,1056,84,96
apparition,50391,2808,141,192
apparition,50392,1065,81,96
apparition,50393,1212,110,96
apparition,50394,1143,104,96
apparition,50395,1041,89,96
apparition,50396,924,72,96
apparition,50397,3297,161,192
apparition,50398,1209,103,96
apparition,50399,2562,133,192
apparition,50400,351,45,48
apparition,50401,1110,96,96
apparition,50402,951,83,96
apparition,50403,3300,165,192
apparition,50404,819,70,96
apparition,50405,1224,95,96
apparition,50406,459,57,48
apparition,50407,471,64,48
apparition,50408,1203,100,96
apparition,50409,1134,102,96
apparition,50410,684,71,48
apparition,50411,2385,125,192
apparition,50412,7242,235,384
apparition,50413,123,30,12
apparition,50414,327,55,24
apparition,50415,435,61,48
apparition,50416,1119,95,96
apparition,50417,1134,92,96
apparition,50418,1248,118,96
apparition,50419,447,54,48
apparition,50420,1269,109,96
apparition,50421,1752,122,96
apparition,50422,2682,160,192
apparition,50423,453,55,48
apparition,50424,657,71,48
apparition,50425,444,58,48
apparition,50426,462,66,48
apparition,50427,1110,92,96
apparition,50428,1269,111,96
apparition,50429,435,60,48
apparition,50430,1119,99,96
apparition,50431,897,78,96
apparition,50432,483,64,48
apparition,50433,1143,86,96
apparition,50434,405,53,48
apparition,50435,783,86,48
apparition,50436,165,31,24
apparition,50437,2637,141,192
apparition,50438,1083,88,96
apparition,50439,141,28,24
apparition,50440,3300,177,192
apparition,50441,594,63,48
apparition,50442,492,66,48
apparition,50443,468,61,48
apparition,50444,918,79,96
apparition,50445,2817,152,192
apparition,50446,945,85,96
apparition,50447,336,46,48
apparition,50448,1326,117,96
apparition,50449,813,66,96
apparition,50450,822,64,96
apparition,50451,276,50,24
apparition,50452,438,56,48
apparition,50453,1230,105,96
apparition,50454,579,72,48
apparition,50455,702,80,48
apparition,50456,144,28,24
apparition,50457,936,84,96
apparition,50458,828,95,48
apparition,50459,1248,99,96
apparition,50460,2454,125,192
apparition,50461,2688,144,192
apparition,50462,1218,106,96
apparition,50463,927,79,96
apparition,50464,588,69,48
apparition,50465,2586,135,192
apparition,50466,1062,87,96
apparition,50467,1191,109,96
apparition,50468,3240,168,192
apparition,50469,2889,153,192
apparition,50470,513,72,48
apparition,50471,156,31,24
apparition,50472,2409,122,192
apparition,50473,1110,91,96
apparition,50474,501,68,48
apparition,50475,432,60,48
apparition,50476,3477,196,192
apparition,50477,459,57,48
apparition,50478,3372,163,192
apparition,50479,1443,130,96
apparition,50480,921,79,96
apparition,50481,408,52,48
apparition,50482,1134,95,96
apparition,50483,1122,99,96
apparition,50484,1902,138,96
apparition,50485,1716,130,96
apparition,50486,918,77,96
apparition,50487,444,58,48
apparition,50488,924,80,96
apparition,50489,246,44,24
apparition,50490,969,87,96
apparition,50491,501,66,48
apparition,50492,2574,127,192
apparition,50493,7044,194,384
apparition,50494,3084,147,192
apparition,50495,900,82,96
apparition,50496,1014,82,96
apparition,50497,258,46,24
apparition,50498,1227,103,96
apparition,50499,423,58,48
apparition,50500,654,74,48
apparition,50501,1209,105,96
apparition,50502,909,82,96
apparition,50503,915,78,96
apparition,50504,849,76,96
apparition,50505,1380,112,96
apparition,50506,984,90,96
apparition,50507,1197,102,96
apparition,50508,1119,95,96
apparition,50509,1206,106,96
apparition,50510,891,74,96
apparition,50511,1059,91,96
apparition,50512,2820,145,192
apparition,50513,984,87,96
apparition,50514,642,72,48
apparition,50515,2571,125,192
apparition,50516,3027,134,192
apparition,50517,1044,87,96
apparition,50518,261,46,24
apparition,50519,3159,161,192
apparition,50520,1137,103,96
apparition,50521,2676,142,192
apparition,50522,7032,217,384
apparition,50523,1356,112,96
apparition,50524,909,76,96
apparition,50525,498,67,48
apparition,50526,1116,90,96
apparition,50527,573,74,48
apparition,50528,1191,103,96
apparition,50529,1143,93,96
apparition,50530,1212,100,96
apparition,50531,921,80,96
apparition,50532,1269,110,96
apparition,50533,1170,103,96
apparition,50534,1473,130,96
apparition,50535,3114,154,192
apparition,50536,969,84,96
apparition,50537,1098,83,96
apparition,50538,1107,95,96
apparition,50539,510,63,48
apparition,50540,888,78,96
apparition,50541,1134,98,96
apparition,50542,1119,93,96
apparition,50543,1137,97,96
apparition,50544,1086,89,96
apparition,50545,3465,163,192
apparition,50546,390,51,48
apparition,50547,1203,100,96
apparition,50548,2490,123,192
apparition,50549,435,55,48
apparition,50550,996,80,96
apparition,50551,2271,105,192
apparition,50552,1155,97,96
apparition,50553,126,31,12
apparition,50554,414,57,48
apparition,50555,1137,95,96
apparition,50556,921,80,96
apparition,50557,3159,167,192
apparition,50558,897,76,96
apparition,50559,1122,95,96
apparition,50560,408,55,48
apparition,50561,633,73,48
apparition,50562,1107,92,96
apparition,50563,405,53,48
apparition,50564,1104,86,96
apparition,50565,2946,175,192
apparition,50566,2778,154,192
apparition,50567,1233,105,96
apparition,50568,450,58,48
apparition,50569,1134,98,96
apparition,50570,423,57,48
apparition,50571,516,72,48
apparition,50572,258,46,24
apparition,50573,1116,88,96
apparition,50574,2439,129,192
apparition,50575,1026,78,96
apparition,50576,3075,154,192
apparition,50577,1251,108,96
apparition,50578,759,88,48
apparition,50579,2745,152,192
apparition,50580,84,21,12
apparition,50581,390,51,48
apparition,50582,3315,149,192
apparition,50583,1413,111,96
apparition,50584,957,86,96
apparition,50585,192,33,24
apparition,50586,7134,209,384
apparition,50587,489,66,48
apparition,50588,639,74,48
apparition,50589,501,66,48
apparition,50590,2976,133,192
apparition,50591,891,75,96
apparition,50592,957,79,96
apparition,50593,2619,134,192
apparition,50594,2619,151,192
apparition,50595,567,68,48
apparition,50596,873,74,96
apparition,50597,225,40,24
apparition,50598,555,65,48
apparition,50599,1215,104,96
apparition,50600,321,44,48
apparition,50601,2724,140,192
apparition,50602,1056,84,96
apparition,50603,1230,109,96
apparition,50604,3402,180,192
apparition,50605,1026,71,96
apparition,50606,453,59,48
apparition,50607,1104,88,96
apparition,50608,1788,134,96
apparition,50609,1305,95,96
apparition,50610,1299,112,96
apparition,50611,420,56,48
apparition,50612,3099,164,192
apparition,50613,948,76,96
apparition,50614,477,60,48
apparition,50615,2604,129,192
apparition,50616,255,45,24
apparition,50617,2568,125,192
apparition,50618,900,77,96
apparition,50619,918,68,96
apparition,50620,729,85,48
apparition,50621,3315,178,192
apparition,50622,1248,107,96
apparition,50623,1161,93,96
apparition,50624,954,78,96
apparition,50625,1275,103,96
apparition,50626,480,60,48
apparition,50627,963,79,96
apparition,50628,1074,93,96
apparition,50629,1137,94,96
apparition,50630,2442,122,192
apparition,50631,978,88,96
apparition,50632,3159,153,192
apparition,50633,1353,101,96
apparition,50634,3042,158,192
apparition,50635,1638,127,96
apparition,50636,1350,103,96
apparition,50637,1407,119,96
apparition,50638,1296,114,96
apparition,50639,492,64,48
apparition,50640,3291,165,192
apparition,50641,2388,122,192
apparition,50642,2733,152,192
apparition,50643,2541,135,192
apparition,50644,465,66,48
apparition,50645,465,59,48
apparition,50646,2031,146,96
apparition,50647,558,74,48
apparition,50648,423,56,48
apparition,50649,579,69,48
apparition,50650,2418,123,192
apparition,50651,987,86,96
apparition,50652,924,79,96
apparition,50653,1314,120,96
apparition,50654,1194,96,96
apparition,50655,2706,148,192
apparition,50656,2490,124,192
apparition,50657,3531,176,192
apparition,50658,2583,132,192
apparition,50659,864,70,96
apparition,50660,948,80,96
apparition,50661,1026,81,96
apparition,50662,3633,182,192
apparition,50663,1215,106,96
apparition,50664,480,64,48
apparition,50665,972,76,96
apparition,50666,921,72,96
apparition,50667,1356,106,96
apparition,50668,2517,127,192
apparition,50669,1650,117,96
apparition,50670,1188,92,96
apparition,50671,1050,88,96
apparition,50672,2664,150,192
apparition,50673,942,80,96
apparition,50674,378,49,48
apparition,50675,495,66,48
apparition,50676,2412,126,192
apparition,50677,543,60,48
apparition,50678,954,69,96
apparition,50679,381,47,48
apparition,50680,1140,96,96
apparition,50681,429,59,48
apparition,50682,501,64,48
apparition,50683,1134,99,96
apparition,50684,1602,120,96
apparition,50685,417,57,48
apparition,50686,3213,156,192
apparition,50687,1065,94,96
apparition,50688,876,74,96
apparition,50689,978,83,96
apparition,50690,447,58,48
apparition,50691,864,71,96
apparition,50692,1089,92,96
apparition,50693,1692,124,96
apparition,50694,2349,104,192
apparition,50695,504,67,48
apparition,50696,1458,125,96
apparition,50697,2646,126,192
apparition,50698,915,78,96
apparition,50699,876,70,96
apparition,50700,1347,112,96
apparition,50701,1092,90,96
apparition,50702,1089,87,96
apparition,50703,681,80,48
apparition,50704,2043,150,96
apparition,50705,2574,115,192
apparition,50706,432,59,48
apparition,50707,1284,110,96
apparition,50708,417,52,48
apparition,50709,552,71,48
apparition,50710,1140,88,96
apparition,50711,2580,125,192
apparition,50712,1161,87,96
apparition,50713,387,52,48
apparition,50714,984,88,96
apparition,50715,597,79,48
apparition,50716,3342,151,192
apparition,50717,2574,134,192
apparition,50718,588,69,48
apparition,50719,648,72,48
apparition,50720,600,73,48
apparition,50721,1176,95,96
apparition,50722,912,79,96
apparition,50723,882,72,96
apparition,50724,1101,94,96
apparition,50725,2448,128,192
apparition,50726,663,81,48
apparition,50727,384,51,48
apparition,50728,555,63,48
apparition,50729,1173,101,96
apparition,50730,459,58,48
apparition,50731,2526,138,192
apparition,50732,378,48,48
apparition,50733,648,83,48
apparition,50734,519,64,48
apparition,50735,1221,106,96
apparition,50736,477,65,48
apparition,50737,1089,91,96
apparition,50738,3162,172,192
apparition,50739,1431,125,96
apparition,50740,1125,101,96
apparition,50741,402,52,48
apparition,50742,783,62,96
apparition,50743,1110,77,96
apparition,50744,1197,100,96
apparition,50745,1137,93,96
apparition,50746,1194,101,96
apparition,50747,972,82,96
apparition,50748,522,70,48
apparition,50749,3612,188,192
apparition,50750,1149,84,96
apparition,50751,3051,172,192
apparition,50752,1158,92,96
apparition,50753,3597,179,192
apparition,50754,426,55,48
apparition,50755,2313,120,192
apparition,50756,1338,97,96
apparition,50757,861,70,96
apparition,50758,3075,173,192
apparition,50759,507,63,48
apparition,50760,1152,98,96
apparition,50761,801,65,96
apparition,50762,1161,98,96
apparition,50763,702,84,48
apparition,50764,1377,107,96
apparition,50765,1197,100,96
apparition,50766,2415,124,192
apparition,50767,2535,125,192
apparition,50768,3183,166,192
apparition,50769,1191,107,96
apparition,50770,2685,141,192
apparition,50771,447,58,48
apparition,50772,519,67,48
apparition,50773,990,87,96
apparition,50774,720,81,48
apparition,50775,1125,87,96
apparition,50776,1188,95,96
apparition,50777,234,43,24
apparition,50778,573,69,48
apparition,50779,3309,190,192
apparition,50780,678,80,48
apparition,50781,960,72,96
apparition,50782,1269,112,96
apparition,50783,1152,103,96
apparition,50784,1389,121,96
apparition,50785,2439,111,192
apparition,50786,306,41,48
apparition,50787,1092,94,96
apparition,50788,1221,104,96
apparition,50789,1140,101,96
apparition,50790,1287,109,96
apparition,50791,1164,99,96
apparition,50792,2601,117,192
apparition,50793,966,88,96
apparition,50794,405,55,48
apparition,50795,585,78,48
apparition,50796,471,60,48
apparition,50797,2550,136,192
apparition,50798,915,83,96
apparition,50799,1146,98,96
apparition,50800,573,79,48
apparition,50801,822,69,96
apparition,50802,471,60,48
apparition,50803,468,63,48
apparition,50804,972,88,96
apparition,50805,1113,87,96
apparition,50806,255,46,24
apparition,50807,3186,173,192
apparition,50808,1539,126,96
apparition,50809,1329,104,96
apparition,50810,1167,102,96
apparition,50811,465,62,48
apparition,50812,207,41,24
apparition,50813,516,70,48
apparition,50814,3348,171,192
apparition,50815,1125,97,96
apparition,50816,1584,128,96
apparition,50817,1449,125,96
apparition,50818,405,55,48
apparition,50819,471,62,48
apparition,50820,1125,89,96
apparition,50821,1146,96,96
apparition,50822,1329,114,96
apparition,50823,894,78,96
apparition,50824,528,60,48
apparition,50825,897,79,96
apparition,50826,3630,189,192
apparition,50827,1392,121,96
apparition,50828,1125,85,96
apparition,50829,471,62,48
apparition,50830,2592,129,192
apparition,50831,951,77,96
apparition,50832,969,82,96
apparition,50833,489,65,48
apparition,50834,423,56,48
apparition,50835,651,72,48
apparition,50836,705,79,48
apparition,50837,1152,99,96
apparition,50838,3297,167,192
apparition,50839,1128,94,96
apparition,50840,666,76,48
apparition,50841,3078,159,192
apparition,50842,978,85,96
apparition,50843,1635,118,96
apparition,50844,285,50,24
apparition,50845,984,93,96
apparition,50846,3300,166,192
apparition,50847,1095,91,96
apparition,50848,2562,137,192
apparition,50849,414,57,48
apparition,50850,3309,173,192
apparition,50851,996,86,96
apparition,50852,342,45,48
apparition,50853,675,74,48
apparition,50854,2412,124,192
apparition,50855,2619,134,192
apparition,50856,1026,84,96
apparition,50857,1041,85,96
apparition,50858,717,84,48
apparition,50859,2442,128,192
apparition,50860,183,35,24
apparition,50861,1446,109,96
apparition,50862,987,90,96
apparition,50863,1164,91,96
apparition,50864,1047,77,96
apparition,50865,3399,183,192
apparition,50866,408,53,48
apparition,50867,405,53,48
apparition,50868,1158,101,96
apparition,50869,2673,136,192
apparition,50870,1350,122,96
apparition,50871,429,58,48
apparition,50872,540,62,48
apparition,50873,459,59,48
apparition,50874,432,56,48
apparition,50875,1293,113,96
apparition,50876,1140,92,96
apparition,50877,792,63,96
apparition,50878,1254,110,96
apparition,50879,1158,96,96
apparition,50880,1056,83,96
apparition,50881,2349,108,192
apparition,50882,2436,118,192
apparition,50883,726,85,48
apparition,50884,1164,96,96
apparition,50885,459,58,48
apparition,50886,468,61,48
apparition,50887,2844,152,192
apparition,50888,765,88,48
apparition,50889,828,69,96
apparition,50890,390,53,48
apparition,50891,3612,184,192
apparition,50892,1251,107,96
apparition,50893,1359,117,96
apparition,50894,1062,89,96
apparition,50895,2340,107,192
apparition,50896,411,52,48
apparition,50897,627,71,48
apparition,50898,1113,95,96
apparition,50899,1155,102,96
apparition,50900,1320,94,96
apparition,50901,930,78,96
apparition,50902,933,81,96
apparition,50903,1140,102,96
apparition,50904,186,38,24
apparition,50905,669,83,48
apparition,50906,627,70,48
apparition,50907,1209,106,96
apparition,50908,2763,155,192
apparition,50909,3354,183,192
apparition,50910,1629,120,96
apparition,50911,135,26,24
apparition,50912,567,67,48
apparition,50913,2886,168,192
apparition,50914,885,75,96
apparition,50915,7770,218,384
apparition,50916,729,86,48
apparition,50917,867,79,96
apparition,50918,1197,97,96
apparition,50919,3096,143,192
apparition,50920,2910,155,192
apparition,50921,789,91,48
apparition,50922,759,89,48
apparition,50923,288,53,24
apparition,50924,1158,104,96
apparition,50925,675,80,48
apparition,50926,501,64,48
apparition,50927,1002,87,96
apparition,50928,1158,99,96
apparition,50929,3246,156,192
apparition,50930,624,66,48
apparition,50931,1413,119,96
apparition,50932,801,65,96
apparition,50933,2376,120,192
apparition,50934,1212,107,96
apparition,50935,432,58,48
apparition,50936,1062,92,96
apparition,50937,903,77,96
apparition,50938,477,62,48
apparition,50939,1134,96,96
apparition,50940,3078,154,192
apparition,50941,1062,79,96
apparition,50942,411,54,48
apparition,50943,492,60,48
apparition,50944,1179,101,96
apparition,50945,1248,103,96
apparition,50946,1203,110,96
apparition,50947,1374,101,96
apparition,50948,1329,112,96
apparition,50949,1152,101,96
apparition,50950,435,58,48
apparition,50951,489,65,48
apparition,50952,483,58,48
apparition,50953,3207,153,192
apparition,50954,300,39,48
apparition,50955,1527,106,96
apparition,50956,2676,136,192
apparition,50957,2436,131,192
apparition,50958,7218,210,384
apparition,50959,384,51,48
apparition,50960,1860,135,96
apparition,50961,717,84,48
apparition,50962,1293,101,96
apparition,50963,348,48,48
apparition,50964,1158,94,96
apparition,50965,2544,129,192
apparition,50966,729,90,48
apparition,50967,399,54,48
apparition,50968,552,61,48
apparition,50969,2745,143,192
apparition,50970,1374,112,96
apparition,50971,198,39,24
apparition,50972,939,81,96
apparition,50973,1086,97,96
apparition,50974,900,67,96
apparition,50975,1116,95,96
apparition,50976,645,75,48
apparition,50977,897,74,96
apparition,50978,501,62,48
apparition,50979,1677,115,96
apparition,50980,1113,80,96
apparition,50981,1248,109,96
apparition,50982,483,63,48
apparition,50983,1221,100,96
apparition,50984,465,62,48
apparition,50985,720,85,48
apparition,50986,909,74,96
apparition,50987,1335,110,96
apparition,50988,432,60,48
apparition,50989,1275,97,96
apparition,50990,1080,92,96
apparition,50991,1311,122,96
apparition,50992,1155,96,96
apparition,50993,1125,98,96
apparition,50994,1158,94,96
apparition,50995,396,52,48
apparition,50996,1170,93,96
apparition,50997,1161,102,96
apparition,50998,930,75,96
apparition,50999,1395,119,96
