agent,seed,score,moves,max_tile
aléatoire,40000,165,32,24
aléatoire,40001,168,33,24
aléatoire,40002,336,58,24
aléatoire,40003,345,43,48
aléatoire,40004,168,33,24
aléatoire,40005,396,54,48
aléatoire,40006,426,58,48
aléatoire,40007,309,42,48
aléatoire,40008,174,35,24
aléatoire,40009,222,41,24
aléatoire,40010,219,44,24
aléatoire,40011,699,81,48
aléatoire,40012,222,39,24
aléatoire,40013,246,44,24
aléatoire,40014,387,52,48
aléatoire,40015,387,52,48
aléatoire,40016,420,58,48
aléatoire,40017,327,44,48
aléatoire,40018,375,54,48
aléatoire,40019,147,29,24
aléatoire,40020,111,22,24
aléatoire,40021,879,70,96
aléatoire,40022,408,52,48
aléatoire,40023,60,16,12
aléatoire,40024,126,26,24
aléatoire,40025,210,42,24
aléatoire,40026,303,40,48
aléatoire,40027,180,35,24
aléatoire,40028,387,48,48
aléatoire,40029,222,39,24
aléatoire,40030,432,53,48
aléatoire,40031,858,76,96
aléatoire,40032,165,32,24
aléatoire,40033,405,55,48
aléatoire,40034,144,33,12
aléatoire,40035,174,34,24
aléatoire,40036,306,41,48
aléatoire,40037,360,47,48
aléatoire,40038,84,21,12
aléatoire,40039,240,43,24
aléatoire,40040,111,26,12
aléatoire,40041,225,40,24
aléatoire,40042,348,47,48
aléatoire,40043,135,26,24
aléatoire,40044,324,44,48
aléatoire,40045,219,38,24
aléatoire,40046,213,43,24
aléatoire,40047,138,31,12
aléatoire,40048,147,29,24
aléatoire,40049,195,34,24
aléatoire,40050,348,46,48
aléatoire,40051,237,42,24
aléatoire,40052,141,28,24
aléatoire,40053,444,63,48
aléatoire,40054,192,38,24
aléatoire,40055,369,49,48
aléatoire,40056,270,48,24
aléatoire,40057,252,45,24
aléatoire,40058,225,40,24
aléatoire,40059,90,22,12
aléatoire,40060,324,44,48
aléatoire,40061,339,47,48
aléatoire,40062,180,36,24
aléatoire,40063,186,36,24
aléatoire,40064,243,42,24
aléatoire,40065,360,49,48
aléatoire,40066,216,38,24
aléatoire,40067,111,26,12
aléatoire,40068,111,26,12
aléatoire,40069,54,15,12
aléatoire,40070,405,55,48
aléatoire,40071,183,35,24
aléatoire,40072,114,27,12
aléatoire,40073,186,36,24
aléatoire,40074,546,72,48
aléatoire,40075,144,28,24
aléatoire,40076,282,36,48
aléatoire,40077,168,33,24
aléatoire,40078,135,28,24
aléatoire,40079,426,59,48
aléatoire,40080,486,64,48
aléatoire,40081,363,46,48
aléatoire,40082,207,41,24
aléatoire,40083,189,36,24
aléatoire,40084,108,21,24
aléatoire,40085,243,42,24
aléatoire,40086,147,29,24
aléatoire,40087,171,34,24
aléatoire,40088,195,38,24
aléatoire,40089,252,45,24
aléatoire,40090,273,34,48
aléatoire,40091,120,28,12
aléatoire,40092,573,67,48
aléatoire,40093,192,38,24
aléatoire,40094,324,55,24
aléatoire,40095,396,54,48
aléatoire,40096,195,38,24
aléatoire,40097,141,28,24
aléatoire,40098,309,42,48
aléatoire,40099,411,52,48
aléatoire,40100,222,39,24
aléatoire,40101,81,21,12
aléatoire,40102,168,33,24
aléatoire,40103,213,37,24
aléatoire,40104,129,26,24
aléatoire,40105,81,21,12
aléatoire,40106,174,35,24
aléatoire,40107,51,14,12
aléatoire,40108,204,39,24
aléatoire,40109,192,37,24
aléatoire,40110,252,45,24
aléatoire,40111,120,24,24
aléatoire,40112,87,22,12
aléatoire,40113,168,33,24
aléatoire,40114,387,52,48
aléatoire,40115,237,42,24
aléatoire,40116,378,52,48
aléatoire,40117,204,41,24
aléatoire,40118,264,48,24
aléatoire,40119,252,44,24
aléatoire,40120,87,22,12
aléatoire,40121,165,31,24
aléatoire,40122,192,37,24
aléatoire,40123,195,38,24
aléatoire,40124,210,38,24
aléatoire,40125,81,21,12
aléatoire,40126,150,31,24
aléatoire,40127,114,27,12
aléatoire,40128,351,48,48
aléatoire,40129,180,35,24
aléatoire,40130,336,44,48
aléatoire,40131,216,38,24
aléatoire,40132,51,14,12
aléatoire,40133,291,38,48
aléatoire,40134,183,36,24
aléatoire,40135,174,34,24
aléatoire,40136,138,27,24
aléatoire,40137,93,23,12
aléatoire,40138,969,86,96
aléatoire,40139,123,29,12
aléatoire,40140,90,23,12
aléatoire,40141,840,69,96
aléatoire,40142,420,57,48
aléatoire,40143,393,53,48
aléatoire,40144,141,28,24
aléatoire,40145,414,57,48
aléatoire,40146,372,54,48
aléatoire,40147,180,36,24
aléatoire,40148,120,29,12
aléatoire,40149,189,38,24
aléatoire,40150,99,23,12
aléatoire,40151,417,55,48
aléatoire,40152,330,44,48
aléatoire,40153,123,30,12
aléatoire,40154,468,63,48
aléatoire,40155,51,16,6
aléatoire,40156,327,43,48
aléatoire,40157,153,31,24
aléatoire,40158,351,46,48
aléatoire,40159,225,40,24
aléatoire,40160,354,48,48
aléatoire,40161,279,46,24
aléatoire,40162,168,33,24
aléatoire,40163,195,38,24
aléatoire,40164,183,36,24
aléatoire,40165,108,25,12
aléatoire,40166,426,56,48
aléatoire,40167,183,36,24
aléatoire,40168,159,31,24
aléatoire,40169,336,45,48
aléatoire,40170,1005,91,96
aléatoire,40171,102,23,12
aléatoire,40172,252,45,24
aléatoire,40173,333,46,48
aléatoire,40174,975,89,96
aléatoire,40175,108,25,12
aléatoire,40176,315,53,24
aléatoire,40177,78,21,12
aléatoire,40178,78,20,12
aléatoire,40179,87,22,12
aléatoire,40180,111,26,12
aléatoire,40181,198,39,24
aléatoire,40182,156,31,24
aléatoire,40183,165,34,24
aléatoire,40184,132,30,12
aléatoire,40185,171,35,24
aléatoire,40186,174,36,24
aléatoire,40187,435,59,48
aléatoire,40188,813,66,96
aléatoire,40189,72,19,12
aléatoire,40190,111,26,12
aléatoire,40191,294,37,48
aléatoire,40192,1113,83,96
aléatoire,40193,567,67,48
aléatoire,40194,186,37,24
aléatoire,40195,141,28,24
aléatoire,40196,132,31,12
aléatoire,40197,66,19,12
aléatoire,40198,180,36,24
aléatoire,40199,471,62,48
aléatoire,40200,156,30,24
aléatoire,40201,198,39,24
aléatoire,40202,270,48,24
aléatoire,40203,75,19,12
aléatoire,40204,462,64,48
aléatoire,40205,165,33,24
aléatoire,40206,306,41,48
aléatoire,40207,291,48,24
aléatoire,40208,654,79,48
aléatoire,40209,180,36,24
aléatoire,40210,225,40,24
aléatoire,40211,516,72,48
aléatoire,40212,216,39,24
aléatoire,40213,156,30,24
aléatoire,40214,348,58,24
aléatoire,40215,177,34,24
aléatoire,40216,198,39,24
aléatoire,40217,420,59,48
aléatoire,40218,399,54,48
aléatoire,40219,153,32,24
aléatoire,40220,345,48,48
aléatoire,40221,45,14,6
aléatoire,40222,183,36,24
aléatoire,40223,402,52,48
aléatoire,40224,366,52,48
aléatoire,40225,333,46,48
aléatoire,40226,447,59,48
aléatoire,40227,234,42,24
aléatoire,40228,165,32,24
aléatoire,40229,237,42,24
aléatoire,40230,87,21,12
aléatoire,40231,1035,87,96
aléatoire,40232,138,27,24
aléatoire,40233,123,29,12
aléatoire,40234,582,65,48
aléatoire,40235,561,66,48
aléatoire,40236,363,48,48
aléatoire,40237,216,42,24
aléatoire,40238,324,44,48
aléatoire,40239,222,39,24
aléatoire,40240,111,26,12
aléatoire,40241,426,59,48
aléatoire,40242,435,61,48
aléatoire,40243,291,36,48
aléatoire,40244,603,70,48
aléatoire,40245,99,25,12
aléatoire,40246,111,28,12
aléatoire,40247,411,56,48
aléatoire,40248,171,34,24
aléatoire,40249,99,24,12
aléatoire,40250,225,40,24
aléatoire,40251,66,19,12
aléatoire,40252,225,38,24
aléatoire,40253,105,26,12
aléatoire,40254,192,37,24
aléatoire,40255,147,29,24
aléatoire,40256,141,28,24
aléatoire,40257,921,78,96
aléatoire,40258,186,37,24
aléatoire,40259,654,75,48
aléatoire,40260,858,74,96
aléatoire,40261,399,56,48
aléatoire,40262,366,48,48
aléatoire,40263,945,78,96
aléatoire,40264,135,28,24
aléatoire,40265,450,58,48
aléatoire,40266,249,44,24
aléatoire,40267,291,48,24
aléatoire,40268,69,19,12
aléatoire,40269,408,54,48
aléatoire,40270,285,52,24
aléatoire,40271,369,48,48
aléatoire,40272,168,33,24
aléatoire,40273,567,67,48
aléatoire,40274,234,42,24
aléatoire,40275,198,39,24
aléatoire,40276,129,26,24
aléatoire,40277,150,30,24
aléatoire,40278,348,49,48
aléatoire,40279,216,38,24
aléatoire,40280,234,41,24
aléatoire,40281,426,59,48
aléatoire,40282,240,43,24
aléatoire,40283,219,38,24
aléatoire,40284,630,69,48
aléatoire,40285,204,36,24
aléatoire,40286,213,37,24
aléatoire,40287,222,44,24
aléatoire,40288,402,54,48
aléatoire,40289,207,37,24
aléatoire,40290,441,58,48
aléatoire,40291,375,49,48
aléatoire,40292,417,57,48
aléatoire,40293,459,61,48
aléatoire,40294,93,23,12
aléatoire,40295,213,43,24
aléatoire,40296,78,21,12
aléatoire,40297,237,41,24
aléatoire,40298,168,34,24
aléatoire,40299,360,51,48
aléatoire,40300,123,25,24
aléatoire,40301,180,36,24
aléatoire,40302,408,55,48
aléatoire,40303,423,58,48
aléatoire,40304,276,51,24
aléatoire,40305,342,46,48
aléatoire,40306,447,62,48
aléatoire,40307,390,53,48
aléatoire,40308,99,24,12
aléatoire,40309,426,56,48
aléatoire,40310,78,21,12
aléatoire,40311,474,62,48
aléatoire,40312,384,51,48
aléatoire,40313,171,33,24
aléatoire,40314,414,55,48
aléatoire,40315,87,22,12
aléatoire,40316,150,28,24
aléatoire,40317,465,62,48
aléatoire,40318,471,64,48
aléatoire,40319,363,48,48
aléatoire,40320,144,29,24
aléatoire,40321,87,21,12
aléatoire,40322,825,67,96
aléatoire,40323,456,56,48
aléatoire,40324,189,38,24
aléatoire,40325,231,40,24
aléatoire,40326,396,52,48
aléatoire,40327,564,74,48
aléatoire,40328,543,78,48
aléatoire,40329,393,51,48
aléatoire,40330,108,26,12
aléatoire,40331,501,67,48
aléatoire,40332,414,55,48
aléatoire,40333,279,50,24
aléatoire,40334,144,28,24
aléatoire,40335,213,43,24
aléatoire,40336,144,29,24
aléatoire,40337,342,48,48
aléatoire,40338,192,37,24
aléatoire,40339,171,34,24
aléatoire,40340,399,53,48
aléatoire,40341,135,26,24
aléatoire,40342,1092,89,96
aléatoire,40343,363,52,48
aléatoire,40344,363,48,48
aléatoire,40345,162,31,24
aléatoire,40346,165,32,24
aléatoire,40347,1002,82,96
aléatoire,40348,198,35,24
aléatoire,40349,237,41,24
aléatoire,40350,111,26,12
aléatoire,40351,174,34,24
aléatoire,40352,279,46,24
aléatoire,40353,168,32,24
aléatoire,40354,303,40,48
aléatoire,40355,81,21,12
aléatoire,40356,99,24,12
aléatoire,40357,405,51,48
aléatoire,40358,105,25,12
aléatoire,40359,249,43,24
aléatoire,40360,240,42,24
aléatoire,40361,396,53,48
aléatoire,40362,396,52,48
aléatoire,40363,207,37,24
aléatoire,40364,822,68,96
aléatoire,40365,357,45,48
aléatoire,40366,372,49,48
aléatoire,40367,156,32,24
aléatoire,40368,321,40,48
aléatoire,40369,201,40,24
aléatoire,40370,255,46,24
aléatoire,40371,339,48,48
aléatoire,40372,225,40,24
aléatoire,40373,123,25,24
aléatoire,40374,264,46,24
aléatoire,40375,324,54,24
aléatoire,40376,132,27,24
aléatoire,40377,39,13,6
aléatoire,40378,393,51,48
aléatoire,40379,153,31,24
aléatoire,40380,198,39,24
aléatoire,40381,147,30,24
aléatoire,40382,165,33,24
aléatoire,40383,801,67,96
aléatoire,40384,351,49,48
aléatoire,40385,366,48,48
aléatoire,40386,243,43,24
aléatoire,40387,72,20,12
aléatoire,40388,243,43,24
aléatoire,40389,411,55,48
aléatoire,40390,174,34,24
aléatoire,40391,399,53,48
aléatoire,40392,369,49,48
aléatoire,40393,402,52,48
aléatoire,40394,873,76,96
aléatoire,40395,855,66,96
aléatoire,40396,420,57,48
aléatoire,40397,165,31,24
aléatoire,40398,246,43,24
aléatoire,40399,201,40,24
aléatoire,40400,1149,89,96
aléatoire,40401,177,34,24
aléatoire,40402,45,14,6
aléatoire,40403,189,36,24
aléatoire,40404,315,43,48
aléatoire,40405,189,37,24
aléatoire,40406,177,36,24
aléatoire,40407,138,27,24
aléatoire,40408,231,42,24
aléatoire,40409,330,45,48
aléatoire,40410,222,39,24
aléatoire,40411,240,42,24
aléatoire,40412,252,45,24
aléatoire,40413,186,37,24
aléatoire,40414,90,22,12
aléatoire,40415,387,52,48
aléatoire,40416,87,23,12
aléatoire,40417,171,34,24
aléatoire,40418,72,19,12
aléatoire,40419,111,26,12
aléatoire,40420,246,43,24
aléatoire,40421,225,40,24
aléatoire,40422,315,41,48
aléatoire,40423,144,29,24
aléatoire,40424,117,28,12
aléatoire,40425,132,31,12
aléatoire,40426,555,65,48
aléatoire,40427,180,36,24
aléatoire,40428,192,38,24
aléatoire,40429,186,37,24
aléatoire,40430,486,65,48
aléatoire,40431,66,18,12
aléatoire,40432,123,30,12
aléatoire,40433,339,42,48
aléatoire,40434,384,51,48
aléatoire,40435,162,33,24
aléatoire,40436,480,64,48
aléatoire,40437,165,31,24
aléatoire,40438,168,33,24
aléatoire,40439,1305,112,96
aléatoire,40440,198,39,24
aléatoire,40441,267,47,24
aléatoire,40442,174,34,24
aléatoire,40443,231,45,24
aléatoire,40444,87,21,12
aléatoire,40445,312,42,48
aléatoire,40446,156,32,24
aléatoire,40447,486,67,48
aléatoire,40448,378,50,48
aléatoire,40449,240,45,24
aléatoire,40450,162,31,24
aléatoire,40451,525,66,48
aléatoire,40452,303,40,48
aléatoire,40453,174,34,24
aléatoire,40454,243,43,24
aléatoire,40455,174,35,24
aléatoire,40456,132,26,24
aléatoire,40457,168,34,24
aléatoire,40458,348,48,48
aléatoire,40459,453,59,48
aléatoire,40460,252,45,24
aléatoire,40461,156,30,24
aléatoire,40462,333,43,48
aléatoire,40463,228,40,24
aléatoire,40464,399,53,48
aléatoire,40465,240,42,24
aléatoire,40466,201,40,24
aléatoire,40467,171,34,24
aléatoire,40468,495,69,48
aléatoire,40469,831,70,96
aléatoire,40470,192,37,24
aléatoire,40471,141,28,24
aléatoire,40472,84,22,12
aléatoire,40473,141,28,24
aléatoire,40474,258,46,24
aléatoire,40475,465,60,48
aléatoire,40476,126,26,24
aléatoire,40477,804,62,96
aléatoire,40478,234,42,24
aléatoire,40479,54,16,6
aléatoire,40480,153,30,24
aléatoire,40481,231,46,24
aléatoire,40482,207,37,24
aléatoire,40483,429,50,48
aléatoire,40484,282,36,48
aléatoire,40485,234,48,24
aléatoire,40486,204,40,24
aléatoire,40487,42,14,6
aléatoire,40488,93,23,12
aléatoire,40489,414,58,48
aléatoire,40490,264,47,24
aléatoire,40491,327,44,48
aléatoire,40492,156,30,24
aléatoire,40493,117,29,12
aléatoire,40494,345,47,48
aléatoire,40495,417,56,48
aléatoire,40496,240,43,24
aléatoire,40497,399,51,48
aléatoire,40498,393,51,48
aléatoire,40499,171,34,24
aléatoire,40500,381,50,48
aléatoire,40501,414,57,48
aléatoire,40502,171,34,24
aléatoire,40503,99,24,12
aléatoire,40504,228,45,24
aléatoire,40505,171,34,24
aléatoire,40506,159,31,24
aléatoire,40507,426,58,48
aléatoire,40508,324,42,48
aléatoire,40509,591,69,48
aléatoire,40510,243,43,24
aléatoire,40511,39,13,6
aléatoire,40512,192,38,24
aléatoire,40513,597,71,48
aléatoire,40514,141,28,24
aléatoire,40515,336,46,48
aléatoire,40516,87,23,12
aléatoire,40517,189,36,24
aléatoire,40518,369,46,48
aléatoire,40519,192,38,24
aléatoire,40520,324,43,48
aléatoire,40521,66,18,12
aléatoire,40522,198,39,24
aléatoire,40523,195,34,24
aléatoire,40524,234,41,24
aléatoire,40525,183,36,24
aléatoire,40526,75,20,12
aléatoire,40527,360,51,48
aléatoire,40528,411,56,48
aléatoire,40529,57,16,12
aléatoire,40530,336,47,48
aléatoire,40531,150,29,24
aléatoire,40532,147,29,24
aléatoire,40533,357,60,24
aléatoire,40534,405,55,48
aléatoire,40535,1032,84,96
aléatoire,40536,156,30,24
aléatoire,40537,381,50,48
aléatoire,40538,180,36,24
aléatoire,40539,180,36,24
aléatoire,40540,435,57,48
aléatoire,40541,366,46,48
aléatoire,40542,501,67,48
aléatoire,40543,390,54,48
aléatoire,40544,225,40,24
aléatoire,40545,183,36,24
aléatoire,40546,120,23,24
aléatoire,40547,393,53,48
aléatoire,40548,375,48,48
aléatoire,40549,138,27,24
aléatoire,40550,462,61,48
aléatoire,40551,441,62,48
aléatoire,40552,192,33,24
aléatoire,40553,162,31,24
aléatoire,40554,30,11,6
aléatoire,40555,180,35,24
aléatoire,40556,501,66,48
aléatoire,40557,894,80,96
aléatoire,40558,894,74,96
aléatoire,40559,81,21,12
aléatoire,40560,207,41,24
aléatoire,40561,255,46,24
aléatoire,40562,342,46,48
aléatoire,40563,402,52,48
aléatoire,40564,141,29,24
aléatoire,40565,921,78,96
aléatoire,40566,939,84,96
aléatoire,40567,462,66,48
aléatoire,40568,195,38,24
aléatoire,40569,54,15,12
aléatoire,40570,129,32,12
aléatoire,40571,423,53,48
aléatoire,40572,159,31,24
aléatoire,40573,330,44,48
aléatoire,40574,336,47,48
aléatoire,40575,648,71,48
aléatoire,40576,255,46,24
aléatoire,40577,177,35,24
aléatoire,40578,270,48,24
aléatoire,40579,195,34,24
aléatoire,40580,69,19,12
aléatoire,40581,108,27,12
aléatoire,40582,1035,87,96
aléatoire,40583,399,55,48
aléatoire,40584,186,37,24
aléatoire,40585,63,18,12
aléatoire,40586,243,43,24
aléatoire,40587,180,36,24
aléatoire,40588,819,66,96
aléatoire,40589,237,41,24
aléatoire,40590,246,43,24
aléatoire,40591,144,28,24
aléatoire,40592,69,19,12
aléatoire,40593,147,30,24
aléatoire,40594,852,68,96
aléatoire,40595,207,41,24
aléatoire,40596,327,54,24
aléatoire,40597,339,57,24
aléatoire,40598,492,68,48
aléatoire,40599,885,72,96
aléatoire,40600,384,51,48
aléatoire,40601,303,50,24
aléatoire,40602,204,40,24
aléatoire,40603,174,34,24
aléatoire,40604,297,38,48
aléatoire,40605,201,40,24
aléatoire,40606,168,34,24
aléatoire,40607,402,52,48
aléatoire,40608,2478,124,192
aléatoire,40609,360,47,48
aléatoire,40610,84,21,12
aléatoire,40611,60,17,12
aléatoire,40612,360,51,48
aléatoire,40613,243,42,24
aléatoire,40614,258,44,24
aléatoire,40615,93,23,12
aléatoire,40616,423,57,48
aléatoire,40617,339,43,48
aléatoire,40618,180,34,24
aléatoire,40619,126,28,12
aléatoire,40620,414,55,48
aléatoire,40621,369,49,48
aléatoire,40622,345,49,48
aléatoire,40623,399,54,48
aléatoire,40624,252,45,24
aléatoire,40625,159,31,24
aléatoire,40626,309,42,48
aléatoire,40627,90,23,12
aléatoire,40628,255,45,24
aléatoire,40629,168,34,24
aléatoire,40630,141,28,24
aléatoire,40631,525,58,48
aléatoire,40632,216,38,24
aléatoire,40633,330,43,48
aléatoire,40634,321,45,48
aléatoire,40635,288,46,24
aléatoire,40636,279,50,24
aléatoire,40637,405,51,48
aléatoire,40638,183,37,24
aléatoire,40639,222,43,24
aléatoire,40640,498,67,48
aléatoire,40641,63,17,12
aléatoire,40642,135,30,12
aléatoire,40643,300,39,48
aléatoire,40644,177,35,24
aléatoire,40645,261,45,24
aléatoire,40646,87,21,12
aléatoire,40647,507,66,48
aléatoire,40648,219,38,24
aléatoire,40649,417,56,48
aléatoire,40650,195,34,24
aléatoire,40651,315,53,24
aléatoire,40652,75,21,12
aléatoire,40653,876,73,96
aléatoire,40654,96,23,12
aléatoire,40655,144,29,24
aléatoire,40656,153,32,24
aléatoire,40657,159,31,24
aléatoire,40658,180,35,24
aléatoire,40659,348,49,48
aléatoire,40660,300,39,48
aléatoire,40661,213,42,24
aléatoire,40662,225,40,24
aléatoire,40663,96,23,12
aléatoire,40664,474,65,48
aléatoire,40665,198,39,24
aléatoire,40666,393,51,48
aléatoire,40667,111,26,12
aléatoire,40668,315,53,24
aléatoire,40669,165,32,24
aléatoire,40670,150,29,24
aléatoire,40671,303,54,24
aléatoire,40672,504,69,48
aléatoire,40673,228,40,24
aléatoire,40674,426,59,48
aléatoire,40675,360,47,48
aléatoire,40676,177,35,24
aléatoire,40677,132,31,12
aléatoire,40678,471,62,48
aléatoire,40679,234,46,24
aléatoire,40680,186,31,24
aléatoire,40681,174,34,24
aléatoire,40682,147,28,24
aléatoire,40683,417,57,48
aléatoire,40684,222,39,24
aléatoire,40685,309,52,24
aléatoire,40686,168,33,24
aléatoire,40687,237,42,24
aléatoire,40688,456,59,48
aléatoire,40689,327,45,48
aléatoire,40690,147,29,24
aléatoire,40691,402,52,48
aléatoire,40692,324,44,48
aléatoire,40693,423,58,48
aléatoire,40694,870,73,96
aléatoire,40695,369,51,48
aléatoire,40696,324,43,48
aléatoire,40697,330,43,48
aléatoire,40698,324,44,48
aléatoire,40699,171,33,24
aléatoire,40700,315,43,48
aléatoire,40701,99,24,12
aléatoire,40702,369,46,48
aléatoire,40703,168,38,12
aléatoire,40704,138,32,12
aléatoire,40705,132,25,24
aléatoire,40706,357,50,48
aléatoire,40707,162,33,24
aléatoire,40708,315,41,48
aléatoire,40709,105,24,12
aléatoire,40710,456,60,48
aléatoire,40711,186,36,24
aléatoire,40712,369,46,48
aléatoire,40713,426,59,48
aléatoire,40714,138,27,24
aléatoire,40715,837,73,96
aléatoire,40716,159,32,24
aléatoire,40717,393,51,48
aléatoire,40718,162,31,24
aléatoire,40719,168,32,24
aléatoire,40720,156,31,24
aléatoire,40721,36,13,6
aléatoire,40722,210,40,24
aléatoire,40723,405,54,48
aléatoire,40724,390,52,48
aléatoire,40725,279,36,48
aléatoire,40726,348,46,48
aléatoire,40727,324,43,48
aléatoire,40728,147,29,24
aléatoire,40729,129,26,24
aléatoire,40730,180,35,24
aléatoire,40731,156,32,24
aléatoire,40732,381,50,48
aléatoire,40733,522,71,48
aléatoire,40734,336,45,48
aléatoire,40735,132,27,24
aléatoire,40736,135,30,12
aléatoire,40737,339,48,48
aléatoire,40738,54,15,12
aléatoire,40739,357,49,48
aléatoire,40740,216,42,24
aléatoire,40741,192,38,24
aléatoire,40742,96,24,12
aléatoire,40743,231,41,24
aléatoire,40744,174,34,24
aléatoire,40745,126,25,24
aléatoire,40746,840,71,96
aléatoire,40747,402,55,48
aléatoire,40748,126,30,12
aléatoire,40749,417,56,48
aléatoire,40750,165,32,24
aléatoire,40751,141,28,24
aléatoire,40752,219,38,24
aléatoire,40753,81,20,12
aléatoire,40754,309,56,24
aléatoire,40755,462,57,48
aléatoire,40756,450,63,48
aléatoire,40757,198,39,24
aléatoire,40758,255,46,24
aléatoire,40759,108,27,12
aléatoire,40760,198,39,24
aléatoire,40761,243,42,24
aléatoire,40762,150,30,24
aléatoire,40763,330,41,48
aléatoire,40764,177,35,24
aléatoire,40765,393,53,48
aléatoire,40766,111,26,12
aléatoire,40767,198,39,24
aléatoire,40768,489,65,48
aléatoire,40769,294,39,48
aléatoire,40770,138,27,24
aléatoire,40771,339,46,48
aléatoire,40772,171,34,24
aléatoire,40773,108,25,12
aléatoire,40774,171,36,24
aléatoire,40775,432,60,48
aléatoire,40776,63,18,12
aléatoire,40777,306,56,24
aléatoire,40778,441,62,48
aléatoire,40779,372,50,48
aléatoire,40780,381,50,48
aléatoire,40781,162,32,24
aléatoire,40782,654,76,48
aléatoire,40783,435,53,48
aléatoire,40784,600,67,48
aléatoire,40785,606,71,48
aléatoire,40786,192,38,24
aléatoire,40787,198,39,24
aléatoire,40788,432,59,48
aléatoire,40789,309,41,48
aléatoire,40790,372,49,48
aléatoire,40791,78,21,12
aléatoire,40792,240,43,24
aléatoire,40793,177,35,24
aléatoire,40794,552,73,48
aléatoire,40795,201,40,24
aléatoire,40796,309,41,48
aléatoire,40797,249,44,24
aléatoire,40798,321,44,48
aléatoire,40799,849,72,96
aléatoire,40800,606,67,48
aléatoire,40801,177,35,24
aléatoire,40802,255,44,24
aléatoire,40803,198,39,24
aléatoire,40804,501,67,48
aléatoire,40805,99,24,12
aléatoire,40806,162,32,24
aléatoire,40807,369,53,48
aléatoire,40808,348,44,48
aléatoire,40809,120,29,12
aléatoire,40810,294,48,24
aléatoire,40811,552,62,48
aléatoire,40812,489,66,48
aléatoire,40813,162,32,24
aléatoire,40814,111,26,12
aléatoire,40815,459,61,48
aléatoire,40816,189,38,24
aléatoire,40817,432,61,48
aléatoire,40818,396,54,48
aléatoire,40819,867,72,96
aléatoire,40820,483,63,48
aléatoire,40821,327,42,48
aléatoire,40822,135,32,12
aléatoire,40823,198,39,24
aléatoire,40824,165,33,24
aléatoire,40825,72,19,12
aléatoire,40826,141,33,12
aléatoire,40827,333,46,48
aléatoire,40828,225,38,24
aléatoire,40829,165,32,24
aléatoire,40830,195,34,24
aléatoire,40831,303,50,24
aléatoire,40832,132,27,24
aléatoire,40833,408,54,48
aléatoire,40834,171,33,24
aléatoire,40835,513,65,48
aléatoire,40836,414,55,48
aléatoire,40837,339,47,48
aléatoire,40838,147,30,24
aléatoire,40839,570,63,48
aléatoire,40840,330,46,48
aléatoire,40841,894,77,96
aléatoire,40842,189,36,24
aléatoire,40843,510,66,48
aléatoire,40844,213,38,24
aléatoire,40845,63,17,12
aléatoire,40846,402,54,48
aléatoire,40847,216,38,24
aléatoire,40848,105,25,12
aléatoire,40849,219,38,24
aléatoire,40850,186,37,24
aléatoire,40851,237,41,24
aléatoire,40852,408,58,48
aléatoire,40853,900,74,96
aléatoire,40854,66,19,12
aléatoire,40855,147,30,24
aléatoire,40856,438,57,48
aléatoire,40857,378,50,48
aléatoire,40858,219,43,24
aléatoire,40859,1107,91,96
aléatoire,40860,456,61,48
aléatoire,40861,426,58,48
aléatoire,40862,153,31,24
aléatoire,40863,399,54,48
aléatoire,40864,153,31,24
aléatoire,40865,204,40,24
aléatoire,40866,138,33,12
aléatoire,40867,72,20,12
aléatoire,40868,1098,92,96
aléatoire,40869,339,58,24
aléatoire,40870,72,20,12
aléatoire,40871,183,36,24
aléatoire,40872,171,34,24
aléatoire,40873,312,52,24
aléatoire,40874,342,46,48
aléatoire,40875,330,44,48
aléatoire,40876,66,18,12
aléatoire,40877,246,44,24
aléatoire,40878,183,37,24
aléatoire,40879,408,53,48
aléatoire,40880,168,32,24
aléatoire,40881,333,46,48
aléatoire,40882,462,63,48
aléatoire,40883,246,44,24
aléatoire,40884,147,30,24
aléatoire,40885,183,37,24
aléatoire,40886,402,52,48
aléatoire,40887,138,27,24
aléatoire,40888,381,50,48
aléatoire,40889,84,20,12
aléatoire,40890,393,52,48
aléatoire,40891,600,72,48
aléatoire,40892,402,55,48
aléatoire,40893,195,34,24
aléatoire,40894,348,49,48
aléatoire,40895,180,36,24
aléatoire,40896,429,57,48
aléatoire,40897,231,41,24
aléatoire,40898,156,31,24
aléatoire,40899,387,52,48
aléatoire,40900,255,46,24
aléatoire,40901,360,51,48
aléatoire,40902,333,46,48
aléatoire,40903,654,73,48
aléatoire,40904,117,28,12
aléatoire,40905,90,24,12
aléatoire,40906,174,35,24
aléatoire,40907,390,53,48
aléatoire,40908,468,60,48
aléatoire,40909,138,27,24
aléatoire,40910,135,26,24
aléatoire,40911,396,54,48
aléatoire,40912,402,53,48
aléatoire,40913,303,40,48
aléatoire,40914,282,51,24
aléatoire,40915,213,36,24
aléatoire,40916,144,29,24
aléatoire,40917,99,24,12
aléatoire,40918,435,60,48
aléatoire,40919,381,50,48
aléatoire,40920,435,60,48
aléatoire,40921,177,35,24
aléatoire,40922,159,31,24
aléatoire,40923,195,38,24
aléatoire,40924,219,38,24
aléatoire,40925,102,25,12
aléatoire,40926,834,65,96
aléatoire,40927,153,35,12
aléatoire,40928,198,39,24
aléatoire,40929,297,53,24
aléatoire,40930,78,21,12
aléatoire,40931,807,64,96
aléatoire,40932,210,41,24
aléatoire,40933,120,28,12
aléatoire,40934,381,50,48
aléatoire,40935,162,32,24
aléatoire,40936,111,26,12
aléatoire,40937,396,52,48
aléatoire,40938,222,39,24
aléatoire,40939,90,23,12
aléatoire,40940,135,26,24
aléatoire,40941,87,22,12
aléatoire,40942,162,33,24
aléatoire,40943,216,38,24
aléatoire,40944,69,19,12
aléatoire,40945,204,39,24
aléatoire,40946,159,31,24
aléatoire,40947,120,28,12
aléatoire,40948,63,17,12
aléatoire,40949,231,41,24
aléatoire,40950,327,44,48
aléatoire,40951,1146,92,96
aléatoire,40952,147,30,24
aléatoire,40953,99,25,12
aléatoire,40954,192,37,24
aléatoire,40955,255,45,24
aléatoire,40956,468,61,48
aléatoire,40957,495,69,48
aléatoire,40958,165,32,24
aléatoire,40959,120,29,12
aléatoire,40960,333,47,48
aléatoire,40961,435,61,48
aléatoire,40962,78,20,12
aléatoire,40963,390,51,48
aléatoire,40964,402,55,48
aléatoire,40965,147,29,24
aléatoire,40966,450,63,48
aléatoire,40967,342,47,48
aléatoire,40968,138,33,12
aléatoire,40969,429,55,48
aléatoire,40970,294,49,24
aléatoire,40971,390,53,48
aléatoire,40972,180,34,24
aléatoire,40973,168,32,24
aléatoire,40974,309,52,24
aléatoire,40975,243,43,24
aléatoire,40976,63,18,12
aléatoire,40977,234,42,24
aléatoire,40978,183,35,24
aléatoire,40979,531,68,48
aléatoire,40980,186,37,24
aléatoire,40981,588,64,48
aléatoire,40982,231,41,24
aléatoire,40983,129,29,12
aléatoire,40984,210,38,24
aléatoire,40985,462,65,48
aléatoire,40986,237,42,24
aléatoire,40987,261,48,24
aléatoire,40988,180,35,24
aléatoire,40989,120,29,12
aléatoire,40990,219,38,24
aléatoire,40991,204,41,24
aléatoire,40992,327,44,48
aléatoire,40993,186,36,24
aléatoire,40994,444,57,48
aléatoire,40995,426,55,48
aléatoire,40996,111,26,12
aléatoire,40997,144,29,24
aléatoire,40998,162,33,24
aléatoire,40999,387,52,48
fusion,40000,495,60,48
fusion,40001,372,48,48
fusion,40002,1230,102,96
fusion,40003,945,85,96
fusion,40004,894,74,96
fusion,40005,180,36,24
fusion,40006,201,40,24
fusion,40007,3057,130,192
fusion,40008,165,32,24
fusion,40009,903,75,96
fusion,40010,324,44,48
fusion,40011,414,55,48
fusion,40012,204,40,24
fusion,40013,411,52,48
fusion,40014,363,49,48
fusion,40015,366,52,48
fusion,40016,384,54,48
fusion,40017,606,74,48
fusion,40018,423,53,48
fusion,40019,978,89,96
fusion,40020,168,33,24
fusion,40021,1134,96,96
fusion,40022,246,44,24
fusion,40023,930,80,96
fusion,40024,906,73,96
fusion,40025,816,65,96
fusion,40026,120,29,12
fusion,40027,507,68,48
fusion,40028,513,70,48
fusion,40029,1131,94,96
fusion,40030,555,68,48
fusion,40031,81,20,12
fusion,40032,213,42,24
fusion,40033,1164,104,96
fusion,40034,948,82,96
fusion,40035,321,43,48
fusion,40036,375,48,48
fusion,40037,225,43,24
fusion,40038,828,68,96
fusion,40039,447,61,48
fusion,40040,993,93,96
fusion,40041,480,60,48
fusion,40042,873,74,96
fusion,40043,2466,113,192
fusion,40044,417,56,48
fusion,40045,411,56,48
fusion,40046,399,53,48
fusion,40047,426,55,48
fusion,40048,948,71,96
fusion,40049,165,33,24
fusion,40050,408,54,48
fusion,40051,645,73,48
fusion,40052,456,61,48
fusion,40053,234,41,24
fusion,40054,240,41,24
fusion,40055,417,54,48
fusion,40056,864,69,96
fusion,40057,432,58,48
fusion,40058,489,62,48
fusion,40059,1149,93,96
fusion,40060,816,97,48
fusion,40061,222,39,24
fusion,40062,654,78,48
fusion,40063,429,59,48
fusion,40064,885,74,96
fusion,40065,138,27,24
fusion,40066,165,32,24
fusion,40067,426,52,48
fusion,40068,1611,109,96
fusion,40069,186,36,24
fusion,40070,429,55,48
fusion,40071,39,12,6
fusion,40072,957,86,96
fusion,40073,393,51,48
fusion,40074,381,50,48
fusion,40075,192,38,24
fusion,40076,1686,140,96
fusion,40077,231,41,24
fusion,40078,315,43,48
fusion,40079,204,40,24
fusion,40080,918,83,96
fusion,40081,600,70,48
fusion,40082,381,54,48
fusion,40083,435,57,48
fusion,40084,456,59,48
fusion,40085,144,34,12
fusion,40086,924,73,96
fusion,40087,312,43,48
fusion,40088,372,45,48
fusion,40089,357,45,48
fusion,40090,510,69,48
fusion,40091,405,55,48
fusion,40092,171,35,24
fusion,40093,432,59,48
fusion,40094,264,47,24
fusion,40095,441,62,48
fusion,40096,1035,85,96
fusion,40097,174,35,24
fusion,40098,501,66,48
fusion,40099,1083,91,96
fusion,40100,549,57,48
fusion,40101,333,46,48
fusion,40102,366,50,48
fusion,40103,162,33,24
fusion,40104,627,73,48
fusion,40105,381,50,48
fusion,40106,417,54,48
fusion,40107,258,46,24
fusion,40108,162,31,24
fusion,40109,333,46,48
fusion,40110,711,80,48
fusion,40111,711,82,48
fusion,40112,327,44,48
fusion,40113,633,73,48
fusion,40114,114,28,12
fusion,40115,309,42,48
fusion,40116,408,54,48
fusion,40117,405,53,48
fusion,40118,1212,107,96
fusion,40119,567,67,48
fusion,40120,168,33,24
fusion,40121,966,89,96
fusion,40122,621,71,48
fusion,40123,189,38,24
fusion,40124,1125,91,96
fusion,40125,354,49,48
fusion,40126,816,68,96
fusion,40127,408,56,48
fusion,40128,189,37,24
fusion,40129,909,78,96
fusion,40130,351,47,48
fusion,40131,417,55,48
fusion,40132,408,54,48
fusion,40133,423,53,48
fusion,40134,1107,95,96
fusion,40135,432,58,48
fusion,40136,909,81,96
fusion,40137,156,30,24
fusion,40138,378,49,48
fusion,40139,396,54,48
fusion,40140,198,39,24
fusion,40141,381,50,48
fusion,40142,132,25,24
fusion,40143,411,57,48
fusion,40144,522,65,48
fusion,40145,684,82,48
fusion,40146,222,39,24
fusion,40147,297,48,24
fusion,40148,402,49,48
fusion,40149,963,86,96
fusion,40150,174,35,24
fusion,40151,465,60,48
fusion,40152,162,33,24
fusion,40153,219,43,24
fusion,40154,399,53,48
fusion,40155,147,29,24
fusion,40156,366,48,48
fusion,40157,90,23,12
fusion,40158,456,63,48
fusion,40159,2577,127,192
fusion,40160,912,79,96
fusion,40161,1842,118,96
fusion,40162,1026,78,96
fusion,40163,168,32,24
fusion,40164,1053,86,96
fusion,40165,918,78,96
fusion,40166,1044,84,96
fusion,40167,201,40,24
fusion,40168,102,25,12
fusion,40169,999,87,96
fusion,40170,948,81,96
fusion,40171,405,50,48
fusion,40172,459,57,48
fusion,40173,399,53,48
fusion,40174,1113,97,96
fusion,40175,237,41,24
fusion,40176,393,53,48
fusion,40177,1146,97,96
fusion,40178,168,33,24
fusion,40179,168,32,24
fusion,40180,333,46,48
fusion,40181,417,58,48
fusion,40182,120,24,24
fusion,40183,408,56,48
fusion,40184,930,82,96
fusion,40185,660,75,48
fusion,40186,387,50,48
fusion,40187,435,59,48
fusion,40188,1008,88,96
fusion,40189,978,85,96
fusion,40190,471,62,48
fusion,40191,309,41,48
fusion,40192,489,61,48
fusion,40193,333,46,48
fusion,40194,102,24,12
fusion,40195,159,31,24
fusion,40196,573,66,48
fusion,40197,1104,90,96
fusion,40198,405,54,48
fusion,40199,948,82,96
fusion,40200,432,57,48
fusion,40201,873,72,96
fusion,40202,474,65,48
fusion,40203,87,21,12
fusion,40204,984,86,96
fusion,40205,267,43,24
fusion,40206,108,27,12
fusion,40207,417,55,48
fusion,40208,333,46,48
fusion,40209,699,79,48
fusion,40210,1116,87,96
fusion,40211,117,23,24
fusion,40212,159,31,24
fusion,40213,822,68,96
fusion,40214,66,18,12
fusion,40215,333,45,48
fusion,40216,129,26,24
fusion,40217,879,77,96
fusion,40218,603,70,48
fusion,40219,396,52,48
fusion,40220,1035,86,96
fusion,40221,888,70,96
fusion,40222,303,40,48
fusion,40223,393,52,48
fusion,40224,180,36,24
fusion,40225,315,41,48
fusion,40226,585,71,48
fusion,40227,87,21,12
fusion,40228,1146,94,96
fusion,40229,891,79,96
fusion,40230,414,54,48
fusion,40231,246,44,24
fusion,40232,165,32,24
fusion,40233,846,70,96
fusion,40234,447,59,48
fusion,40235,420,56,48
fusion,40236,591,67,48
fusion,40237,405,57,48
fusion,40238,879,77,96
fusion,40239,1089,94,96
fusion,40240,357,44,48
fusion,40241,885,69,96
fusion,40242,375,54,48
fusion,40243,393,53,48
fusion,40244,897,80,96
fusion,40245,381,50,48
fusion,40246,192,38,24
fusion,40247,249,44,24
fusion,40248,930,83,96
fusion,40249,927,78,96
fusion,40250,372,49,48
fusion,40251,384,51,48
fusion,40252,960,82,96
fusion,40253,636,69,48
fusion,40254,222,39,24
fusion,40255,417,58,48
fusion,40256,870,75,96
fusion,40257,1146,99,96
fusion,40258,342,47,48
fusion,40259,408,52,48
fusion,40260,486,64,48
fusion,40261,210,36,24
fusion,40262,318,42,48
fusion,40263,471,65,48
fusion,40264,573,63,48
fusion,40265,339,45,48
fusion,40266,243,43,24
fusion,40267,462,62,48
fusion,40268,1134,100,96
fusion,40269,147,29,24
fusion,40270,318,43,48
fusion,40271,177,35,24
fusion,40272,2334,119,192
fusion,40273,207,37,24
fusion,40274,816,63,96
fusion,40275,402,52,48
fusion,40276,399,53,48
fusion,40277,471,61,48
fusion,40278,666,79,48
fusion,40279,675,75,48
fusion,40280,300,39,48
fusion,40281,114,23,24
fusion,40282,2625,137,192
fusion,40283,492,66,48
fusion,40284,438,60,48
fusion,40285,180,30,24
fusion,40286,372,47,48
fusion,40287,405,53,48
fusion,40288,456,57,48
fusion,40289,219,38,24
fusion,40290,1140,90,96
fusion,40291,435,61,48
fusion,40292,2331,115,192
fusion,40293,1215,83,96
fusion,40294,486,64,48
fusion,40295,132,25,24
fusion,40296,1146,92,96
fusion,40297,456,63,48
fusion,40298,429,55,48
fusion,40299,351,48,48
fusion,40300,867,74,96
fusion,40301,180,35,24
fusion,40302,327,54,24
fusion,40303,504,69,48
fusion,40304,147,29,24
fusion,40305,381,50,48
fusion,40306,2571,128,192
fusion,40307,864,73,96
fusion,40308,171,33,24
fusion,40309,915,81,96
fusion,40310,972,86,96
fusion,40311,432,53,48
fusion,40312,513,70,48
fusion,40313,633,71,48
fusion,40314,162,31,24
fusion,40315,1197,96,96
fusion,40316,135,26,24
fusion,40317,192,37,24
fusion,40318,501,64,48
fusion,40319,399,49,48
fusion,40320,378,53,48
fusion,40321,189,36,24
fusion,40322,264,48,24
fusion,40323,462,54,48
fusion,40324,324,44,48
fusion,40325,429,55,48
fusion,40326,177,36,24
fusion,40327,369,51,48
fusion,40328,498,66,48
fusion,40329,210,42,24
fusion,40330,693,77,48
fusion,40331,384,51,48
fusion,40332,213,37,24
fusion,40333,894,75,96
fusion,40334,990,82,96
fusion,40335,408,52,48
fusion,40336,2466,129,192
fusion,40337,939,89,96
fusion,40338,414,51,48
fusion,40339,1170,103,96
fusion,40340,171,33,24
fusion,40341,423,56,48
fusion,40342,147,30,24
fusion,40343,429,58,48
fusion,40344,483,62,48
fusion,40345,858,66,96
fusion,40346,231,41,24
fusion,40347,1116,85,96
fusion,40348,1143,95,96
fusion,40349,489,65,48
fusion,40350,546,70,48
fusion,40351,507,68,48
fusion,40352,492,65,48
fusion,40353,411,55,48
fusion,40354,345,48,48
fusion,40355,456,57,48
fusion,40356,438,58,48
fusion,40357,423,58,48
fusion,40358,198,39,24
fusion,40359,171,34,24
fusion,40360,510,68,48
fusion,40361,291,47,24
fusion,40362,456,60,48
fusion,40363,1215,106,96
fusion,40364,1167,99,96
fusion,40365,243,45,24
fusion,40366,111,26,12
fusion,40367,168,33,24
fusion,40368,1095,92,96
fusion,40369,483,63,48
fusion,40370,174,33,24
fusion,40371,168,33,24
fusion,40372,291,36,48
fusion,40373,204,40,24
fusion,40374,150,30,24
fusion,40375,462,60,48
fusion,40376,453,61,48
fusion,40377,408,55,48
fusion,40378,423,58,48
fusion,40379,198,39,24
fusion,40380,513,65,48
fusion,40381,1050,86,96
fusion,40382,162,31,24
fusion,40383,327,44,48
fusion,40384,1014,78,96
fusion,40385,1065,91,96
fusion,40386,408,54,48
fusion,40387,396,52,48
fusion,40388,411,54,48
fusion,40389,516,72,48
fusion,40390,459,59,48
fusion,40391,345,46,48
fusion,40392,1293,108,96
fusion,40393,1005,88,96
fusion,40394,858,67,96
fusion,40395,1035,80,96
fusion,40396,858,68,96
fusion,40397,1593,108,96
fusion,40398,984,86,96
fusion,40399,165,32,24
fusion,40400,912,77,96
fusion,40401,897,71,96
fusion,40402,1089,85,96
fusion,40403,426,59,48
fusion,40404,408,57,48
fusion,40405,192,37,24
fusion,40406,147,29,24
fusion,40407,786,86,48
fusion,40408,426,55,48
fusion,40409,288,51,24
fusion,40410,243,43,24
fusion,40411,411,50,48
fusion,40412,399,48,48
fusion,40413,1080,93,96
fusion,40414,252,46,24
fusion,40415,354,60,24
fusion,40416,831,71,96
fusion,40417,318,44,48
fusion,40418,249,44,24
fusion,40419,1080,94,96
fusion,40420,1191,94,96
fusion,40421,273,34,48
fusion,40422,240,42,24
fusion,40423,981,93,96
fusion,40424,420,57,48
fusion,40425,138,27,24
fusion,40426,207,40,24
fusion,40427,162,32,24
fusion,40428,453,58,48
fusion,40429,405,55,48
fusion,40430,459,60,48
fusion,40431,912,81,96
fusion,40432,522,73,48
fusion,40433,426,57,48
fusion,40434,153,31,24
fusion,40435,411,52,48
fusion,40436,336,43,48
fusion,40437,513,67,48
fusion,40438,78,22,12
fusion,40439,336,42,48
fusion,40440,183,37,24
fusion,40441,423,56,48
fusion,40442,243,43,24
fusion,40443,1161,96,96
fusion,40444,417,54,48
fusion,40445,225,40,24
fusion,40446,1113,97,96
fusion,40447,885,72,96
fusion,40448,1182,93,96
fusion,40449,2502,137,192
fusion,40450,489,60,48
fusion,40451,405,55,48
fusion,40452,372,48,48
fusion,40453,945,87,96
fusion,40454,939,73,96
fusion,40455,165,32,24
fusion,40456,2307,113,192
fusion,40457,369,45,48
fusion,40458,417,55,48
fusion,40459,603,62,48
fusion,40460,1428,126,96
fusion,40461,351,49,48
fusion,40462,210,36,24
fusion,40463,1131,88,96
fusion,40464,633,70,48
fusion,40465,819,66,96
fusion,40466,198,35,24
fusion,40467,1215,101,96
fusion,40468,459,57,48
fusion,40469,426,57,48
fusion,40470,189,37,24
fusion,40471,204,40,24
fusion,40472,144,28,24
fusion,40473,366,48,48
fusion,40474,486,62,48
fusion,40475,921,82,96
fusion,40476,519,64,48
fusion,40477,333,43,48
fusion,40478,246,44,24
fusion,40479,384,51,48
fusion,40480,258,47,24
fusion,40481,207,36,24
fusion,40482,852,68,96
fusion,40483,921,83,96
fusion,40484,333,45,48
fusion,40485,582,69,48
fusion,40486,351,45,48
fusion,40487,399,54,48
fusion,40488,369,49,48
fusion,40489,417,56,48
fusion,40490,384,49,48
fusion,40491,879,78,96
fusion,40492,408,51,48
fusion,40493,489,65,48
fusion,40494,147,30,24
fusion,40495,390,50,48
fusion,40496,423,56,48
fusion,40497,402,52,48
fusion,40498,201,40,24
fusion,40499,1164,91,96
fusion,40500,72,18,12
fusion,40501,414,56,48
fusion,40502,495,64,48
fusion,40503,387,48,48
fusion,40504,90,23,12
fusion,40505,186,32,24
fusion,40506,1185,96,96
fusion,40507,165,33,24
fusion,40508,399,49,48
fusion,40509,204,41,24
fusion,40510,507,64,48
fusion,40511,402,52,48
fusion,40512,675,79,48
fusion,40513,528,68,48
fusion,40514,348,49,48
fusion,40515,456,58,48
fusion,40516,168,33,24
fusion,40517,420,54,48
fusion,40518,1188,92,96
fusion,40519,429,59,48
fusion,40520,657,76,48
fusion,40521,564,71,48
fusion,40522,408,55,48
fusion,40523,327,44,48
fusion,40524,2463,131,192
fusion,40525,156,30,24
fusion,40526,114,27,12
fusion,40527,276,45,24
fusion,40528,1140,102,96
fusion,40529,327,56,24
fusion,40530,183,35,24
fusion,40531,405,55,48
fusion,40532,486,62,48
fusion,40533,303,40,48
fusion,40534,984,91,96
fusion,40535,120,24,24
fusion,40536,222,39,24
fusion,40537,840,70,96
fusion,40538,414,53,48
fusion,40539,441,58,48
fusion,40540,948,82,96
fusion,40541,438,59,48
fusion,40542,402,52,48
fusion,40543,969,85,96
fusion,40544,411,56,48
fusion,40545,318,42,48
fusion,40546,159,31,24
fusion,40547,849,70,96
fusion,40548,417,56,48
fusion,40549,384,50,48
fusion,40550,258,46,24
fusion,40551,399,53,48
fusion,40552,297,53,24
fusion,40553,606,75,48
fusion,40554,1152,94,96
fusion,40555,900,71,96
fusion,40556,1230,107,96
fusion,40557,471,62,48
fusion,40558,402,52,48
fusion,40559,198,39,24
fusion,40560,381,47,48
fusion,40561,291,46,24
fusion,40562,183,36,24
fusion,40563,447,57,48
fusion,40564,372,49,48
fusion,40565,576,61,48
fusion,40566,138,27,24
fusion,40567,495,68,48
fusion,40568,945,82,96
fusion,40569,96,24,12
fusion,40570,1029,82,96
fusion,40571,570,64,48
fusion,40572,333,45,48
fusion,40573,222,39,24
fusion,40574,1539,115,96
fusion,40575,327,44,48
fusion,40576,414,55,48
fusion,40577,327,42,48
fusion,40578,612,83,48
fusion,40579,573,62,48
fusion,40580,393,51,48
fusion,40581,159,32,24
fusion,40582,1137,91,96
fusion,40583,1125,96,96
fusion,40584,180,36,24
fusion,40585,606,73,48
fusion,40586,195,38,24
fusion,40587,843,67,96
fusion,40588,306,51,24
fusion,40589,423,59,48
fusion,40590,1284,107,96
fusion,40591,1086,93,96
fusion,40592,1053,83,96
fusion,40593,150,29,24
fusion,40594,1224,105,96
fusion,40595,711,81,48
fusion,40596,903,78,96
fusion,40597,1125,93,96
fusion,40598,381,50,48
fusion,40599,1134,86,96
fusion,40600,459,59,48
fusion,40601,441,52,48
fusion,40602,420,50,48
fusion,40603,168,33,24
fusion,40604,615,67,48
fusion,40605,498,65,48
fusion,40606,645,77,48
fusion,40607,411,54,48
fusion,40608,384,51,48
fusion,40609,213,37,24
fusion,40610,660,76,48
fusion,40611,489,67,48
fusion,40612,1116,90,96
fusion,40613,543,71,48
fusion,40614,453,60,48
fusion,40615,1242,108,96
fusion,40616,507,67,48
fusion,40617,774,56,96
fusion,40618,804,61,96
fusion,40619,315,41,48
fusion,40620,345,47,48
fusion,40621,435,58,48
fusion,40622,156,31,24
fusion,40623,234,40,24
fusion,40624,732,89,48
fusion,40625,858,73,96
fusion,40626,348,50,48
fusion,40627,957,82,96
fusion,40628,303,40,48
fusion,40629,273,49,24
fusion,40630,186,36,24
fusion,40631,852,71,96
fusion,40632,189,36,24
fusion,40633,168,33,24
fusion,40634,390,53,48
fusion,40635,783,64,96
fusion,40636,423,60,48
fusion,40637,510,68,48
fusion,40638,417,56,48
fusion,40639,171,34,24
fusion,40640,1077,89,96
fusion,40641,195,38,24
fusion,40642,165,33,24
fusion,40643,144,28,24
fusion,40644,882,76,96
fusion,40645,429,59,48
fusion,40646,138,27,24
fusion,40647,1173,97,96
fusion,40648,1428,121,96
fusion,40649,201,40,24
fusion,40650,462,60,48
fusion,40651,246,44,24
fusion,40652,996,94,96
fusion,40653,195,38,24
fusion,40654,1179,104,96
fusion,40655,333,45,48
fusion,40656,444,61,48
fusion,40657,405,49,48
fusion,40658,615,68,48
fusion,40659,165,31,24
fusion,40660,1284,107,96
fusion,40661,366,50,48
fusion,40662,1059,83,96
fusion,40663,975,86,96
fusion,40664,924,81,96
fusion,40665,423,56,48
fusion,40666,252,45,24
fusion,40667,903,74,96
fusion,40668,447,58,48
fusion,40669,363,46,48
fusion,40670,915,70,96
fusion,40671,168,32,24
fusion,40672,426,58,48
fusion,40673,675,79,48
fusion,40674,252,45,24
fusion,40675,396,50,48
fusion,40676,168,35,24
fusion,40677,408,56,48
fusion,40678,366,48,48
fusion,40679,165,32,24
fusion,40680,933,83,96
fusion,40681,339,46,48
fusion,40682,147,30,24
fusion,40683,408,56,48
fusion,40684,228,39,24
fusion,40685,1149,97,96
fusion,40686,207,35,24
fusion,40687,1083,88,96
fusion,40688,1110,94,96
fusion,40689,246,43,24
fusion,40690,369,46,48
fusion,40691,996,84,96
fusion,40692,420,59,48
fusion,40693,414,55,48
fusion,40694,930,82,96
fusion,40695,870,71,96
fusion,40696,480,59,48
fusion,40697,393,49,48
fusion,40698,390,52,48
fusion,40699,492,63,48
fusion,40700,1074,91,96
fusion,40701,1209,98,96
fusion,40702,915,81,96
fusion,40703,204,36,24
fusion,40704,438,58,48
fusion,40705,885,79,96
fusion,40706,354,46,48
fusion,40707,1041,93,96
fusion,40708,396,52,48
fusion,40709,399,51,48
fusion,40710,1197,97,96
fusion,40711,714,85,48
fusion,40712,483,61,48
fusion,40713,951,82,96
fusion,40714,1587,106,96
fusion,40715,273,49,24
fusion,40716,444,61,48
fusion,40717,258,47,24
fusion,40718,132,26,24
fusion,40719,525,70,48
fusion,40720,1116,97,96
fusion,40721,444,60,48
fusion,40722,504,62,48
fusion,40723,267,48,24
fusion,40724,267,48,24
fusion,40725,390,49,48
fusion,40726,414,56,48
fusion,40727,1173,100,96
fusion,40728,810,67,96
fusion,40729,183,35,24
fusion,40730,423,56,48
fusion,40731,201,40,24
fusion,40732,1275,111,96
fusion,40733,1020,78,96
fusion,40734,996,81,96
fusion,40735,312,40,48
fusion,40736,423,54,48
fusion,40737,204,36,24
fusion,40738,123,29,12
fusion,40739,549,70,48
fusion,40740,228,45,24
fusion,40741,444,61,48
fusion,40742,1104,91,96
fusion,40743,351,48,48
fusion,40744,822,68,96
fusion,40745,438,62,48
fusion,40746,882,76,96
fusion,40747,561,63,48
fusion,40748,162,32,24
fusion,40749,924,79,96
fusion,40750,60,17,12
fusion,40751,177,36,24
fusion,40752,342,59,24
fusion,40753,468,61,48
fusion,40754,468,59,48
fusion,40755,426,58,48
fusion,40756,159,31,24
fusion,40757,429,56,48
fusion,40758,1044,82,96
fusion,40759,1032,85,96
fusion,40760,234,40,24
fusion,40761,435,54,48
fusion,40762,2661,143,192
fusion,40763,360,49,48
fusion,40764,465,59,48
fusion,40765,1182,102,96
fusion,40766,414,54,48
fusion,40767,402,54,48
fusion,40768,879,72,96
fusion,40769,408,51,48
fusion,40770,480,61,48
fusion,40771,252,45,24
fusion,40772,489,65,48
fusion,40773,459,59,48
fusion,40774,186,38,24
fusion,40775,729,83,48
fusion,40776,480,64,48
fusion,40777,291,47,24
fusion,40778,141,32,12
fusion,40779,531,70,48
fusion,40780,840,65,96
fusion,40781,570,65,48
fusion,40782,138,27,24
fusion,40783,1386,111,96
fusion,40784,459,63,48
fusion,40785,396,48,48
fusion,40786,534,66,48
fusion,40787,990,84,96
fusion,40788,480,60,48
fusion,40789,387,49,48
fusion,40790,1242,109,96
fusion,40791,834,71,96
fusion,40792,1206,104,96
fusion,40793,543,62,48
fusion,40794,420,59,48
fusion,40795,171,34,24
fusion,40796,471,59,48
fusion,40797,408,56,48
fusion,40798,495,67,48
fusion,40799,465,58,48
fusion,40800,174,34,24
fusion,40801,330,43,48
fusion,40802,1191,96,96
fusion,40803,561,70,48
fusion,40804,321,43,48
fusion,40805,885,74,96
fusion,40806,438,54,48
fusion,40807,981,79,96
fusion,40808,729,82,48
fusion,40809,225,40,24
fusion,40810,426,52,48
fusion,40811,330,45,48
fusion,40812,405,54,48
fusion,40813,339,46,48
fusion,40814,363,52,48
fusion,40815,189,36,24
fusion,40816,168,33,24
fusion,40817,369,53,48
fusion,40818,2400,115,192
fusion,40819,216,38,24
fusion,40820,414,56,48
fusion,40821,471,62,48
fusion,40822,915,77,96
fusion,40823,2457,135,192
fusion,40824,438,60,48
fusion,40825,798,64,96
fusion,40826,399,55,48
fusion,40827,894,78,96
fusion,40828,717,81,48
fusion,40829,261,47,24
fusion,40830,411,52,48
fusion,40831,375,47,48
fusion,40832,729,86,48
fusion,40833,228,41,24
fusion,40834,414,53,48
fusion,40835,378,49,48
fusion,40836,339,46,48
fusion,40837,402,52,48
fusion,40838,423,58,48
fusion,40839,945,83,96
fusion,40840,201,35,24
fusion,40841,351,45,48
fusion,40842,339,47,48
fusion,40843,387,52,48
fusion,40844,192,37,24
fusion,40845,459,61,48
fusion,40846,399,53,48
fusion,40847,183,35,24
fusion,40848,924,82,96
fusion,40849,459,62,48
fusion,40850,408,55,48
fusion,40851,468,63,48
fusion,40852,453,58,48
fusion,40853,438,58,48
fusion,40854,1242,104,96
fusion,40855,903,78,96
fusion,40856,324,44,48
fusion,40857,447,61,48
fusion,40858,192,37,24
fusion,40859,387,50,48
fusion,40860,1098,91,96
fusion,40861,1152,88,96
fusion,40862,432,60,48
fusion,40863,144,29,24
fusion,40864,1107,92,96
fusion,40865,354,50,48
fusion,40866,234,41,24
fusion,40867,891,75,96
fusion,40868,420,53,48
fusion,40869,975,81,96
fusion,40870,1119,97,96
fusion,40871,168,34,24
fusion,40872,1395,116,96
fusion,40873,516,69,48
fusion,40874,936,87,96
fusion,40875,435,59,48
fusion,40876,537,71,48
fusion,40877,474,64,48
fusion,40878,438,55,48
fusion,40879,477,63,48
fusion,40880,1017,79,96
fusion,40881,441,58,48
fusion,40882,1185,96,96
fusion,40883,246,43,24
fusion,40884,504,69,48
fusion,40885,453,57,48
fusion,40886,948,82,96
fusion,40887,498,66,48
fusion,40888,831,60,96
fusion,40889,183,36,24
fusion,40890,924,74,96
fusion,40891,1638,106,96
fusion,40892,927,75,96
fusion,40893,150,29,24
fusion,40894,78,20,12
fusion,40895,204,35,24
fusion,40896,1170,96,96
fusion,40897,390,50,48
fusion,40898,1242,100,96
fusion,40899,489,68,48
fusion,40900,168,32,24
fusion,40901,408,54,48
fusion,40902,444,63,48
fusion,40903,606,68,48
fusion,40904,303,40,48
fusion,40905,486,64,48
fusion,40906,249,44,24
fusion,40907,1134,95,96
fusion,40908,1146,91,96
fusion,40909,147,29,24
fusion,40910,192,38,24
fusion,40911,1065,102,96
fusion,40912,261,47,24
fusion,40913,345,49,48
fusion,40914,378,50,48
fusion,40915,894,79,96
fusion,40916,192,37,24
fusion,40917,462,62,48
fusion,40918,393,53,48
fusion,40919,459,57,48
fusion,40920,180,35,24
fusion,40921,141,28,24
fusion,40922,168,34,24
fusion,40923,165,34,24
fusion,40924,507,68,48
fusion,40925,330,46,48
fusion,40926,411,56,48
fusion,40927,1197,109,96
fusion,40928,378,48,48
fusion,40929,1122,98,96
fusion,40930,441,58,48
fusion,40931,414,55,48
fusion,40932,918,82,96
fusion,40933,243,43,24
fusion,40934,441,60,48
fusion,40935,480,64,48
fusion,40936,63,17,12
fusion,40937,108,27,12
fusion,40938,129,24,24
fusion,40939,822,71,96
fusion,40940,648,72,48
fusion,40941,210,41,24
fusion,40942,294,52,24
fusion,40943,1095,91,96
fusion,40944,1119,96,96
fusion,40945,480,65,48
fusion,40946,318,41,48
fusion,40947,1170,101,96
fusion,40948,426,59,48
fusion,40949,927,79,96
fusion,40950,648,73,48
fusion,40951,966,86,96
fusion,40952,435,59,48
fusion,40953,570,70,48
fusion,40954,249,44,24
fusion,40955,831,67,96
fusion,40956,555,63,48
fusion,40957,975,80,96
fusion,40958,342,47,48
fusion,40959,1119,97,96
fusion,40960,318,44,48
fusion,40961,429,58,48
fusion,40962,438,59,48
fusion,40963,1068,88,96
fusion,40964,1029,95,96
fusion,40965,900,76,96
fusion,40966,2373,114,192
fusion,40967,294,49,24
fusion,40968,588,79,48
fusion,40969,540,61,48
fusion,40970,189,36,24
fusion,40971,183,36,24
fusion,40972,909,77,96
fusion,40973,162,31,24
fusion,40974,441,58,48
fusion,40975,1068,87,96
fusion,40976,153,30,24
fusion,40977,426,59,48
fusion,40978,1200,103,96
fusion,40979,390,50,48
fusion,40980,912,81,96
fusion,40981,183,32,24
fusion,40982,66,18,12
fusion,40983,411,52,48
fusion,40984,570,65,48
fusion,40985,489,63,48
fusion,40986,279,50,24
fusion,40987,228,39,24
fusion,40988,963,81,96
fusion,40989,186,37,24
fusion,40990,432,59,48
fusion,40991,165,32,24
fusion,40992,474,63,48
fusion,40993,264,46,24
fusion,40994,402,53,48
fusion,40995,1074,80,96
fusion,40996,393,52,48
fusion,40997,420,57,48
fusion,40998,504,67,48
fusion,40999,174,35,24
position,40000,900,77,96
position,40001,966,84,96
position,40002,525,67,48
position,40003,3246,170,192
position,40004,462,60,48
position,40005,858,66,96
position,40006,912,71,96
position,40007,858,70,96
position,40008,198,39,24
position,40009,303,40,48
position,40010,885,74,96
position,40011,2406,123,192
position,40012,324,42,48
position,40013,570,63,48
position,40014,969,85,96
position,40015,867,74,96
position,40016,561,65,48
position,40017,459,63,48
position,40018,1104,90,96
position,40019,1173,92,96
position,40020,405,53,48
position,40021,1239,106,96
position,40022,351,40,48
position,40023,252,45,24
position,40024,1134,90,96
position,40025,342,46,48
position,40026,387,49,48
position,40027,1143,97,96
position,40028,927,78,96
position,40029,1167,102,96
position,40030,3249,170,192
position,40031,1134,96,96
position,40032,465,62,48
position,40033,1062,89,96
position,40034,1530,105,96
position,40035,384,51,48
position,40036,924,77,96
position,40037,2448,117,192
position,40038,867,68,96
position,40039,417,58,48
position,40040,3117,157,192
position,40041,966,80,96
position,40042,804,64,96
position,40043,438,59,48
position,40044,435,58,48
position,40045,144,29,24
position,40046,693,78,48
position,40047,2463,130,192
position,40048,927,79,96
position,40049,693,75,48
position,40050,135,26,24
position,40051,1149,93,96
position,40052,693,81,48
position,40053,1062,93,96
position,40054,897,81,96
position,40055,1131,94,96
position,40056,717,82,48
position,40057,1044,81,96
position,40058,375,47,48
position,40059,495,67,48
position,40060,972,88,96
position,40061,2541,121,192
position,40062,1098,78,96
position,40063,2901,149,192
position,40064,414,53,48
position,40065,630,67,48
position,40066,1140,97,96
position,40067,1170,96,96
position,40068,363,47,48
position,40069,933,76,96
position,40070,990,85,96
position,40071,2484,121,192
position,40072,897,93,48
position,40073,2439,130,192
position,40074,408,54,48
position,40075,768,91,48
position,40076,873,74,96
position,40077,1266,102,96
position,40078,600,65,48
position,40079,2406,120,192
position,40080,2544,128,192
position,40081,1146,96,96
position,40082,414,56,48
position,40083,171,34,24
position,40084,2856,145,192
position,40085,2331,112,192
position,40086,429,57,48
position,40087,2415,120,192
position,40088,873,76,96
position,40089,360,46,48
position,40090,1200,103,96
position,40091,384,51,48
position,40092,1155,96,96
position,40093,813,64,96
position,40094,2556,132,192
position,40095,441,56,48
position,40096,1107,95,96
position,40097,2364,120,192
position,40098,942,77,96
position,40099,984,84,96
position,40100,306,39,48
position,40101,1395,126,96
position,40102,498,58,48
position,40103,930,82,96
position,40104,1137,90,96
position,40105,891,75,96
position,40106,396,53,48
position,40107,411,56,48
position,40108,978,77,96
position,40109,405,53,48
position,40110,639,74,48
position,40111,954,80,96
position,40112,2877,145,192
position,40113,2916,169,192
position,40114,711,84,48
position,40115,399,53,48
position,40116,2376,124,192
position,40117,255,45,24
position,40118,927,77,96
position,40119,1161,107,96
position,40120,567,71,48
position,40121,399,51,48
position,40122,957,86,96
position,40123,375,49,48
position,40124,2337,103,192
position,40125,756,85,48
position,40126,384,51,48
position,40127,1056,102,96
position,40128,1701,124,96
position,40129,1401,117,96
position,40130,273,49,24
position,40131,1254,105,96
position,40132,1062,89,96
position,40133,903,75,96
position,40134,1137,94,96
position,40135,390,52,48
position,40136,2490,129,192
position,40137,999,82,96
position,40138,495,64,48
position,40139,441,61,48
position,40140,558,73,48
position,40141,951,74,96
position,40142,1170,100,96
position,40143,1269,109,96
position,40144,1056,81,96
position,40145,492,65,48
position,40146,1137,94,96
position,40147,504,67,48
position,40148,843,70,96
position,40149,1182,97,96
position,40150,1149,97,96
position,40151,459,55,48
position,40152,759,54,96
position,40153,450,53,48
position,40154,459,61,48
position,40155,1143,94,96
position,40156,2091,149,96
position,40157,1155,99,96
position,40158,1386,110,96
position,40159,378,49,48
position,40160,1128,96,96
position,40161,1107,92,96
position,40162,495,64,48
position,40163,489,61,48
position,40164,951,74,96
position,40165,939,79,96
position,40166,363,50,48
position,40167,1413,110,96
position,40168,717,82,48
position,40169,894,76,96
position,40170,894,75,96
position,40171,897,74,96
position,40172,228,40,24
position,40173,870,73,96
position,40174,675,81,48
position,40175,2598,117,192
position,40176,1161,101,96
position,40177,1203,99,96
position,40178,954,85,96
position,40179,342,48,48
position,40180,918,72,96
position,40181,873,76,96
position,40182,819,69,96
position,40183,399,54,48
position,40184,2343,121,192
position,40185,417,57,48
position,40186,708,81,48
position,40187,657,75,48
position,40188,1113,91,96
position,40189,630,70,48
position,40190,1131,94,96
position,40191,909,81,96
position,40192,441,58,48
position,40193,1134,93,96
position,40194,603,68,48
position,40195,1338,103,96
position,40196,996,86,96
position,40197,936,81,96
position,40198,918,73,96
position,40199,156,30,24
position,40200,2262,100,192
position,40201,927,78,96
position,40202,1875,135,96
position,40203,495,63,48
position,40204,408,52,48
position,40205,1041,84,96
position,40206,717,81,48
position,40207,1215,100,96
position,40208,1116,97,96
position,40209,657,76,48
position,40210,1383,106,96
position,40211,501,68,48
position,40212,438,59,48
position,40213,1128,88,96
position,40214,414,53,48
position,40215,1143,97,96
position,40216,336,46,48
position,40217,1143,100,96
position,40218,402,52,48
position,40219,459,58,48
position,40220,1008,82,96
position,40221,657,71,48
position,40222,1146,95,96
position,40223,249,44,24
position,40224,1134,93,96
position,40225,279,46,24
position,40226,1023,100,96
position,40227,411,53,48
position,40228,705,80,48
position,40229,1215,113,96
position,40230,372,49,48
position,40231,2553,122,192
position,40232,2298,117,192
position,40233,1164,95,96
position,40234,1107,93,96
position,40235,2778,135,192
position,40236,948,75,96
position,40237,1107,91,96
position,40238,1164,101,96
position,40239,1176,104,96
position,40240,1314,108,96
position,40241,381,50,48
position,40242,459,65,48
position,40243,246,44,24
position,40244,1179,99,96
position,40245,576,65,48
position,40246,1053,85,96
position,40247,378,50,48
position,40248,2616,135,192
position,40249,408,54,48
position,40250,1029,86,96
position,40251,672,76,48
position,40252,600,65,48
position,40253,918,78,96
position,40254,912,74,96
position,40255,609,76,48
position,40256,369,48,48
position,40257,828,70,96
position,40258,1275,96,96
position,40259,381,47,48
position,40260,459,60,48
position,40261,1029,90,96
position,40262,951,86,96
position,40263,1074,83,96
position,40264,2577,133,192
position,40265,336,44,48
position,40266,1146,104,96
position,40267,372,46,48
position,40268,1155,99,96
position,40269,396,52,48
position,40270,243,43,24
position,40271,1020,81,96
position,40272,69,19,12
position,40273,894,75,96
position,40274,996,79,96
position,40275,1125,90,96
position,40276,495,66,48
position,40277,1128,97,96
position,40278,1158,100,96
position,40279,1209,107,96
position,40280,3081,157,192
position,40281,942,69,96
position,40282,2502,133,192
position,40283,627,70,48
position,40284,474,59,48
position,40285,912,82,96
position,40286,522,69,48
position,40287,372,48,48
position,40288,996,87,96
position,40289,876,75,96
position,40290,1026,77,96
position,40291,1053,89,96
position,40292,1458,122,96
position,40293,579,68,48
position,40294,2568,140,192
position,40295,948,76,96
position,40296,1077,86,96
position,40297,516,73,48
position,40298,612,71,48
position,40299,558,65,48
position,40300,1212,102,96
position,40301,171,34,24
position,40302,435,60,48
position,40303,897,76,96
position,40304,840,72,96
position,40305,441,54,48
position,40306,2565,122,192
position,40307,876,75,96
position,40308,996,94,96
position,40309,2862,150,192
position,40310,1401,116,96
position,40311,483,61,48
position,40312,945,78,96
position,40313,2430,121,192
position,40314,1116,89,96
position,40315,861,62,96
position,40316,975,89,96
position,40317,1167,109,96
position,40318,438,60,48
position,40319,630,73,48
position,40320,1377,118,96
position,40321,396,50,48
position,40322,417,54,48
position,40323,189,36,24
position,40324,1125,91,96
position,40325,1071,82,96
position,40326,1098,93,96
position,40327,594,79,48
position,40328,159,30,24
position,40329,882,76,96
position,40330,660,75,48
position,40331,1053,83,96
position,40332,948,77,96
position,40333,417,56,48
position,40334,2448,130,192
position,40335,2352,108,192
position,40336,351,59,24
position,40337,312,40,48
position,40338,2628,129,192
position,40339,2568,143,192
position,40340,2460,121,192
position,40341,954,78,96
position,40342,1419,108,96
position,40343,1077,84,96
position,40344,1233,110,96
position,40345,2295,99,192
position,40346,894,80,96
position,40347,384,51,48
position,40348,891,73,96
position,40349,510,67,48
position,40350,3075,151,192
position,40351,1062,89,96
position,40352,1098,85,96
position,40353,627,71,48
position,40354,528,67,48
position,40355,1047,85,96
position,40356,1194,105,96
position,40357,1173,99,96
position,40358,462,61,48
position,40359,1065,91,96
position,40360,903,80,96
position,40361,432,60,48
position,40362,2445,136,192
position,40363,1146,95,96
position,40364,375,49,48
position,40365,1620,122,96
position,40366,1137,97,96
position,40367,684,79,48
position,40368,336,43,48
position,40369,402,52,48
position,40370,441,57,48
position,40371,483,66,48
position,40372,438,60,48
position,40373,2529,142,192
position,40374,2583,138,192
position,40375,2556,134,192
position,40376,2724,141,192
position,40377,1194,99,96
position,40378,1029,86,96
position,40379,900,80,96
position,40380,384,49,48
position,40381,1131,85,96
position,40382,888,74,96
position,40383,528,70,48
position,40384,663,80,48
position,40385,468,60,48
position,40386,1161,99,96
position,40387,450,59,48
position,40388,1089,83,96
position,40389,402,54,48
position,40390,255,46,24
position,40391,981,88,96
position,40392,1122,101,96
position,40393,1041,79,96
position,40394,1368,106,96
position,40395,183,37,24
position,40396,2592,130,192
position,40397,1137,91,96
position,40398,630,73,48
position,40399,927,82,96
position,40400,1125,89,96
position,40401,471,56,48
position,40402,1140,95,96
position,40403,1026,77,96
position,40404,993,90,96
position,40405,810,68,96
position,40406,81,20,12
position,40407,1113,89,96
position,40408,1110,84,96
position,40409,774,60,96
position,40410,405,55,48
position,40411,414,51,48
position,40412,411,55,48
position,40413,945,82,96
position,40414,894,77,96
position,40415,993,92,96
position,40416,147,29,24
position,40417,903,79,96
position,40418,504,65,48
position,40419,486,62,48
position,40420,1215,104,96
position,40421,567,65,48
position,40422,1161,89,96
position,40423,459,58,48
position,40424,204,36,24
position,40425,1197,102,96
position,40426,3132,169,192
position,40427,390,51,48
position,40428,93,24,12
position,40429,2511,127,192
position,40430,1170,95,96
position,40431,3009,148,192
position,40432,465,62,48
position,40433,783,59,96
position,40434,1305,114,96
position,40435,144,28,24
position,40436,375,48,48
position,40437,1116,90,96
position,40438,1155,96,96
position,40439,2334,120,192
position,40440,1134,95,96
position,40441,858,72,96
position,40442,459,58,48
position,40443,414,58,48
position,40444,387,49,48
position,40445,450,58,48
position,40446,933,79,96
position,40447,603,70,48
position,40448,474,66,48
position,40449,486,61,48
position,40450,2376,113,192
position,40451,879,73,96
position,40452,1083,82,96
position,40453,1296,103,96
position,40454,405,54,48
position,40455,1038,87,96
position,40456,1029,82,96
position,40457,471,62,48
position,40458,486,62,48
position,40459,3291,174,192
position,40460,900,73,96
position,40461,423,55,48
position,40462,903,81,96
position,40463,462,61,48
position,40464,1062,89,96
position,40465,360,51,48
position,40466,219,38,24
position,40467,2355,109,192
position,40468,798,62,96
position,40469,924,75,96
position,40470,2583,119,192
position,40471,1179,98,96
position,40472,414,55,48
position,40473,2721,157,192
position,40474,552,69,48
position,40475,2460,118,192
position,40476,849,68,96
position,40477,1056,86,96
position,40478,699,83,48
position,40479,1131,102,96
position,40480,414,55,48
position,40481,873,71,96
position,40482,1362,121,96
position,40483,954,85,96
position,40484,420,57,48
position,40485,1038,86,96
position,40486,963,75,96
position,40487,357,42,48
position,40488,2571,119,192
position,40489,1125,96,96
position,40490,1131,91,96
position,40491,1002,86,96
position,40492,1068,86,96
position,40493,462,58,48
position,40494,936,82,96
position,40495,723,85,48
position,40496,873,73,96
position,40497,951,82,96
position,40498,1167,103,96
position,40499,3231,164,192
position,40500,534,72,48
position,40501,1056,76,96
position,40502,2637,131,192
position,40503,384,51,48
position,40504,1257,110,96
position,40505,864,69,96
position,40506,3300,162,192
position,40507,1125,98,96
position,40508,492,63,48
position,40509,951,80,96
position,40510,882,75,96
position,40511,1023,83,96
position,40512,111,26,12
position,40513,690,75,48
position,40514,2409,122,192
position,40515,1020,83,96
position,40516,729,85,48
position,40517,618,66,48
position,40518,1161,96,96
position,40519,645,73,48
position,40520,396,50,48
position,40521,999,86,96
position,40522,1119,91,96
position,40523,468,60,48
position,40524,807,65,96
position,40525,384,51,48
position,40526,1266,98,96
position,40527,1227,111,96
position,40528,663,79,48
position,40529,2574,127,192
position,40530,1164,95,96
position,40531,459,61,48
position,40532,564,66,48
position,40533,1110,96,96
position,40534,1146,99,96
position,40535,996,88,96
position,40536,231,41,24
position,40537,228,41,24
position,40538,213,37,24
position,40539,1200,102,96
position,40540,300,50,24
position,40541,2637,127,192
position,40542,1053,90,96
position,40543,192,37,24
position,40544,3051,165,192
position,40545,438,59,48
position,40546,399,53,48
position,40547,369,49,48
position,40548,414,53,48
position,40549,498,63,48
position,40550,1113,94,96
position,40551,2508,131,192
position,40552,477,62,48
position,40553,390,50,48
position,40554,1161,99,96
position,40555,615,73,48
position,40556,414,53,48
position,40557,1107,94,96
position,40558,909,69,96
position,40559,1239,114,96
position,40560,414,55,48
position,40561,867,68,96
position,40562,1188,96,96
position,40563,885,75,96
position,40564,2358,125,192
position,40565,369,45,48
position,40566,342,48,48
position,40567,417,57,48
position,40568,222,39,24
position,40569,168,32,24
position,40570,579,68,48
position,40571,474,63,48
position,40572,1110,86,96
position,40573,891,77,96
position,40574,867,74,96
position,40575,1356,105,96
position,40576,450,56,48
position,40577,528,72,48
position,40578,909,78,96
position,40579,489,63,48
position,40580,645,75,48
position,40581,1317,101,96
position,40582,363,47,48
position,40583,1107,91,96
position,40584,435,60,48
position,40585,1125,91,96
position,40586,189,36,24
position,40587,369,47,48
position,40588,1107,89,96
position,40589,426,57,48
position,40590,2397,128,192
position,40591,450,60,48
position,40592,3213,153,192
position,40593,948,84,96
position,40594,258,46,24
position,40595,2736,137,192
position,40596,381,49,48
position,40597,630,75,48
position,40598,396,54,48
position,40599,996,83,96
position,40600,399,55,48
position,40601,1098,88,96
position,40602,1101,92,96
position,40603,1152,92,96
position,40604,558,71,48
position,40605,870,69,96
position,40606,1098,84,96
position,40607,906,74,96
position,40608,1137,96,96
position,40609,885,77,96
position,40610,1122,94,96
position,40611,972,88,96
position,40612,918,73,96
position,40613,249,43,24
position,40614,480,62,48
position,40615,429,55,48
position,40616,381,50,48
position,40617,456,54,48
position,40618,300,39,48
position,40619,390,50,48
position,40620,2523,140,192
position,40621,399,54,48
position,40622,792,64,96
position,40623,90,21,12
position,40624,1116,92,96
position,40625,453,59,48
position,40626,1089,90,96
position,40627,939,83,96
position,40628,948,82,96
position,40629,783,58,96
position,40630,1035,83,96
position,40631,321,44,48
position,40632,1143,98,96
position,40633,405,53,48
position,40634,384,48,48
position,40635,948,79,96
position,40636,1548,112,96
position,40637,1212,98,96
position,40638,390,50,48
position,40639,840,63,96
position,40640,264,47,24
position,40641,399,54,48
position,40642,3198,153,192
position,40643,1137,90,96
position,40644,2295,117,192
position,40645,450,58,48
position,40646,1122,97,96
position,40647,1107,91,96
position,40648,2574,138,192
position,40649,1209,101,96
position,40650,153,31,24
position,40651,1188,101,96
position,40652,582,68,48
position,40653,177,35,24
position,40654,1143,95,96
position,40655,2328,116,192
position,40656,408,53,48
position,40657,1689,116,96
position,40658,2355,111,192
position,40659,918,73,96
position,40660,2448,125,192
position,40661,1029,84,96
position,40662,960,83,96
position,40663,2664,130,192
position,40664,324,44,48
position,40665,1134,91,96
position,40666,318,42,48
position,40667,963,81,96
position,40668,1131,99,96
position,40669,1167,105,96
position,40670,510,71,48
position,40671,996,84,96
position,40672,168,33,24
position,40673,1296,113,96
position,40674,630,76,48
position,40675,1191,95,96
position,40676,1278,103,96
position,40677,1143,97,96
position,40678,792,63,96
position,40679,909,80,96
position,40680,1164,97,96
position,40681,873,76,96
position,40682,2340,109,192
position,40683,336,47,48
position,40684,585,69,48
position,40685,1122,93,96
position,40686,1131,90,96
position,40687,1377,117,96
position,40688,462,63,48
position,40689,330,44,48
position,40690,216,38,24
position,40691,1119,89,96
position,40692,2733,127,192
position,40693,543,61,48
position,40694,240,42,24
position,40695,900,77,96
position,40696,885,79,96
position,40697,672,76,48
position,40698,177,35,24
position,40699,3156,173,192
position,40700,1350,113,96
position,40701,375,46,48
position,40702,1149,101,96
position,40703,1098,91,96
position,40704,1134,94,96
position,40705,480,62,48
position,40706,906,72,96
position,40707,1134,96,96
position,40708,1161,96,96
position,40709,945,79,96
position,40710,852,66,96
position,40711,891,77,96
position,40712,1116,87,96
position,40713,471,64,48
position,40714,1266,107,96
position,40715,1224,106,96
position,40716,402,55,48
position,40717,1194,109,96
position,40718,468,56,48
position,40719,921,84,96
position,40720,1233,102,96
position,40721,327,43,48
position,40722,714,77,48
position,40723,639,72,48
position,40724,1125,87,96
position,40725,3369,171,192
position,40726,1041,87,96
position,40727,1071,82,96
position,40728,1107,95,96
position,40729,999,82,96
position,40730,468,68,48
position,40731,1056,88,96
position,40732,786,63,96
position,40733,384,51,48
position,40734,954,81,96
position,40735,3120,167,192
position,40736,1092,79,96
position,40737,390,53,48
position,40738,174,33,24
position,40739,417,57,48
position,40740,2496,135,192
position,40741,927,72,96
position,40742,1026,81,96
position,40743,1065,93,96
position,40744,882,76,96
position,40745,954,87,96
position,40746,948,81,96
position,40747,249,46,24
position,40748,1134,94,96
position,40749,882,73,96
position,40750,459,55,48
position,40751,924,73,96
position,40752,2655,138,192
position,40753,3048,156,192
position,40754,495,66,48
position,40755,939,79,96
position,40756,2388,124,192
position,40757,1125,96,96
position,40758,204,41,24
position,40759,618,68,48
position,40760,894,70,96
position,40761,393,51,48
position,40762,2760,139,192
position,40763,1143,100,96
position,40764,927,82,96
position,40765,414,53,48
position,40766,558,73,48
position,40767,414,57,48
position,40768,2367,120,192
position,40769,618,70,48
position,40770,651,74,48
position,40771,1122,88,96
position,40772,378,49,48
position,40773,417,58,48
position,40774,1338,112,96
position,40775,171,34,24
position,40776,387,49,48
position,40777,387,52,48
position,40778,1161,96,96
position,40779,1209,95,96
position,40780,3294,172,192
position,40781,501,66,48
position,40782,405,55,48
position,40783,1044,86,96
position,40784,702,81,48
position,40785,975,87,96
position,40786,1281,100,96
position,40787,837,71,96
position,40788,2622,122,192
position,40789,480,63,48
position,40790,876,77,96
position,40791,2682,141,192
position,40792,2295,114,192
position,40793,888,71,96
position,40794,1053,89,96
position,40795,1602,121,96
position,40796,2325,122,192
position,40797,900,72,96
position,40798,519,59,48
position,40799,939,82,96
position,40800,1182,92,96
position,40801,1152,103,96
position,40802,975,81,96
position,40803,432,57,48
position,40804,1170,108,96
position,40805,1116,84,96
position,40806,528,65,48
position,40807,408,54,48
position,40808,2673,145,192
position,40809,279,36,48
position,40810,711,86,48
position,40811,1125,96,96
position,40812,888,76,96
position,40813,381,50,48
position,40814,414,57,48
position,40815,915,69,96
position,40816,1083,90,96
position,40817,855,67,96
position,40818,402,53,48
position,40819,1107,88,96
position,40820,1020,82,96
position,40821,1161,99,96
position,40822,396,50,48
position,40823,408,56,48
position,40824,975,86,96
position,40825,1146,98,96
position,40826,1032,88,96
position,40827,1179,95,96
position,40828,330,45,48
position,40829,468,60,48
position,40830,483,66,48
position,40831,1152,94,96
position,40832,1362,113,96
position,40833,396,53,48
position,40834,351,42,48
position,40835,258,45,24
position,40836,1125,95,96
position,40837,381,48,48
position,40838,1116,92,96
position,40839,1350,105,96
position,40840,387,52,48
position,40841,1083,87,96
position,40842,942,80,96
position,40843,2586,134,192
position,40844,381,47,48
position,40845,426,54,48
position,40846,1149,97,96
position,40847,546,61,48
position,40848,399,54,48
position,40849,870,66,96
position,40850,225,40,24
position,40851,1368,119,96
position,40852,387,52,48
position,40853,1131,92,96
position,40854,672,74,48
position,40855,459,58,48
position,40856,492,67,48
position,40857,1110,95,96
position,40858,555,74,48
position,40859,1134,86,96
position,40860,1116,97,96
position,40861,1035,94,96
position,40862,321,43,48
position,40863,1236,99,96
position,40864,510,67,48
position,40865,375,49,48
position,40866,1047,84,96
position,40867,372,48,48
position,40868,1212,95,96
position,40869,435,61,48
position,40870,918,80,96
position,40871,1152,98,96
position,40872,342,45,48
position,40873,819,67,96
position,40874,3180,164,192
position,40875,1161,98,96
position,40876,1617,119,96
position,40877,957,76,96
position,40878,1188,95,96
position,40879,2796,128,192
position,40880,315,41,48
position,40881,1137,96,96
position,40882,2568,126,192
position,40883,885,64,96
position,40884,1128,100,96
position,40885,2688,153,192
position,40886,1083,94,96
position,40887,993,89,96
position,40888,972,84,96
position,40889,1038,82,96
position,40890,264,47,24
position,40891,1227,88,96
position,40892,441,57,48
position,40893,417,54,48
position,40894,171,33,24
position,40895,216,39,24
position,40896,393,51,48
position,40897,285,52,24
position,40898,411,52,48
position,40899,819,67,96
position,40900,2289,113,192
position,40901,432,56,48
position,40902,1137,97,96
position,40903,570,71,48
position,40904,642,76,48
position,40905,645,71,48
position,40906,1122,93,96
position,40907,1236,110,96
position,40908,702,80,48
position,40909,378,46,48
position,40910,330,43,48
position,40911,543,62,48
position,40912,1104,89,96
position,40913,465,62,48
position,40914,414,53,48
position,40915,531,73,48
position,40916,414,58,48
position,40917,1155,88,96
position,40918,435,62,48
position,40919,432,53,48
position,40920,567,63,48
position,40921,459,57,48
position,40922,873,70,96
position,40923,393,51,48
position,40924,1149,100,96
position,40925,2403,121,192
position,40926,957,86,96
position,40927,231,41,24
position,40928,1161,93,96
position,40929,315,42,48
position,40930,1104,86,96
position,40931,420,58,48
position,40932,2658,148,192
position,40933,3075,143,192
position,40934,918,80,96
position,40935,507,70,48
position,40936,513,61,48
position,40937,1158,96,96
position,40938,1059,81,96
position,40939,927,84,96
position,40940,1092,86,96
position,40941,1137,88,96
position,40942,618,72,48
position,40943,264,48,24
position,40944,849,66,96
position,40945,408,54,48
position,40946,639,71,48
position,40947,861,71,96
position,40948,714,87,48
position,40949,417,56,48
position,40950,948,79,96
position,40951,336,46,48
position,40952,402,54,48
position,40953,144,29,24
position,40954,1113,87,96
position,40955,450,54,48
position,40956,2421,131,192
position,40957,1011,85,96
position,40958,633,69,48
position,40959,402,54,48
position,40960,366,47,48
position,40961,1077,87,96
position,40962,1125,91,96
position,40963,1272,102,96
position,40964,684,78,48
position,40965,1140,97,96
position,40966,339,47,48
position,40967,3240,162,192
position,40968,1131,94,96
position,40969,273,44,24
position,40970,1278,106,96
position,40971,240,43,24
position,40972,417,55,48
position,40973,3258,167,192
position,40974,387,49,48
position,40975,489,63,48
position,40976,519,71,48
position,40977,927,77,96
position,40978,477,60,48
position,40979,1098,87,96
position,40980,1089,95,96
position,40981,975,85,96
position,40982,1119,94,96
position,40983,465,58,48
position,40984,621,73,48
position,40985,816,65,96
position,40986,222,39,24
position,40987,1110,94,96
position,40988,1119,89,96
position,40989,543,62,48
position,40990,450,63,48
position,40991,384,51,48
position,40992,960,78,96
position,40993,2448,122,192
position,40994,468,63,48
position,40995,375,47,48
position,40996,2697,159,192
position,40997,1347,112,96
position,40998,1188,99,96
position,40999,1068,83,96
apparition,40000,1221,102,96
apparition,40001,1167,95,96
apparition,40002,405,55,48
apparition,40003,1230,111,96
apparition,40004,972,88,96
apparition,40005,705,79,48
apparition,40006,1056,91,96
apparition,40007,1110,88,96
apparition,40008,459,60,48
apparition,40009,2649,144,192
apparition,40010,2289,113,192
apparition,40011,351,50,48
apparition,40012,1170,98,96
apparition,40013,1143,98,96
apparition,40014,495,68,48
apparition,40015,1458,124,96
apparition,40016,1242,104,96
apparition,40017,1053,82,96
apparition,40018,3396,195,192
apparition,40019,1158,93,96
apparition,40020,1854,137,96
apparition,40021,3351,177,192
apparition,40022,744,91,48
apparition,40023,915,73,96
apparition,40024,741,82,48
apparition,40025,1035,91,96
apparition,40026,1908,136,96
apparition,40027,1137,96,96
apparition,40028,429,58,48
apparition,40029,297,38,48
apparition,40030,660,71,48
apparition,40031,3378,169,192
apparition,40032,156,31,24
apparition,40033,936,86,96
apparition,40034,1245,101,96
apparition,40035,2613,133,192
apparition,40036,747,85,48
apparition,40037,888,69,96
apparition,40038,1224,99,96
apparition,40039,573,75,48
apparition,40040,2460,119,192
apparition,40041,864,65,96
apparition,40042,555,62,48
apparition,40043,621,72,48
apparition,40044,3396,185,192
apparition,40045,1386,124,96
apparition,40046,273,48,24
apparition,40047,471,60,48
apparition,40048,465,60,48
apparition,40049,1047,81,96
apparition,40050,462,60,48
apparition,40051,1329,103,96
apparition,40052,2571,126,192
apparition,40053,1089,96,96
apparition,40054,702,80,48
apparition,40055,1182,96,96
apparition,40056,1224,103,96
apparition,40057,150,30,24
apparition,40058,1545,124,96
apparition,40059,1209,99,96
apparition,40060,7296,242,384
apparition,40061,1548,110,96
apparition,40062,1161,94,96
apparition,40063,2880,151,192
apparition,40064,162,32,24
apparition,40065,594,74,48
apparition,40066,897,80,96
apparition,40067,2616,135,192
apparition,40068,333,44,48
apparition,40069,1155,83,96
apparition,40070,3717,194,192
apparition,40071,1194,104,96
apparition,40072,1233,101,96
apparition,40073,600,67,48
apparition,40074,1125,81,96
apparition,40075,2607,143,192
apparition,40076,2655,129,192
apparition,40077,420,59,48
apparition,40078,1140,98,96
apparition,40079,369,45,48
apparition,40080,1161,103,96
apparition,40081,1224,110,96
apparition,40082,1347,114,96
apparition,40083,909,79,96
apparition,40084,636,71,48
apparition,40085,2841,134,192
apparition,40086,1146,102,96
apparition,40087,2418,120,192
apparition,40088,630,73,48
apparition,40089,1059,82,96
apparition,40090,3000,157,192
apparition,40091,2187,167,96
apparition,40092,1263,108,96
apparition,40093,1188,90,96
apparition,40094,1110,87,96
apparition,40095,432,59,48
apparition,40096,1167,109,96
apparition,40097,393,53,48
apparition,40098,3075,157,192
apparition,40099,2619,122,192
apparition,40100,942,78,96
apparition,40101,1443,122,96
apparition,40102,1170,96,96
apparition,40103,1233,114,96
apparition,40104,2316,104,192
apparition,40105,2346,120,192
apparition,40106,1071,88,96
apparition,40107,633,69,48
apparition,40108,1254,115,96
apparition,40109,1122,92,96
apparition,40110,933,79,96
apparition,40111,909,76,96
apparition,40112,1143,95,96
apparition,40113,1383,122,96
apparition,40114,171,33,24
apparition,40115,1380,116,96
apparition,40116,885,70,96
apparition,40117,2283,108,192
apparition,40118,483,63,48
apparition,40119,1155,92,96
apparition,40120,387,48,48
apparition,40121,918,80,96
apparition,40122,906,77,96
apparition,40123,1134,96,96
apparition,40124,150,29,24
apparition,40125,2508,122,192
apparition,40126,1032,87,96
apparition,40127,2649,152,192
apparition,40128,975,91,96
apparition,40129,2817,135,192
apparition,40130,1209,103,96
apparition,40131,1392,115,96
apparition,40132,417,58,48
apparition,40133,954,78,96
apparition,40134,468,59,48
apparition,40135,1500,100,96
apparition,40136,2637,133,192
apparition,40137,501,64,48
apparition,40138,405,54,48
apparition,40139,987,83,96
apparition,40140,225,40,24
apparition,40141,3060,145,192
apparition,40142,1224,110,96
apparition,40143,924,79,96
apparition,40144,801,89,48
apparition,40145,1209,101,96
apparition,40146,2685,153,192
apparition,40147,234,41,24
apparition,40148,2682,142,192
apparition,40149,1107,93,96
apparition,40150,2349,125,192
apparition,40151,2592,134,192
apparition,40152,480,64,48
apparition,40153,810,60,96
apparition,40154,924,77,96
apparition,40155,1104,87,96
apparition,40156,633,72,48
apparition,40157,948,83,96
apparition,40158,387,50,48
apparition,40159,7671,260,384
apparition,40160,897,75,96
apparition,40161,1287,107,96
apparition,40162,2598,139,192
apparition,40163,1119,92,96
apparition,40164,3018,149,192
apparition,40165,219,38,24
apparition,40166,2991,146,192
apparition,40167,3213,177,192
apparition,40168,1176,88,96
apparition,40169,1224,108,96
apparition,40170,3249,169,192
apparition,40171,1113,92,96
apparition,40172,651,77,48
apparition,40173,1137,101,96
apparition,40174,549,64,48
apparition,40175,1539,135,96
apparition,40176,2577,140,192
apparition,40177,1116,97,96
apparition,40178,1137,98,96
apparition,40179,3294,162,192
apparition,40180,456,60,48
apparition,40181,795,66,96
apparition,40182,1212,103,96
apparition,40183,1191,94,96
apparition,40184,1074,88,96
apparition,40185,1299,110,96
apparition,40186,867,68,96
apparition,40187,1164,102,96
apparition,40188,516,71,48
apparition,40189,255,45,24
apparition,40190,345,59,24
apparition,40191,2595,142,192
apparition,40192,2592,132,192
apparition,40193,1167,97,96
apparition,40194,1383,116,96
apparition,40195,1128,89,96
apparition,40196,1125,92,96
apparition,40197,1074,83,96
apparition,40198,1056,80,96
apparition,40199,2751,141,192
apparition,40200,1197,99,96
apparition,40201,2634,148,192
apparition,40202,2652,143,192
apparition,40203,1188,102,96
apparition,40204,1092,87,96
apparition,40205,1131,99,96
apparition,40206,3408,191,192
apparition,40207,1098,90,96
apparition,40208,1149,94,96
apparition,40209,483,63,48
apparition,40210,444,51,48
apparition,40211,1344,109,96
apparition,40212,1125,92,96
apparition,40213,1110,88,96
apparition,40214,1134,95,96
apparition,40215,549,67,48
apparition,40216,1149,101,96
apparition,40217,339,48,48
apparition,40218,1086,95,96
apparition,40219,1050,85,96
apparition,40220,3138,153,192
apparition,40221,942,78,96
apparition,40222,3270,163,192
apparition,40223,1188,101,96
apparition,40224,1167,104,96
apparition,40225,1110,91,96
apparition,40226,921,78,96
apparition,40227,603,72,48
apparition,40228,1296,116,96
apparition,40229,1173,101,96
apparition,40230,3807,186,192
apparition,40231,2361,110,192
apparition,40232,576,65,48
apparition,40233,855,69,96
apparition,40234,2853,147,192
apparition,40235,1068,95,96
apparition,40236,1119,86,96
apparition,40237,1128,97,96
apparition,40238,897,79,96
apparition,40239,1230,115,96
apparition,40240,1053,84,96
apparition,40241,1374,118,96
apparition,40242,3042,155,192
apparition,40243,216,38,24
apparition,40244,2628,153,192
apparition,40245,1128,89,96
apparition,40246,2493,131,192
apparition,40247,462,60,48
apparition,40248,1347,107,96
apparition,40249,1149,93,96
apparition,40250,1080,90,96
apparition,40251,963,80,96
apparition,40252,987,87,96
apparition,40253,495,62,48
apparition,40254,1110,93,96
apparition,40255,1104,96,96
apparition,40256,594,71,48
apparition,40257,402,55,48
apparition,40258,855,70,96
apparition,40259,2649,148,192
apparition,40260,180,36,24
apparition,40261,1170,100,96
apparition,40262,2565,141,192
apparition,40263,927,78,96
apparition,40264,171,34,24
apparition,40265,1236,111,96
apparition,40266,2619,148,192
apparition,40267,1086,93,96
apparition,40268,1188,101,96
apparition,40269,3597,196,192
apparition,40270,3339,160,192
apparition,40271,3246,144,192
apparition,40272,2394,129,192
apparition,40273,2910,164,192
apparition,40274,1164,92,96
apparition,40275,1047,85,96
apparition,40276,1263,99,96
apparition,40277,1164,96,96
apparition,40278,1053,89,96
apparition,40279,2547,133,192
apparition,40280,483,66,48
apparition,40281,1122,95,96
apparition,40282,1425,117,96
apparition,40283,1125,94,96
apparition,40284,474,59,48
apparition,40285,1092,97,96
apparition,40286,1653,122,96
apparition,40287,891,67,96
apparition,40288,237,41,24
apparition,40289,984,89,96
apparition,40290,378,49,48
apparition,40291,1107,90,96
apparition,40292,378,49,48
apparition,40293,528,67,48
apparition,40294,525,67,48
apparition,40295,1176,99,96
apparition,40296,3207,155,192
apparition,40297,1386,118,96
apparition,40298,1176,94,96
apparition,40299,3081,143,192
apparition,40300,78,20,12
apparition,40301,612,69,48
apparition,40302,906,83,96
apparition,40303,1191,102,96
apparition,40304,3297,170,192
apparition,40305,1149,99,96
apparition,40306,2601,128,192
apparition,40307,2994,150,192
apparition,40308,483,62,48
apparition,40309,1167,97,96
apparition,40310,867,72,96
apparition,40311,342,49,48
apparition,40312,954,82,96
apparition,40313,2424,132,192
apparition,40314,2385,113,192
apparition,40315,1050,89,96
apparition,40316,2793,156,192
apparition,40317,180,36,24
apparition,40318,903,80,96
apparition,40319,1110,90,96
apparition,40320,1146,100,96
apparition,40321,498,65,48
apparition,40322,1248,114,96
apparition,40323,2682,135,192
apparition,40324,1032,81,96
apparition,40325,933,71,96
apparition,40326,1257,98,96
apparition,40327,324,44,48
apparition,40328,891,79,96
apparition,40329,942,80,96
apparition,40330,1152,98,96
apparition,40331,2808,133,192
apparition,40332,1074,71,96
apparition,40333,1026,81,96
apparition,40334,1947,148,96
apparition,40335,621,67,48
apparition,40336,507,63,48
apparition,40337,981,90,96
apparition,40338,186,38,24
apparition,40339,1197,113,96
apparition,40340,4080,186,192
apparition,40341,729,84,48
apparition,40342,1212,95,96
apparition,40343,747,84,48
apparition,40344,663,80,48
apparition,40345,696,80,48
apparition,40346,450,63,48
apparition,40347,3351,169,192
apparition,40348,384,49,48
apparition,40349,1200,93,96
apparition,40350,1077,89,96
apparition,40351,1155,104,96
apparition,40352,1146,100,96
apparition,40353,165,32,24
apparition,40354,1305,99,96
apparition,40355,1107,87,96
apparition,40356,3042,152,192
apparition,40357,678,76,48
apparition,40358,462,59,48
apparition,40359,444,57,48
apparition,40360,1239,97,96
apparition,40361,3351,180,192
apparition,40362,495,64,48
apparition,40363,1161,105,96
apparition,40364,1092,84,96
apparition,40365,591,78,48
apparition,40366,1134,91,96
apparition,40367,906,75,96
apparition,40368,2685,151,192
apparition,40369,1644,111,96
apparition,40370,3354,191,192
apparition,40371,948,81,96
apparition,40372,519,67,48
apparition,40373,1185,109,96
apparition,40374,1368,104,96
apparition,40375,198,34,24
apparition,40376,561,70,48
apparition,40377,2670,133,192
apparition,40378,1062,93,96
apparition,40379,1770,122,96
apparition,40380,3165,165,192
apparition,40381,3321,175,192
apparition,40382,1134,100,96
apparition,40383,1167,96,96
apparition,40384,2604,147,192
apparition,40385,1194,104,96
apparition,40386,2562,132,192
apparition,40387,2916,156,192
apparition,40388,1128,89,96
apparition,40389,1107,96,96
apparition,40390,1107,90,96
apparition,40391,2589,141,192
apparition,40392,879,78,96
apparition,40393,348,44,48
apparition,40394,1524,110,96
apparition,40395,900,77,96
apparition,40396,516,65,48
apparition,40397,1023,86,96
apparition,40398,2514,132,192
apparition,40399,2727,138,192
apparition,40400,924,79,96
apparition,40401,504,62,48
apparition,40402,3468,173,192
apparition,40403,2628,138,192
apparition,40404,315,41,48
apparition,40405,660,82,48
apparition,40406,315,41,48
apparition,40407,978,85,96
apparition,40408,405,54,48
apparition,40409,1296,113,96
apparition,40410,1155,96,96
apparition,40411,2487,132,192
apparition,40412,1128,95,96
apparition,40413,2355,129,192
apparition,40414,363,46,48
apparition,40415,2619,130,192
apparition,40416,3021,159,192
apparition,40417,993,90,96
apparition,40418,99,24,12
apparition,40419,171,34,24
apparition,40420,7695,260,384
apparition,40421,477,63,48
apparition,40422,1848,128,96
apparition,40423,3105,154,192
apparition,40424,1113,91,96
apparition,40425,498,65,48
apparition,40426,432,57,48
apparition,40427,909,83,96
apparition,40428,1836,134,96
apparition,40429,621,71,48
apparition,40430,906,82,96
apparition,40431,159,30,24
apparition,40432,963,78,96
apparition,40433,963,85,96
apparition,40434,2877,158,192
apparition,40435,417,54,48
apparition,40436,1056,91,96
apparition,40437,1287,106,96
apparition,40438,492,63,48
apparition,40439,807,65,96
apparition,40440,195,38,24
apparition,40441,402,54,48
apparition,40442,6834,205,384
apparition,40443,666,79,48
apparition,40444,1782,131,96
apparition,40445,3408,193,192
apparition,40446,2502,115,192
apparition,40447,2367,110,192
apparition,40448,405,55,48
apparition,40449,1194,95,96
apparition,40450,1263,108,96
apparition,40451,1722,116,96
apparition,40452,1233,101,96
apparition,40453,990,84,96
apparition,40454,432,59,48
apparition,40455,453,56,48
apparition,40456,324,44,48
apparition,40457,984,91,96
apparition,40458,1122,99,96
apparition,40459,1206,106,96
apparition,40460,900,81,96
apparition,40461,1134,93,96
apparition,40462,1134,100,96
apparition,40463,747,88,48
apparition,40464,339,45,48
apparition,40465,2361,122,192
apparition,40466,300,39,48
apparition,40467,984,85,96
apparition,40468,3330,163,192
apparition,40469,1107,92,96
apparition,40470,483,61,48
apparition,40471,1182,88,96
apparition,40472,1347,118,96
apparition,40473,1137,95,96
apparition,40474,882,76,96
apparition,40475,411,54,48
apparition,40476,384,51,48
apparition,40477,177,35,24
apparition,40478,426,55,48
apparition,40479,2595,135,192
apparition,40480,1179,101,96
apparition,40481,2700,131,192
apparition,40482,417,56,48
apparition,40483,198,39,24
apparition,40484,2868,157,192
apparition,40485,786,90,48
apparition,40486,1110,92,96
apparition,40487,1953,141,96
apparition,40488,3285,156,192
apparition,40489,1131,99,96
apparition,40490,2406,112,192
apparition,40491,1146,99,96
apparition,40492,2655,143,192
apparition,40493,1047,82,96
apparition,40494,2619,146,192
apparition,40495,3018,150,192
apparition,40496,990,87,96
apparition,40497,3150,163,192
apparition,40498,912,83,96
apparition,40499,1134,98,96
apparition,40500,2688,137,192
apparition,40501,981,78,96
apparition,40502,909,75,96
apparition,40503,2646,153,192
apparition,40504,465,65,48
apparition,40505,3327,152,192
apparition,40506,2640,137,192
apparition,40507,462,57,48
apparition,40508,2433,111,192
apparition,40509,552,63,48
apparition,40510,1149,103,96
apparition,40511,1143,90,96
apparition,40512,432,53,48
apparition,40513,537,63,48
apparition,40514,1116,93,96
apparition,40515,900,73,96
apparition,40516,2589,134,192
apparition,40517,1095,88,96
apparition,40518,789,86,48
apparition,40519,1413,115,96
apparition,40520,2907,154,192
apparition,40521,804,66,96
apparition,40522,1149,102,96
apparition,40523,1299,105,96
apparition,40524,1323,117,96
apparition,40525,402,55,48
apparition,40526,582,63,48
apparition,40527,1146,103,96
apparition,40528,894,80,96
apparition,40529,1200,97,96
apparition,40530,3213,154,192
apparition,40531,1776,110,96
apparition,40532,2832,164,192
apparition,40533,477,63,48
apparition,40534,177,34,24
apparition,40535,1092,91,96
apparition,40536,3237,154,192
apparition,40537,429,57,48
apparition,40538,945,84,96
apparition,40539,1194,97,96
apparition,40540,918,72,96
apparition,40541,2514,118,192
apparition,40542,471,64,48
apparition,40543,435,61,48
apparition,40544,162,31,24
apparition,40545,516,68,48
apparition,40546,1101,91,96
apparition,40547,270,47,24
apparition,40548,1833,132,96
apparition,40549,2610,136,192
apparition,40550,2469,137,192
apparition,40551,2595,127,192
apparition,40552,870,72,96
apparition,40553,1893,141,96
apparition,40554,2574,139,192
apparition,40555,207,41,24
apparition,40556,456,64,48
apparition,40557,2637,131,192
apparition,40558,2751,149,192
apparition,40559,1005,88,96
apparition,40560,390,49,48
apparition,40561,897,76,96
apparition,40562,1440,120,96
apparition,40563,2355,120,192
apparition,40564,1236,113,96
apparition,40565,2454,112,192
apparition,40566,1029,86,96
apparition,40567,729,89,48
apparition,40568,366,47,48
apparition,40569,1845,115,96
apparition,40570,1182,101,96
apparition,40571,495,62,48
apparition,40572,510,70,48
apparition,40573,2337,112,192
apparition,40574,2394,130,192
apparition,40575,648,74,48
apparition,40576,1188,108,96
apparition,40577,1113,92,96
apparition,40578,846,69,96
apparition,40579,906,79,96
apparition,40580,546,72,48
apparition,40581,324,42,48
apparition,40582,306,51,24
apparition,40583,411,56,48
apparition,40584,2730,139,192
apparition,40585,1089,85,96
apparition,40586,459,61,48
apparition,40587,1146,96,96
apparition,40588,2637,127,192
apparition,40589,483,66,48
apparition,40590,3327,181,192
apparition,40591,1284,108,96
apparition,40592,960,84,96
apparition,40593,1086,93,96
apparition,40594,1164,95,96
apparition,40595,2976,157,192
apparition,40596,255,46,24
apparition,40597,1122,98,96
apparition,40598,948,84,96
apparition,40599,537,68,48
apparition,40600,483,63,48
apparition,40601,435,58,48
apparition,40602,1206,110,96
apparition,40603,2727,147,192
apparition,40604,1143,99,96
apparition,40605,1329,110,96
apparition,40606,1176,111,96
apparition,40607,324,44,48
apparition,40608,414,55,48
apparition,40609,1476,138,96
apparition,40610,474,59,48
apparition,40611,1188,108,96
apparition,40612,420,58,48
apparition,40613,177,35,24
apparition,40614,3309,181,192
apparition,40615,348,46,48
apparition,40616,192,37,24
apparition,40617,486,62,48
apparition,40618,660,77,48
apparition,40619,972,88,96
apparition,40620,3090,163,192
apparition,40621,438,61,48
apparition,40622,459,65,48
apparition,40623,1425,126,96
apparition,40624,648,74,48
apparition,40625,795,94,48
apparition,40626,576,61,48
apparition,40627,1242,107,96
apparition,40628,1197,94,96
apparition,40629,111,26,12
apparition,40630,2685,135,192
apparition,40631,1146,92,96
apparition,40632,729,83,48
apparition,40633,486,62,48
apparition,40634,867,89,48
apparition,40635,969,90,96
apparition,40636,432,60,48
apparition,40637,2745,139,192
apparition,40638,528,69,48
apparition,40639,384,48,48
apparition,40640,921,81,96
apparition,40641,1317,128,96
apparition,40642,1107,92,96
apparition,40643,735,81,48
apparition,40644,888,72,96
apparition,40645,1719,136,96
apparition,40646,2265,110,192
apparition,40647,1101,94,96
apparition,40648,8292,221,384
apparition,40649,1332,112,96
apparition,40650,1002,94,96
apparition,40651,3294,161,192
apparition,40652,1296,105,96
apparition,40653,1017,86,96
apparition,40654,396,54,48
apparition,40655,840,72,96
apparition,40656,1182,107,96
apparition,40657,834,68,96
apparition,40658,3153,162,192
apparition,40659,492,67,48
apparition,40660,426,55,48
apparition,40661,1146,101,96
apparition,40662,921,81,96
apparition,40663,1269,110,96
apparition,40664,477,60,48
apparition,40665,1656,107,96
apparition,40666,720,86,48
apparition,40667,585,69,48
apparition,40668,705,79,48
apparition,40669,1221,104,96
apparition,40670,1116,94,96
apparition,40671,1365,120,96
apparition,40672,1380,119,96
apparition,40673,2622,149,192
apparition,40674,1179,93,96
apparition,40675,498,65,48
apparition,40676,1077,85,96
apparition,40677,651,77,48
apparition,40678,528,69,48
apparition,40679,2754,142,192
apparition,40680,1137,101,96
apparition,40681,3108,153,192
apparition,40682,3135,154,192
apparition,40683,1350,121,96
apparition,40684,471,64,48
apparition,40685,1116,90,96
apparition,40686,2451,114,192
apparition,40687,1182,98,96
apparition,40688,2769,151,192
apparition,40689,450,62,48
apparition,40690,1008,90,96
apparition,40691,1104,83,96
apparition,40692,3213,161,192
apparition,40693,651,75,48
apparition,40694,510,64,48
apparition,40695,1305,116,96
apparition,40696,2529,139,192
apparition,40697,726,84,48
apparition,40698,2574,141,192
apparition,40699,447,57,48
apparition,40700,1209,110,96
apparition,40701,1269,105,96
apparition,40702,3108,164,192
apparition,40703,2760,153,192
apparition,40704,2643,129,192
apparition,40705,1089,86,96
apparition,40706,678,80,48
apparition,40707,162,33,24
apparition,40708,693,77,48
apparition,40709,732,80,48
apparition,40710,135,26,24
apparition,40711,1140,94,96
apparition,40712,2925,143,192
apparition,40713,432,56,48
apparition,40714,1416,119,96
apparition,40715,3297,165,192
apparition,40716,1161,102,96
apparition,40717,1137,101,96
apparition,40718,3180,173,192
apparition,40719,1188,97,96
apparition,40720,399,53,48
apparition,40721,2550,124,192
apparition,40722,828,97,48
apparition,40723,3141,154,192
apparition,40724,2598,143,192
apparition,40725,2631,140,192
apparition,40726,1047,83,96
apparition,40727,1143,100,96
apparition,40728,657,80,48
apparition,40729,1431,121,96
apparition,40730,2349,116,192
apparition,40731,972,86,96
apparition,40732,1005,94,96
apparition,40733,165,32,24
apparition,40734,1173,96,96
apparition,40735,1188,107,96
apparition,40736,522,65,48
apparition,40737,486,64,48
apparition,40738,930,79,96
apparition,40739,2652,152,192
apparition,40740,900,79,96
apparition,40741,627,65,48
apparition,40742,240,42,24
apparition,40743,408,55,48
apparition,40744,1164,90,96
apparition,40745,858,72,96
apparition,40746,3366,164,192
apparition,40747,1242,111,96
apparition,40748,687,81,48
apparition,40749,1281,98,96
apparition,40750,1221,105,96
apparition,40751,1002,91,96
apparition,40752,381,47,48
apparition,40753,2805,165,192
apparition,40754,1050,80,96
apparition,40755,456,59,48
apparition,40756,3507,192,192
apparition,40757,1140,93,96
apparition,40758,1182,97,96
apparition,40759,3705,191,192
apparition,40760,2646,142,192
apparition,40761,171,34,24
apparition,40762,456,54,48
apparition,40763,1071,93,96
apparition,40764,2571,123,192
apparition,40765,2535,105,192
apparition,40766,1356,113,96
apparition,40767,3360,173,192
apparition,40768,1389,108,96
apparition,40769,498,63,48
apparition,40770,1164,98,96
apparition,40771,1071,78,96
apparition,40772,1146,99,96
apparition,40773,1086,94,96
apparition,40774,2907,147,192
apparition,40775,585,68,48
apparition,40776,852,73,96
apparition,40777,2301,111,192
apparition,40778,1197,102,96
apparition,40779,1404,122,96
apparition,40780,3138,153,192
apparition,40781,1386,111,96
apparition,40782,1932,137,96
apparition,40783,1080,90,96
apparition,40784,435,59,48
apparition,40785,999,87,96
apparition,40786,1950,128,96
apparition,40787,927,76,96
apparition,40788,7743,229,384
apparition,40789,960,82,96
apparition,40790,798,62,96
apparition,40791,1188,100,96
apparition,40792,2787,153,192
apparition,40793,1017,79,96
apparition,40794,939,82,96
apparition,40795,954,85,96
apparition,40796,462,66,48
apparition,40797,2331,115,192
apparition,40798,327,42,48
apparition,40799,1092,93,96
apparition,40800,3159,130,192
apparition,40801,111,26,12
apparition,40802,1083,84,96
apparition,40803,654,75,48
apparition,40804,909,79,96
apparition,40805,402,48,48
apparition,40806,438,54,48
apparition,40807,1557,106,96
apparition,40808,1146,97,96
apparition,40809,744,92,48
apparition,40810,654,76,48
apparition,40811,1137,98,96
apparition,40812,408,53,48
apparition,40813,813,103,48
apparition,40814,2463,134,192
apparition,40815,651,73,48
apparition,40816,372,46,48
apparition,40817,2916,173,192
apparition,40818,363,47,48
apparition,40819,1242,110,96
apparition,40820,261,46,24
apparition,40821,627,70,48
apparition,40822,396,50,48
apparition,40823,1116,97,96
apparition,40824,573,62,48
apparition,40825,2574,132,192
apparition,40826,3537,184,192
apparition,40827,1167,95,96
apparition,40828,1296,112,96
apparition,40829,1164,100,96
apparition,40830,381,46,48
apparition,40831,405,53,48
apparition,40832,2520,129,192
apparition,40833,894,80,96
apparition,40834,246,43,24
apparition,40835,1116,93,96
apparition,40836,1734,129,96
apparition,40837,954,82,96
apparition,40838,972,90,96
apparition,40839,411,50,48
apparition,40840,1656,120,96
apparition,40841,1137,93,96
apparition,40842,2676,153,192
apparition,40843,222,39,24
apparition,40844,951,89,96
apparition,40845,795,95,48
apparition,40846,1269,110,96
apparition,40847,3078,158,192
apparition,40848,1239,109,96
apparition,40849,1815,128,96
apparition,40850,6798,196,384
apparition,40851,1092,95,96
apparition,40852,3027,124,192
apparition,40853,3207,173,192
apparition,40854,2523,122,192
apparition,40855,327,45,48
apparition,40856,417,57,48
apparition,40857,1155,100,96
apparition,40858,3216,169,192
apparition,40859,3300,154,192
apparition,40860,1167,105,96
apparition,40861,399,51,48
apparition,40862,1083,93,96
apparition,40863,1281,107,96
apparition,40864,1137,98,96
apparition,40865,1146,93,96
apparition,40866,1047,89,96
apparition,40867,2652,137,192
apparition,40868,918,82,96
apparition,40869,2682,137,192
apparition,40870,1164,98,96
apparition,40871,1911,141,96
apparition,40872,465,59,48
apparition,40873,498,66,48
apparition,40874,960,89,96
apparition,40875,2766,144,192
apparition,40876,3894,202,192
apparition,40877,1053,83,96
apparition,40878,978,85,96
apparition,40879,240,41,24
apparition,40880,1836,131,96
apparition,40881,558,68,48
apparition,40882,621,67,48
apparition,40883,918,76,96
apparition,40884,924,80,96
apparition,40885,1056,80,96
apparition,40886,1110,95,96
apparition,40887,1275,111,96
apparition,40888,996,88,96
apparition,40889,402,54,48
apparition,40890,2595,130,192
apparition,40891,2733,154,192
apparition,40892,3564,206,192
apparition,40893,255,46,24
apparition,40894,3354,180,192
apparition,40895,489,63,48
apparition,40896,2673,142,192
apparition,40897,1368,120,96
apparition,40898,1212,94,96
apparition,40899,882,74,96
apparition,40900,984,83,96
apparition,40901,459,59,48
apparition,40902,2412,125,192
apparition,40903,1386,112,96
apparition,40904,2862,147,192
apparition,40905,2850,158,192
apparition,40906,1146,98,96
apparition,40907,1113,94,96
apparition,40908,945,83,96
apparition,40909,573,74,48
apparition,40910,1395,117,96
apparition,40911,405,55,48
apparition,40912,4104,195,192
apparition,40913,570,74,48
apparition,40914,1302,102,96
apparition,40915,2433,135,192
apparition,40916,1179,106,96
apparition,40917,1251,103,96
apparition,40918,2826,131,192
apparition,40919,3153,162,192
apparition,40920,489,65,48
apparition,40921,1137,95,96
apparition,40922,1170,105,96
apparition,40923,1092,90,96
apparition,40924,7752,236,384
apparition,40925,594,69,48
apparition,40926,1206,100,96
apparition,40927,1863,142,96
apparition,40928,3078,150,192
apparition,40929,669,81,48
apparition,40930,1140,89,96
apparition,40931,1707,125,96
apparition,40932,2430,129,192
apparition,40933,3153,161,192
apparition,40934,2619,151,192
apparition,40935,648,76,48
apparition,40936,3390,186,192
apparition,40937,633,73,48
apparition,40938,2625,131,192
apparition,40939,933,82,96
apparition,40940,477,65,48
apparition,40941,492,64,48
apparition,40942,1164,96,96
apparition,40943,918,82,96
apparition,40944,2847,149,192
apparition,40945,408,54,48
apparition,40946,1230,96,96
apparition,40947,375,48,48
apparition,40948,1134,94,96
apparition,40949,1071,87,96
apparition,40950,2589,135,192
apparition,40951,504,68,48
apparition,40952,702,76,48
apparition,40953,2664,150,192
apparition,40954,1272,104,96
apparition,40955,438,56,48
apparition,40956,1137,101,96
apparition,40957,225,44,24
apparition,40958,3450,177,192
apparition,40959,330,46,48
apparition,40960,1422,118,96
apparition,40961,1371,116,96
apparition,40962,1218,107,96
apparition,40963,2577,128,192
apparition,40964,1680,124,96
apparition,40965,456,62,48
apparition,40966,393,51,48
apparition,40967,1155,102,96
apparition,40968,1236,110,96
apparition,40969,2688,141,192
apparition,40970,3195,181,192
apparition,40971,3330,188,192
apparition,40972,1050,88,96
apparition,40973,3846,188,192
apparition,40974,966,83,96
apparition,40975,459,58,48
apparition,40976,1209,105,96
apparition,40977,879,77,96
apparition,40978,2652,125,192
apparition,40979,3063,136,192
apparition,40980,1173,103,96
apparition,40981,450,56,48
apparition,40982,423,60,48
apparition,40983,1056,81,96
apparition,40984,1161,98,96
apparition,40985,645,69,48
apparition,40986,1014,83,96
apparition,40987,918,81,96
apparition,40988,1161,101,96
apparition,40989,3387,192,192
apparition,40990,486,66,48
apparition,40991,1998,149,96
apparition,40992,2523,129,192
apparition,40993,180,36,24
apparition,40994,963,85,96
apparition,40995,1140,99,96
apparition,40996,6873,204,384
apparition,40997,1161,105,96
apparition,40998,477,60,48
apparition,40999,981,82,96
