steps,updates,seconds,steps_per_second,train_score_mean,train_episodes,value_loss,policy_loss,entropy_loss,approx_kl,explained_variance,invalid_rate,invalid_rate_recent,curriculum_fraction_recent,learning_rate,eval_mean,eval_median,eval_max,eval_games,eval_384,eval_3072,eval_6144,eval_truncated,gpu_memory_mb
8192,1,1.916,4276.5,220.44,119,2.0778339877724648,-0.00023415923351421952,-1.382644183933735,0.006738333031535149,0.00018286705017089844,0.1170654296875,0.1170654296875,0.08544921875,0.0003,445.59,420.0,1401,100,0.0,0.0,0.0,0,637.3
16384,2,4.542,3607.2,293.34,322,2.3229755461215973,-0.0013114983157720417,-1.3725098818540573,0.009870515204966068,0.009448051452636719,0.1258544921875,0.1346435546875,0.3736572265625,0.0003,,,,,,,,,772.9
24576,3,6.603,3722.2,297.63,505,2.562929153442383,-0.001190929557196796,-1.3804722353816032,0.004558848217129707,0.27568405866622925,0.13370768229166666,0.1494140625,0.427978515625,0.0003,,,,,,,,,772.9
32768,4,8.504,3853.1,275.34,696,2.609568700194359,8.349258860107511e-05,-1.3695263713598251,0.005379875190556049,0.35647833347320557,0.13397216796875,0.134765625,0.398193359375,0.0003,,,,,,,,,772.9
40960,5,10.41,3934.5,295.89,899,2.3176667615771294,3.0987095669843256e-05,-1.3742262125015259,0.0049731009639799595,0.4360525608062744,0.1378662109375,0.1534423828125,0.4326171875,0.0003,,,,,,,,,772.9
49152,6,12.366,3974.7,283.11,1089,2.411478117108345,-0.0006098871672293171,-1.368135005235672,0.0051657529547810555,0.4653218984603882,0.14103190104166666,0.1568603515625,0.423828125,0.0003,,,,,,,,,772.9
57344,7,14.365,3992.0,305.64,1292,2.287817247211933,-0.0005833690229337662,-1.371000587940216,0.005475766956806183,0.4283748269081116,0.14303152901785715,0.155029296875,0.4210205078125,0.0003,,,,,,,,,772.9
65536,8,16.276,4026.4,262.59,1484,1.7214605286717415,-0.0005589711799984798,-1.3561616390943527,0.008227795362472534,0.5618343949317932,0.1427154541015625,0.1405029296875,0.415771484375,0.0003,,,,,,,,,772.9
73728,9,18.153,4061.5,288.87,1680,1.71748136729002,-0.0013937150652054697,-1.3574167340993881,0.011272336356341839,0.6497423648834229,0.14383951822916666,0.15283203125,0.4166259765625,0.0003,,,,,,,,,772.9
81920,10,20.204,4054.6,283.56,1874,2.1235440745949745,-0.0008673413249198347,-1.3258519917726517,0.008132104761898518,0.6491217613220215,0.1440673828125,0.1461181640625,0.4306640625,0.0003,,,,,,,,,785.8
90112,11,22.162,4066.1,331.05,2068,1.781849853694439,0.00039207038935273886,-1.3205543234944344,0.005891560576856136,0.6734591722488403,0.14501953125,0.154541015625,0.3651123046875,0.0003,,,,,,,,,785.8
98304,12,24.107,4077.9,290.52,2267,1.697328545153141,-0.0001039386261254549,-1.277209311723709,0.0040248907171189785,0.6752617359161377,0.14593505859375,0.156005859375,0.38623046875,0.0003,,,,,,,,,785.8
106496,13,26.041,4089.6,276.63,2454,1.476069912314415,-0.002330131464987062,-1.2870335206389427,0.008690821006894112,0.6955415606498718,0.14671912560096154,0.1561279296875,0.38232421875,0.0003,,,,,,,,,785.8
114688,14,27.956,4102.4,293.49,2661,1.7097640112042427,-9.697779023554176e-05,-1.2898114547133446,0.009415309876203537,0.6663147807121277,0.14699009486607142,0.1505126953125,0.385009765625,0.0003,,,,,,,,,785.8
122880,15,29.965,4100.7,312.15,2847,1.9369403421878815,-0.00010364566696807742,-1.2405929639935493,0.01866212487220764,0.6867634057998657,0.15008138020833334,0.193359375,0.3851318359375,0.0003,,,,,,,,,785.8
131072,16,31.906,4108.0,330.84,3023,1.9706281051039696,-0.00011021857790183276,-1.1886294707655907,0.008523780852556229,0.6923031806945801,0.1530303955078125,0.197265625,0.3719482421875,0.0003,,,,,,,,,785.8
139264,17,33.711,4131.1,329.94,3191,2.0326530635356903,-0.0016465326771140099,-1.1514534205198288,0.004285769537091255,0.65770024061203,0.15594841452205882,0.20263671875,0.3193359375,0.0003,,,,,,,,,785.8
147456,18,35.625,4139.2,351.27,3367,1.854957990348339,8.699906175024807e-05,-1.1597816124558449,0.012384680099785328,0.6677848100662231,0.1581353081597222,0.1953125,0.404052734375,0.0003,,,,,,,,,785.8
155648,19,37.417,4159.8,330.09,3540,1.632301889359951,0.00042696566379163414,-1.1513320058584213,0.006633336655795574,0.6982560157775879,0.15956517269736842,0.185302734375,0.3494873046875,0.0003,,,,,,,,,785.8
163840,20,39.215,4178.0,340.62,3714,2.146176651120186,-0.000148797407746315,-1.116507776081562,0.006607187911868095,0.616908848285675,0.16260986328125,0.220458984375,0.35986328125,0.0003,,,,,,,,,785.8
172032,21,41.103,4185.4,335.4,3877,1.8054353296756744,0.00041376890294486657,-1.121349886059761,0.007538898847997189,0.6215114593505859,0.16545177641369047,0.2222900390625,0.3717041015625,0.0003,,,,,,,,,785.8
180224,22,42.977,4193.5,306.57,4043,2.1117598861455917,0.0013797766296193004,-1.0863059610128403,0.010092217475175858,0.575433611869812,0.16834605823863635,0.2291259765625,0.4000244140625,0.0003,,,,,,,,,785.8
188416,23,44.82,4203.8,378.39,4192,2.1010836586356163,0.0016440996987512335,-1.096751295030117,0.015241827815771103,0.5235018730163574,0.1713814113451087,0.2381591796875,0.3631591796875,0.0003,,,,,,,,,785.8
196608,24,46.637,4215.7,424.62,4349,1.9103074446320534,0.0001274471724173054,-1.0694964230060577,0.01069908682256937,0.559237539768219,0.17423502604166666,0.2398681640625,0.404541015625,0.0003,,,,,,,,,785.8
204800,25,48.35,4235.8,377.04,4492,2.232776202261448,0.00017648248467594385,-1.0969925373792648,0.0069929929450154305,0.5788193941116333,0.1767138671875,0.2362060546875,0.36328125,0.0003,,,,,,,,,785.8
212992,26,50.117,4249.9,436.5,4643,1.9735654294490814,-0.0016289588093059137,-1.0856307744979858,0.012194091454148293,0.6116594076156616,0.17850905198317307,0.223388671875,0.330078125,0.0003,,,,,,,,,785.8
221184,27,52.038,4250.4,366.96,4808,2.028504766523838,0.000336556724505499,-1.1027824357151985,0.007044899743050337,0.6273601055145264,0.1803882740162037,0.229248046875,0.41259765625,0.0003,,,,,,,,,785.8
229376,28,53.838,4260.5,332.25,4962,1.7416063770651817,-3.674234903883189e-05,-1.0272411927580833,0.011595021933317184,0.7053546905517578,0.18256051199776785,0.2412109375,0.442626953125,0.0003,,,,,,,,,785.8
237568,29,55.79,4258.2,320.22,5123,1.8722021952271461,-0.0004979385703336447,-1.0481688529253006,0.006714995019137859,0.7015138864517212,0.1846418709590517,0.242919921875,0.4078369140625,0.0003,,,,,,,,,785.8
245760,30,57.494,4274.5,332.16,5261,2.02582298964262,0.00103123982262332,-1.0450446382164955,0.007932150736451149,0.6189546585083008,0.18681233723958332,0.249755859375,0.3546142578125,0.0003,,,,,,,,,785.8
253952,31,59.234,4287.2,335.19,5416,2.235314480960369,-0.0009461481386097148,-1.0134605094790459,0.005212390795350075,0.5446415543556213,0.18921685987903225,0.2613525390625,0.4261474609375,0.0003,,,,,,,,,785.8
262144,32,61.08,4291.8,396.93,5559,2.4174055978655815,6.811053026467562e-05,-0.9801880642771721,0.015389665961265564,0.6237834692001343,0.19248580932617188,0.2938232421875,0.430419921875,0.0003,,,,,,,,,785.8
270336,33,62.74,4308.8,371.43,5689,2.1909163296222687,0.0008365792746189982,-0.9571822509169579,0.008728263899683952,0.6575765609741211,0.19701408617424243,0.3419189453125,0.4091796875,0.0003,,,,,,,,,785.8
278528,34,64.529,4316.3,378.99,5824,2.3751893788576126,0.001593795808730647,-0.9522394873201847,0.008772233501076698,0.62724769115448,0.20039995978860295,0.3121337890625,0.453857421875,0.0003,,,,,,,,,785.8
286720,35,66.321,4323.2,377.4,5963,1.9944168627262115,0.00037032020918559283,-0.9954881444573402,0.003833165392279625,0.6214269399642944,0.20362025669642858,0.3131103515625,0.47509765625,0.0003,,,,,,,,,785.8
294912,36,68.065,4332.8,439.71,6103,2.144639067351818,1.964009425137192e-05,-0.9471891224384308,0.0036809358280152082,0.6494353413581848,0.206329345703125,0.3011474609375,0.400390625,0.0003,,,,,,,,,785.8
303104,37,69.839,4340.1,375.09,6234,2.029054671525955,0.0004991054302081466,-0.9713533334434032,0.00887308456003666,0.6223161220550537,0.2083839210304054,0.2823486328125,0.3704833984375,0.0003,,,,,,,,,785.8
311296,38,71.574,4349.3,418.95,6370,1.833386480808258,-0.00015239170170389116,-0.9856808930635452,0.01298444252461195,0.6360536217689514,0.21133583470394737,0.320556640625,0.393798828125,0.0003,,,,,,,,,785.8
319488,39,73.205,4364.3,419.55,6492,2.0092186257243156,0.0005136325344210491,-0.9800501205027103,0.012477636337280273,0.6028366684913635,0.21433042868589744,0.328125,0.4342041015625,0.0003,,,,,,,,,785.8
327680,40,74.933,4373.0,417.0,6628,2.210920922458172,-0.0004259753186488524,-0.9928502812981606,0.008542472496628761,0.5955780744552612,0.2161834716796875,0.2884521484375,0.43017578125,0.0003,,,,,,,,,785.8
335872,41,76.792,4373.8,446.97,6772,1.7202359959483147,0.0013787244679406285,-1.015765979886055,0.006109084002673626,0.6736158132553101,0.21736256669207318,0.2645263671875,0.447265625,0.0003,,,,,,,,,785.8
344064,42,78.585,4378.2,405.9,6923,2.1573150008916855,-0.0019249455363024026,-1.0289906561374664,0.008579209446907043,0.6479093432426453,0.21857852027529762,0.2684326171875,0.3759765625,0.0003,,,,,,,,,785.8
352256,43,80.241,4390.0,380.31,7063,2.123605467379093,-0.0004929721762891859,-0.999509759247303,0.004597850143909454,0.643329918384552,0.21983443859011628,0.2725830078125,0.377685546875,0.0003,,,,,,,,,785.8
360448,44,81.906,4400.8,385.5,7205,2.0855559185147285,0.0025335969257866964,-0.9697659946978092,0.010179445147514343,0.6430666446685791,0.22138283469460227,0.2879638671875,0.364501953125,0.0003,,,,,,,,,785.8
368640,45,83.79,4399.5,437.97,7340,1.8305445685982704,0.0016705618618289009,-1.0193681754171848,0.009046955965459347,0.6113342046737671,0.22256401909722223,0.2745361328125,0.4356689453125,0.0003,,,,,,,,,785.8
376832,46,85.886,4387.6,435.45,7492,1.731773354113102,0.0013857004378223792,-1.0638243183493614,0.011857176199555397,0.622495174407959,0.2238212253736413,0.2803955078125,0.4207763671875,0.0003,,,,,,,,,785.8
385024,47,87.726,4388.9,363.27,7645,1.763317883014679,0.0022805119515396655,-1.0224813371896744,0.010001487098634243,0.6840478777885437,0.2247132646276596,0.2657470703125,0.39697265625,0.0003,,,,,,,,,785.8
393216,48,89.476,4394.7,359.49,7784,1.8340514153242111,-3.001582808792591e-05,-1.0160249285399914,0.004417604301124811,0.6214995384216309,0.22584025065104166,0.27880859375,0.4287109375,0.0003,,,,,,,,,785.8
401408,49,91.288,4397.1,407.46,7939,1.7115327268838882,0.00028077667229808867,-1.0539767444133759,0.010434960946440697,0.666620135307312,0.2265948860012755,0.2628173828125,0.45458984375,0.0003,,,,,,,,,785.8
409600,50,92.895,4409.3,364.17,8073,1.8987267091870308,-0.00045832043542759493,-1.0074771791696548,0.00860455073416233,0.6260874271392822,0.22776123046875,0.284912109375,0.43212890625,0.0003,,,,,,,,,785.8
417792,51,94.547,4418.9,351.9,8208,2.3124080151319504,0.00022421168978326023,-0.9992622993886471,0.0139319384470582,0.5621030330657959,0.22875497855392157,0.2784423828125,0.39208984375,0.0003,,,,,,,,,785.8
425984,52,96.247,4425.9,446.22,8346,1.9361583888530731,0.0032490671146661043,-1.024179719388485,0.008051707409322262,0.6483662128448486,0.22959782527043268,0.2725830078125,0.369873046875,0.0003,,,,,,,,,785.8
434176,53,97.988,4430.9,384.96,8497,1.820567011833191,0.00041307567153126,-1.0514379143714905,0.009200263768434525,0.6113800406455994,0.2301693322523585,0.2598876953125,0.3692626953125,0.0003,,,,,,,,,785.8
442368,54,99.775,4433.7,373.92,8648,1.7309643402695656,0.0004193478380329907,-1.0388666354119778,0.008189518935978413,0.6347054243087769,0.23060664424189814,0.2537841796875,0.4171142578125,0.0003,,,,,,,,,785.8
450560,55,101.524,4438.0,373.5,8808,1.8984481766819954,0.0003082343755522743,-1.0469037219882011,0.005704328417778015,0.6253221035003662,0.23095703125,0.2498779296875,0.439208984375,0.0003,,,,,,,,,785.8
458752,56,103.305,4440.7,369.12,8981,1.5892480984330177,-0.001100445253541693,-1.0735775455832481,0.01069064624607563,0.6067038774490356,0.23081098284040177,0.2227783203125,0.442626953125,0.0003,,,,,,,,,785.8
466944,57,105.04,4445.4,325.86,9137,1.5625874549150467,-0.001332078973064199,-1.067437894642353,0.011615393683314323,0.6118157505989075,0.23048159950657895,0.2120361328125,0.3499755859375,0.0003,,,,,,,,,785.8
475136,58,106.745,4451.1,317.91,9292,1.7896213307976723,0.0006886608025524765,-1.0552297085523605,0.008769221603870392,0.5586718320846558,0.23050452922952586,0.2318115234375,0.41357421875,0.0003,,,,,,,,,785.8
483328,59,108.421,4457.9,390.39,9434,1.588874638080597,0.0011122335563413799,-1.00109001994133,0.017709344625473022,0.613455057144165,0.23172048795021186,0.30224609375,0.4119873046875,0.0003,,,,,,,,,785.8
491520,60,110.107,4464.0,377.43,9570,1.6744844391942024,-1.855072332546115e-05,-1.0352873764932156,0.014205596409738064,0.5960574746131897,0.232171630859375,0.2587890625,0.4110107421875,0.0003,,,,,,,,,785.8
499712,61,111.907,4465.4,374.22,9738,1.7982872128486633,-0.00285585098026786,-1.0342684164643288,0.011248929426074028,0.6109194159507751,0.2323738473360656,0.2445068359375,0.429931640625,0.0003,,,,,,,,,785.8
507904,62,113.609,4470.6,328.8,9886,1.749729722738266,0.00014351538266055286,-1.040939599275589,0.013285873457789421,0.6252094507217407,0.23264042023689516,0.2489013671875,0.3863525390625,0.0003,,,,,,,,,785.8
516096,63,115.387,4472.8,402.66,10035,1.7359474077820778,-0.0018786706496030092,-1.0368976145982742,0.008427098393440247,0.6177593469619751,0.23309423053075398,0.26123046875,0.3992919921875,0.0003,467.34,342.0,2892,100,0.0,0.0,0.0,0,785.8
524288,64,117.741,4452.9,423.87,10177,2.034360572695732,0.0005658262671204284,-0.9955332688987255,0.004838916938751936,0.6391587257385254,0.23388290405273438,0.2835693359375,0.3729248046875,0.0003,,,,,,,,,785.8
532480,65,119.443,4458.0,379.23,10313,2.109250918030739,0.002551785422838293,-0.9702999889850616,0.010692847892642021,0.6203681230545044,0.23448768028846154,0.273193359375,0.421875,0.0003,,,,,,,,,785.8
540672,66,121.233,4459.8,417.81,10459,1.8468997478485107,0.002543837792472914,-0.94033307954669,0.013397214002907276,0.6692045331001282,0.23546808416193182,0.2991943359375,0.38916015625,0.0003,,,,,,,,,785.8
548864,67,122.943,4464.4,403.26,10592,1.7004015818238258,0.0022042643831809983,-0.9785890430212021,0.008863996714353561,0.6863354444503784,0.23686377681902984,0.3289794921875,0.4217529296875,0.0003,,,,,,,,,785.8
557056,68,124.642,4469.3,360.93,10725,1.924747459590435,0.00020868360297754407,-0.9600232802331448,0.009908657521009445,0.5988592505455017,0.23765653722426472,0.290771484375,0.479736328125,0.0003,,,,,,,,,785.8
565248,69,126.395,4472.1,407.55,10871,2.0053861886262894,0.004653738695196807,-0.985358577221632,0.011698829010128975,0.6285580992698669,0.2382989413496377,0.281982421875,0.4765625,0.0003,,,,,,,,,785.8
573440,70,128.059,4477.9,414.72,11007,1.730296328663826,0.0009207234834320843,-0.9383802823722363,0.016110405325889587,0.6548733711242676,0.2391636439732143,0.298828125,0.44140625,0.0003,,,,,,,,,785.8
581632,71,129.799,4481.0,369.3,11149,2.005076229572296,-3.420069697313011e-05,-0.968763455748558,0.013585705310106277,0.6549771428108215,0.23987160266285212,0.2894287109375,0.37890625,0.0003,,,,,,,,,785.8
589824,72,131.345,4490.7,373.71,11267,1.7123950347304344,0.0006291087192948908,-0.9390098601579666,0.012102493084967136,0.690997838973999,0.24142625596788195,0.351806640625,0.41015625,0.0003,,,,,,,,,785.8
598016,73,133.113,4492.6,430.23,11404,1.7868247851729393,-0.00034727301681414247,-0.9539754278957844,0.006228448823094368,0.6691442728042603,0.24254869434931506,0.3233642578125,0.414306640625,0.0003,,,,,,,,,785.8
606208,74,134.79,4497.4,410.82,11536,2.131711594760418,-0.0012504103942774236,-0.9332047663629055,0.014527697116136551,0.6440849900245667,0.24376946526604729,0.3328857421875,0.4478759765625,0.0003,,,,,,,,,785.8
614400,75,136.402,4504.3,392.4,11663,1.8825073391199112,0.003930730483261868,-0.9164352752268314,0.0234106183052063,0.6651890277862549,0.24501790364583334,0.33740234375,0.40771484375,0.0003,,,,,,,,,785.8
622592,76,137.986,4512.0,379.23,11781,1.7470452785491943,-0.0005181078886380419,-0.9075946062803268,0.010378893464803696,0.6901769638061523,0.24643265573601975,0.3525390625,0.3626708984375,0.0003,,,,,,,,,785.8
630784,77,139.672,4516.2,456.75,11915,1.8726986348628998,-1.1304058716632426e-05,-0.9629671573638916,0.009298090822994709,0.6910454034805298,0.24732555042613635,0.315185546875,0.3592529296875,0.0003,,,,,,,,,785.8
638976,78,141.333,4521.1,417.96,12045,1.949099063873291,-0.0006683242390863597,-0.9302133433520794,0.004348251968622208,0.6932426691055298,0.24785437950721154,0.28857421875,0.3746337890625,0.0003,,,,,,,,,785.8
647168,79,143.073,4523.3,461.07,12188,1.7383075505495071,0.0012608701945282519,-0.9659323170781136,0.009164426475763321,0.6388506889343262,0.24840072438686708,0.291015625,0.3963623046875,0.0003,,,,,,,,,785.8
655360,80,144.76,4527.2,414.42,12322,1.6038957834243774,-0.0008856812928570434,-0.9974721930921078,0.005637211725115776,0.7154384851455688,0.24889678955078126,0.2880859375,0.4483642578125,0.0003,,,,,,,,,785.8
663552,81,146.549,4527.8,395.67,12473,1.92950639128685,-0.0005208494258113205,-0.9563694037497044,0.00849134661257267,0.6319679021835327,0.24945143711419754,0.2938232421875,0.4195556640625,0.0003,,,,,,,,,785.8
671744,82,148.212,4532.3,378.18,12597,1.6844245418906212,0.000497887798701413,-0.9582899138331413,0.008442346006631851,0.6681151390075684,0.2502292540015244,0.313232421875,0.3900146484375,0.0003,,,,,,,,,785.8
679936,83,149.886,4536.4,406.29,12734,1.8692890033125877,0.0015721583040431142,-0.9461986273527145,0.007928564213216305,0.6663834452629089,0.25093685288027107,0.3089599609375,0.4019775390625,0.0003,,,,,,,,,785.8
688128,84,151.569,4540.0,390.18,12866,2.0051180198788643,0.001367877863231115,-0.8927200138568878,0.020131584256887436,0.6864972114562988,0.251678466796875,0.313232421875,0.3819580078125,0.0003,,,,,,,,,785.8
696320,85,153.108,4547.9,410.37,12982,2.067624546587467,-0.0005311154818627983,-0.8908017463982105,0.013724615797400475,0.6254695057868958,0.2529181985294118,0.3570556640625,0.37451171875,0.0003,,,,,,,,,785.8
704512,86,154.798,4551.2,442.62,13120,1.9204686135053635,0.003607779130106792,-0.9033480882644653,0.006866087205708027,0.703917384147644,0.25395451035610467,0.342041015625,0.370849609375,0.0003,,,,,,,,,785.8
712704,87,156.359,4558.1,421.32,13240,1.7149166613817215,0.0007832342816982418,-0.9397897645831108,0.013987939804792404,0.6639293432235718,0.2548393161817529,0.3309326171875,0.35693359375,0.0003,,,,,,,,,785.8
720896,88,157.962,4563.7,441.87,13367,1.8468988686800003,0.0025407754292245954,-0.92052998021245,0.019856063649058342,0.6836963295936584,0.25561662153764203,0.3232421875,0.3380126953125,0.0003,,,,,,,,,785.8
729088,89,159.689,4565.7,432.24,13504,1.935274638235569,0.004504484037170187,-0.9446716271340847,0.015802893787622452,0.6536027789115906,0.25577570883075845,0.269775390625,0.4161376953125,0.0003,,,,,,,,,785.8
737280,90,161.363,4569.1,362.01,13640,1.9396438300609589,0.00027303230308461934,-0.9170126244425774,0.009276008233428001,0.6102754473686218,0.25627712673611114,0.3009033203125,0.438232421875,0.0003,,,,,,,,,785.8
745472,91,163.091,4570.9,404.13,13782,1.790744200348854,0.003412726306123659,-0.888961523771286,0.014811036176979542,0.6653552055358887,0.25679837740384615,0.3037109375,0.43408203125,0.0003,,,,,,,,,785.8
753664,92,164.76,4574.3,405.72,13908,1.660425916314125,0.0008678605809109285,-0.906392689794302,0.019214248284697533,0.6356554627418518,0.25783107591711957,0.351806640625,0.427734375,0.0003,,,,,,,,,785.8
761856,93,166.332,4580.3,456.21,14034,1.7680831402540207,0.0010413579002488405,-0.88353556022048,0.021150436252355576,0.6360743045806885,0.2588350029401882,0.3511962890625,0.40380859375,0.0003,,,,,,,,,785.8
770048,94,167.875,4587.0,414.66,14155,1.6964340209960938,-4.656752571463585e-05,-0.893031369894743,0.014045007526874542,0.6765905618667603,0.2596435546875,0.3348388671875,0.34716796875,0.0003,,,,,,,,,785.8
778240,95,169.62,4588.1,380.31,14296,1.694228433072567,0.0018273850582772866,-0.8883821554481983,0.01458385493606329,0.6432182788848877,0.2605378803453947,0.3446044921875,0.3770751953125,0.0003,,,,,,,,,785.8
786432,96,171.249,4592.3,406.41,14419,1.6514591723680496,-0.00130658398848027,-0.8741677477955818,0.01223498210310936,0.6331394910812378,0.2616424560546875,0.3665771484375,0.42041015625,0.0003,,,,,,,,,785.8
794624,97,172.812,4598.2,376.17,14539,1.734810784459114,0.00036273289879318327,-0.8837773911654949,0.0073910667560994625,0.6543765068054199,0.26236559681056704,0.331787109375,0.3773193359375,0.0003,,,,,,,,,785.8
802816,98,174.514,4600.3,419.43,14676,1.737961046397686,0.0012613270519068465,-0.8838950470089912,0.014489445835351944,0.6722686290740967,0.2631375059789541,0.3380126953125,0.39013671875,0.0003,,,,,,,,,785.8
811008,99,176.134,4604.5,408.27,14810,1.6665453687310219,0.0001886628451757133,-0.8493898771703243,0.01043013110756874,0.6878864765167236,0.26416632141729796,0.364990234375,0.394775390625,0.0003,,,,,,,,,785.8
819200,100,177.637,4611.6,396.81,14918,1.7882267460227013,0.001303509168792516,-0.8844048976898193,0.018226511776447296,0.6741545796394348,0.265145263671875,0.362060546875,0.4129638671875,0.0003,,,,,,,,,785.8
827392,101,179.348,4613.3,453.6,15053,1.8291420564055443,0.00156028191850055,-0.8919064961373806,0.013641344383358955,0.7014729976654053,0.26613866220606436,0.365478515625,0.49609375,0.0003,,,,,,,,,785.8
835584,102,180.942,4618.0,421.83,15171,2.0474198907613754,0.0023122225247789174,-0.8763986527919769,0.015503456816077232,0.6437572240829468,0.26699769263174017,0.353759765625,0.453857421875,0.0003,,,,,,,,,785.8
843776,103,182.638,4619.9,385.77,15305,2.1410466209053993,0.0009243121749022976,-0.8934212289750576,0.010067286901175976,0.6485439538955688,0.2677037507584951,0.3397216796875,0.4361572265625,0.0003,,,,,,,,,785.8
851968,104,184.261,4623.7,427.5,15432,1.8425787314772606,0.003449652867857367,-0.929984774440527,0.022763025015592575,0.6851630210876465,0.26832345815805286,0.3321533203125,0.36865234375,0.0003,,,,,,,,,785.8
860160,105,185.973,4625.2,435.51,15574,1.7987287566065788,0.0009019720600917935,-0.9165878891944885,0.015391088090837002,0.688496470451355,0.2686104910714286,0.2984619140625,0.38134765625,0.0003,,,,,,,,,785.8
868352,106,187.309,4635.9,379.26,15709,1.7336190938949585,0.002597929766544929,-0.9376656321378855,0.07033619284629822,0.6889758110046387,0.26882416347287735,0.291259765625,0.3463134765625,0.0003,,,,,,,,,785.8
876544,107,189.016,4637.4,435.57,15849,1.6374069303274155,0.0014048052253201604,-0.9652713015675545,0.010760312899947166,0.7114477753639221,0.26882392669392524,0.268798828125,0.3863525390625,0.0003,,,,,,,,,785.8
884736,108,190.817,4636.6,389.46,16004,1.7716722339391708,-0.00039453107456211,-0.9685394018888474,0.015002619475126266,0.7470805644989014,0.26871970847800924,0.257568359375,0.39697265625,0.0003,,,,,,,,,785.8
892928,109,192.622,4635.6,417.63,16154,1.7337673678994179,0.0012925941409775987,-0.9410946182906628,0.015653077512979507,0.7588728666305542,0.26874955203555045,0.27197265625,0.40087890625,0.0003,,,,,,,,,785.8
901120,110,194.337,4636.9,409.65,16298,1.7318965047597885,-0.000517274223966524,-0.9401519298553467,0.010414734482765198,0.7367622256278992,0.2688143643465909,0.27587890625,0.34619140625,0.0003,,,,,,,,,785.8
909312,111,196.11,4636.8,431.34,16450,1.7661725208163261,0.00289613391214516,-0.925443809479475,0.019313961267471313,0.7094833850860596,0.26876913534628377,0.2637939453125,0.35546875,0.0003,,,,,,,,,785.8
917504,112,197.81,4638.3,398.76,16584,1.6389101669192314,0.005528589419554919,-0.9123184494674206,0.0135486526414752,0.7285898923873901,0.26893833705357145,0.2877197265625,0.3140869140625,0.0003,,,,,,,,,785.8
925696,113,199.517,4639.7,368.46,16725,1.7358359470963478,0.005242185288807377,-0.9251952208578587,0.025329384952783585,0.7111262679100037,0.2692838685702434,0.3079833984375,0.364990234375,0.0003,,,,,,,,,785.8
933888,114,201.271,4640.0,379.32,16872,1.7027099058032036,-0.0006273096951190382,-0.9422659948468208,0.018733983859419823,0.6529432535171509,0.26956872772752194,0.3017578125,0.3935546875,0.0003,,,,,,,,,785.8
942080,115,202.975,4641.4,404.07,17011,1.5551088154315948,0.0019896939920727164,-0.9364757277071476,0.019596900790929794,0.7376798987388611,0.26986561650815216,0.3037109375,0.323486328125,0.0003,,,,,,,,,785.8
950272,116,204.624,4644.0,415.47,17144,1.8248170614242554,0.0017004529072437435,-0.9581581875681877,0.015763256698846817,0.7400528192520142,0.26989956559806033,0.2738037109375,0.291259765625,0.0003,,,,,,,,,785.8
958464,117,206.245,4647.2,447.9,17271,2.0293373614549637,0.003234466668800451,-0.942641731351614,0.01619110256433487,0.6526522636413574,0.270130124866453,0.296875,0.3492431640625,0.0003,,,,,,,,,785.8
966656,118,208.043,4646.4,464.01,17425,1.921182431280613,-0.00047788984375074506,-0.9636935219168663,0.01256726123392582,0.6951852440834045,0.2702129816604873,0.2799072265625,0.4271240234375,0.0003,,,,,,,,,785.8
974848,119,209.823,4646.0,400.17,17569,1.7088047042489052,-0.00019029165559913963,-0.9532817117869854,0.008718215860426426,0.7179447412490845,0.27066168264180673,0.3236083984375,0.406005859375,0.0003,,,,,,,,,785.8
983040,120,211.396,4650.2,445.02,17689,1.5937865227460861,0.00037278252420946956,-0.9695468917489052,0.02080397680401802,0.729023277759552,0.2710469563802083,0.31689453125,0.3629150390625,0.0003,,,,,,,,,785.8
991232,121,213.233,4648.6,424.38,17836,1.8702353984117508,-0.0009721693495521322,-0.967270091176033,0.020051259547472,0.7027737498283386,0.2709587664643595,0.2603759765625,0.3837890625,0.0003,,,,,,,,,785.8
999424,122,214.992,4648.7,366.27,17983,2.027703620493412,-0.0012048864300595596,-0.9820576496422291,0.017950650304555893,0.6936975717544556,0.2708800268954918,0.2613525390625,0.365234375,0.0003,,,,,,,,,785.8
1007616,123,216.722,4649.3,404.91,18128,2.2507219910621643,0.0013731044018641114,-0.9446661807596684,0.018495364114642143,0.7289457321166992,0.2707450060340447,0.2542724609375,0.3704833984375,0.0003,,,,,,,,,785.8
1015808,124,218.406,4651.0,427.65,18270,1.7034216225147247,4.2826024582609534e-05,-0.9173874035477638,0.01780497469007969,0.7741014957427979,0.2711693548387097,0.3233642578125,0.3658447265625,0.0003,,,,,,,,,785.8
1024000,125,220.096,4652.5,389.55,18405,1.9182101413607597,0.0018371357582509518,-0.9333305582404137,0.015978891402482986,0.72489333152771,0.2714716796875,0.3089599609375,0.3663330078125,0.0003,421.14,372.0,1908,100,0.0,0.0,0.0,0,785.8
1032192,126,222.073,4648.0,410.55,18551,1.8366569429636002,-0.0013336821721168235,-0.9882228523492813,0.01041821576654911,0.7139101624488831,0.27152603391617064,0.2783203125,0.4151611328125,0.0003,,,,,,,,,785.8
1040384,127,223.855,4647.6,403.56,18699,1.7254534140229225,0.00029576424276456237,-0.9801784791052341,0.027579432353377342,0.6817702054977417,0.27127099224901574,0.2391357421875,0.3609619140625,0.0003,,,,,,,,,785.8
1048576,128,225.559,4648.8,404.76,18838,1.635486476123333,0.0028004900814266875,-0.9536166973412037,0.01229303702712059,0.6899301409721375,0.2712850570678711,0.2730712890625,0.375732421875,0.0003,,,,,,,,,785.8
1056768,129,227.352,4648.2,422.1,18984,1.5649288296699524,0.0019708158797584474,-0.9698593206703663,0.023030178621411324,0.7119783163070679,0.27145787911821706,0.2935791015625,0.390869140625,0.0003,,,,,,,,,785.8
1064960,130,229.112,4648.2,390.87,19130,1.7560699731111526,0.0002230460668215528,-0.9632174260914326,0.013874184340238571,0.6944757103919983,0.2713829627403846,0.26171875,0.4078369140625,0.0003,,,,,,,,,785.8
1073152,131,230.925,4647.2,385.86,19279,1.5428858771920204,-0.0007457605970557779,-0.9676748104393482,0.013688884675502777,0.7061170339584351,0.27133528148854963,0.26513671875,0.4217529296875,0.0003,,,,,,,,,785.8
1081344,132,232.699,4647.0,415.17,19420,1.6591156497597694,-0.0017462306714151055,-0.97717210277915,0.013961564749479294,0.6647775769233704,0.27140391956676135,0.2803955078125,0.43115234375,0.0003,,,,,,,,,785.8
1089536,133,234.444,4647.3,417.54,19564,1.8928014114499092,-2.6618363335728645e-07,-0.9608832597732544,0.016584452241659164,0.648041844367981,0.2713200848801692,0.26025390625,0.4287109375,0.0003,,,,,,,,,785.8
1097728,134,236.166,4648.1,410.16,19713,1.825548693537712,0.0007297057018149644,-0.9989119917154312,0.018115190789103508,0.6807070970535278,0.2710908348880597,0.2406005859375,0.38330078125,0.0003,,,,,,,,,785.8
1105920,135,237.961,4647.5,454.89,19860,1.918808288872242,0.002884988105506636,-0.9936225824058056,0.012178736738860607,0.6844193935394287,0.270799877025463,0.2318115234375,0.3865966796875,0.0003,,,,,,,,,785.8
1114112,136,239.766,4646.7,421.11,20013,2.044090747833252,0.001749693910824135,-1.009845931082964,0.020715180784463882,0.6545491218566895,0.2703543270335478,0.210205078125,0.3416748046875,0.0003,,,,,,,,,785.8
1122304,137,241.519,4646.9,423.15,20158,2.1478717401623726,0.0006565730291185901,-0.9984418749809265,0.015503374859690666,0.6266550421714783,0.27015140282846717,0.2425537109375,0.425048828125,0.0003,,,,,,,,,785.8
1130496,138,243.334,4645.9,470.25,20313,1.8938863575458527,0.0019107570260530338,-1.0064575262367725,0.011651911772787571,0.695993185043335,0.26990099920742755,0.235595703125,0.4833984375,0.0003,,,,,,,,,785.8
1138688,139,245.15,4644.9,419.97,20471,2.258347876369953,0.002552501595346257,-1.0093924663960934,0.014874766580760479,0.6855011582374573,0.26961204473920863,0.229736328125,0.388671875,0.0003,,,,,,,,,785.8
1146880,140,246.973,4643.8,404.4,20618,1.795141078531742,-0.0030029606423340738,-0.9924614615738392,0.01922447979450226,0.7164512872695923,0.26954432896205355,0.2601318359375,0.4781494140625,0.0003,,,,,,,,,785.8
1155072,141,248.824,4642.1,412.47,20767,2.052342265844345,-0.001064195210346952,-0.9678994342684746,0.015666071325540543,0.6740733981132507,0.2694585272606383,0.2574462890625,0.450439453125,0.0003,,,,,,,,,785.8
1163264,142,250.584,4642.2,397.32,20907,2.008163772523403,0.0010257232206640765,-0.9831347577273846,0.02213236317038536,0.6635657548904419,0.26959228515625,0.2884521484375,0.41064453125,0.0003,,,,,,,,,785.8
1171456,143,252.437,4640.6,447.87,21045,1.8213232308626175,-0.0003359988040756434,-0.9937927722930908,0.012037647888064384,0.723265528678894,0.2696242966018357,0.274169921875,0.408447265625,0.0003,,,,,,,,,785.8
1179648,144,254.269,4639.4,350.97,21185,1.736258216202259,1.925838296301663e-05,-1.0041741617023945,0.023525066673755646,0.666396975517273,0.26966434054904515,0.275390625,0.415283203125,0.0003,,,,,,,,,785.8
1187840,145,256.127,4637.7,376.68,21327,1.7659405618906021,-0.0023376863973680884,-0.9678466022014618,0.014310330152511597,0.717281699180603,0.2698688375538793,0.29931640625,0.4031982421875,0.0003,,,,,,,,,785.8
1196032,146,257.896,4637.6,407.28,21466,2.044346295297146,-0.0008783289231359959,-0.9693587869405746,0.012352452613413334,0.6697871685028076,0.2700563195633562,0.2972412109375,0.39794921875,0.0003,,,,,,,,,785.8
1204224,147,259.953,4632.5,392.76,21622,1.7366578802466393,-0.00013521662913262844,-0.9775263369083405,0.009329305030405521,0.7205386757850647,0.27009011612457484,0.2750244140625,0.401611328125,0.0003,,,,,,,,,785.8
1212416,148,261.633,4634.0,379.95,21746,1.7123198136687279,-0.002502854884369299,-0.9385294131934643,0.01452199462801218,0.7397518754005432,0.27024717588682434,0.2933349609375,0.3773193359375,0.0003,,,,,,,,,785.8
1220608,149,263.462,4633.0,414.69,21889,1.9310302808880806,0.00026604635058902204,-0.9512608572840691,0.009821949526667595,0.6942045092582703,0.2703546101614933,0.2862548828125,0.40380859375,0.0003,,,,,,,,,785.8
1228800,150,265.137,4634.6,352.86,22023,1.8348056375980377,-0.002737496208283119,-0.9335824139416218,0.009802600368857384,0.7181211709976196,0.2705916341145833,0.305908203125,0.4266357421875,0.0003,,,,,,,,,785.8
1236992,151,266.89,4634.8,397.89,22151,1.9645226448774338,0.0004616351507138461,-0.9106087721884251,0.01514376513659954,0.6303412318229675,0.2708457289942053,0.3089599609375,0.395263671875,0.0003,,,,,,,,,785.8
1245184,152,268.483,4637.9,447.72,22273,2.318883776664734,0.0005747252434957772,-0.9387009218335152,0.016955405473709106,0.5895132422447205,0.2710507041529605,0.302001953125,0.3934326171875,0.0003,,,,,,,,,785.8
1253376,153,270.507,4633.4,501.51,22428,2.372168317437172,-0.0008683785708853975,-0.9819223135709763,0.00933527760207653,0.6413047313690186,0.27088519327001637,0.2457275390625,0.4102783203125,0.0003,,,,,,,,,785.8
1261568,154,272.256,4633.8,444.54,22569,1.9870878830552101,-0.0007500922656618059,-0.9693169333040714,0.014887940138578415,0.6237691640853882,0.2706401874492695,0.233154296875,0.409912109375,0.0003,,,,,,,,,785.8
1269760,155,274.042,4633.5,379.65,22718,1.8011754676699638,-0.0024012520007090643,-0.9703819863498211,0.010195274837315083,0.675571084022522,0.2707125756048387,0.2818603515625,0.3912353515625,0.0003,,,,,,,,,785.8
1277952,156,275.886,4632.2,444.87,22863,1.8109668493270874,-0.0007507168920710683,-0.9931151457130909,0.019943207502365112,0.6982948184013367,0.2705093775040064,0.239013671875,0.3822021484375,0.0003,,,,,,,,,785.8
1286144,157,277.778,4630.1,427.47,23011,1.762179471552372,-0.0003258104989072308,-0.9549828357994556,0.015783604234457016,0.7290358543395996,0.27050470242834396,0.269775390625,0.373046875,0.0003,,,,,,,,,785.8
1294336,158,279.54,4630.2,381.66,23145,1.6938959807157516,-0.00041960595990531147,-0.9651336371898651,0.012415173463523388,0.7223523855209351,0.2707264574268196,0.3055419921875,0.3856201171875,0.0003,,,,,,,,,785.8
1302528,159,281.325,4630.0,390.63,23282,1.89630888402462,-0.0018236456962767988,-0.9625177942216396,0.016998467966914177,0.6936407089233398,0.27068439219732704,0.2640380859375,0.3837890625,0.0003,,,,,,,,,785.8
1310720,160,283.339,4626.0,416.52,23429,1.8858389109373093,-0.0017520449619041756,-0.9740867428481579,0.009282839484512806,0.634032130241394,0.27064361572265627,0.26416015625,0.4359130859375,0.0003,,,,,,,,,785.8
1318912,161,285.058,4626.8,440.13,23568,1.9262465089559555,-9.486133058089763e-05,-0.9734734073281288,0.02214864082634449,0.6781433820724487,0.27061092779503104,0.265380859375,0.420166015625,0.0003,,,,,,,,,785.8
1327104,162,286.901,4625.6,371.7,23722,2.083288088440895,0.00047165404248517007,-0.9645874798297882,0.00920088216662407,0.6381796598434448,0.2704942491319444,0.251708984375,0.35595703125,0.0003,,,,,,,,,785.8
1335296,163,288.612,4626.6,371.61,23861,2.0120956897735596,0.00013279511767905205,-0.9729283936321735,0.008307233452796936,0.652778148651123,0.27030411234662577,0.239501953125,0.416259765625,0.0003,,,,,,,,,785.8
1343488,164,290.302,4627.9,500.67,23993,2.038757376372814,-0.0008857889333739877,-0.9422681741416454,0.009984653443098068,0.6980271339416504,0.27024952958269816,0.2613525390625,0.35302734375,0.0003,,,,,,,,,785.8
1351680,165,292.302,4624.3,517.83,24137,2.3534059822559357,-0.0007938488124636933,-0.9412440247833729,0.01656050980091095,0.6908125877380371,0.2702252012310606,0.2662353515625,0.41650390625,0.0003,,,,,,,,,785.8
1359872,166,294.077,4624.2,466.02,24270,2.243034765124321,0.0013239730324130505,-0.9430167004466057,0.014101147651672363,0.7206528782844543,0.2700643884130271,0.2435302734375,0.3232421875,0.0003,,,,,,,,,785.8
1368064,167,296.029,4621.4,440.61,24429,2.149344488978386,-0.0014498158998321742,-0.9793190844357014,0.014467455446720123,0.6816012263298035,0.2699208516560629,0.24609375,0.4549560546875,0.0003,,,,,,,,,785.8
1376256,168,297.863,4620.4,431.94,24566,2.189990818500519,0.00271124838036485,-0.9357595853507519,0.022272363305091858,0.6742755174636841,0.2697637648809524,0.2435302734375,0.3817138671875,0.0003,,,,,,,,,785.8
1384448,169,299.51,4622.4,435.21,24697,1.9556351229548454,8.095093653537333e-05,-0.8795554004609585,0.013198318891227245,0.7015316486358643,0.27019505246856507,0.3426513671875,0.3819580078125,0.0003,,,,,,,,,785.8
1392640,170,301.229,4623.2,409.71,24815,1.769514299929142,0.0007814536656951532,-0.8924410305917263,0.022801771759986877,0.7253800630569458,0.2705379710477941,0.3284912109375,0.385009765625,0.0003,,,,,,,,,785.8
1400832,171,303.035,4622.7,453.81,24943,1.993894100189209,-0.0009799037070479244,-0.9018233381211758,0.011460340581834316,0.7341534495353699,0.2707590917397661,0.308349609375,0.3685302734375,0.0003,,,,,,,,,785.8
1409024,172,304.646,4625.1,460.38,25060,1.8734007701277733,-0.00017785026284400374,-0.9224553219974041,0.006935070734471083,0.7358673214912415,0.2712494606195494,0.3551025390625,0.4107666015625,0.0003,,,,,,,,,785.8
1417216,173,306.305,4626.8,467.04,25184,1.7134255021810532,-0.0012866142496932298,-0.9534895606338978,0.010458557866513729,0.6636662483215332,0.27145685625903176,0.30712890625,0.442138671875,0.0003,,,,,,,,,785.8
1425408,174,308.061,4627.0,457.41,25320,1.8374743163585663,-0.00043273881601635367,-0.9223531149327755,0.008935143239796162,0.7163231372833252,0.2716338058997845,0.30224609375,0.43798828125,0.0003,,,,,,,,,785.8
1433600,175,309.73,4628.5,422.25,25449,1.751292161643505,-0.0022745097085135058,-0.9268630333244801,0.01427730917930603,0.7138561606407166,0.2717912946428571,0.2991943359375,0.40087890625,0.0003,,,,,,,,,785.8
1441792,176,311.361,4630.6,438.09,25593,2.1122380644083023,0.0003059136797674,-0.9561975374817848,0.013586968183517456,0.6393462419509888,0.2716438987038352,0.245849609375,0.390625,0.0003,,,,,,,,,785.8
1449984,177,313.059,4631.7,508.05,25717,1.935077741742134,0.002188983839005232,-0.9240166284143925,0.015225091017782688,0.6980500817298889,0.2716623079978814,0.27490234375,0.3114013671875,0.0003,,,,,,,,,785.8
1458176,178,314.907,4630.5,515.07,25846,1.8860182091593742,-0.001099271816201508,-0.8907615803182125,0.013833126053214073,0.723244309425354,0.2719966588395365,0.3311767578125,0.3629150390625,0.0003,,,,,,,,,785.8
1466368,179,316.508,4633.0,513.03,25964,1.7767733484506607,-0.0014058562810532749,-0.8908815979957581,0.010501062497496605,0.7544711232185364,0.27240092527932963,0.3443603515625,0.3741455078125,0.0003,,,,,,,,,785.8
1474560,180,318.093,4635.6,451.74,26090,2.207708716392517,0.00022916373563930392,-0.8646878302097321,0.010249847546219826,0.7006566524505615,0.27264268663194446,0.31591796875,0.3583984375,0.0003,,,,,,,,,785.8
1482752,181,319.774,4636.9,379.89,26225,1.7518593221902847,-0.00012153407442383468,-0.908040463924408,0.010178722441196442,0.6948937177658081,0.27296000949585636,0.330078125,0.427978515625,0.0003,,,,,,,,,785.8
1490944,182,321.453,4638.1,417.03,26360,1.438086397945881,-0.00023122347192838788,-0.8753151968121529,0.010758977383375168,0.7663105726242065,0.2732912839114011,0.333251953125,0.4608154296875,0.0003,,,,,,,,,785.8
1499136,183,323.114,4639.7,442.56,26491,1.7812833338975906,0.000673419504892081,-0.8996826186776161,0.013415075838565826,0.7399868965148926,0.2735535668545082,0.3212890625,0.40283203125,0.0003,,,,,,,,,785.8
1507328,184,324.746,4641.6,441.69,26618,1.8846039474010468,0.003510283204377629,-0.9122613333165646,0.015530848875641823,0.7104001045227051,0.2735741656759511,0.27734375,0.34326171875,0.0003,,,,,,,,,785.8
1515520,185,326.444,4642.5,451.38,26755,1.972222127020359,0.005096674140077084,-0.9284873306751251,0.016913674771785736,0.6824277639389038,0.27352393897804056,0.2642822265625,0.3707275390625,0.0003,,,,,,,,,785.8
1523712,186,327.995,4645.5,449.16,26879,1.9365564584732056,0.00029827977414242923,-0.92654038220644,0.013919256627559662,0.6428843140602112,0.2734932848202285,0.267822265625,0.381591796875,0.0003,,,,,,,,,785.8
1531904,187,329.693,4646.5,491.94,27022,1.9392609968781471,-0.0027943758759647608,-0.933094710111618,0.010384179651737213,0.6572604179382324,0.2734851531166444,0.27197265625,0.3895263671875,0.0003,539.82,394.5,3069,100,0.0,0.0,0.0,0,785.8
1540096,188,331.897,4640.3,459.54,27170,1.971006453037262,-0.0022500488703371957,-0.9726179651916027,0.01344279758632183,0.6744835376739502,0.2733803607047872,0.2537841796875,0.394287109375,0.0003,,,,,,,,,785.8
1548288,189,333.678,4640.1,397.92,27318,1.8035707771778107,-0.0014957482781028375,-0.9593263603746891,0.011193627491593361,0.7153323888778687,0.27333997292493384,0.2657470703125,0.4180908203125,0.0003,,,,,,,,,785.8
1556480,190,335.615,4637.7,393.21,27454,2.010063625872135,-0.002254622522741556,-0.9683047905564308,0.012126609683036804,0.7091306447982788,0.27326338918585524,0.2587890625,0.373291015625,0.0003,,,,,,,,,785.8
1564672,191,337.326,4638.5,448.89,27594,2.118955723941326,-0.001602032978553325,-0.9254558943212032,0.011315705254673958,0.6759610176086426,0.2731345611092932,0.2486572265625,0.39404296875,0.0003,,,,,,,,,785.8
1572864,192,339.07,4638.8,475.92,27741,1.7371496632695198,0.0006790322659071535,-0.9271667748689651,0.01375001110136509,0.7535079717636108,0.27296892801920575,0.2413330078125,0.39599609375,0.0003,,,,,,,,,785.8
1581056,193,340.737,4640.1,488.55,27876,2.2912472561001778,-0.0016177273937501013,-0.9047182388603687,0.009679633192718029,0.7013251781463623,0.27277591685556996,0.2357177734375,0.321044921875,0.0003,,,,,,,,,785.8
1589248,194,342.369,4641.9,506.01,28003,1.8208831921219826,-0.002926155924797058,-0.9274463579058647,0.01041861716657877,0.7063496112823486,0.2726761336179124,0.25341796875,0.4066162109375,0.0003,,,,,,,,,785.8
1597440,195,344.003,4643.7,449.37,28134,1.9814701676368713,-0.0014447389403358102,-0.9186670072376728,0.012453204020857811,0.6725174188613892,0.2727889623397436,0.294677734375,0.437744140625,0.0003,,,,,,,,,785.8
1605632,196,345.596,4646.0,456.78,28262,1.7536939606070518,-0.0002689816028578207,-0.9225537441670895,0.008427377790212631,0.7205153703689575,0.27286327128507654,0.287353515625,0.39794921875,0.0003,,,,,,,,,785.8
1613824,197,347.237,4647.6,497.94,28392,1.8704292699694633,-0.00158053106861189,-0.9422401487827301,0.013168749399483204,0.6703752279281616,0.2727719999206853,0.2548828125,0.398193359375,0.0003,,,,,,,,,785.8
1622016,198,348.815,4650.1,466.8,28510,1.9274307489395142,-0.002845399474608712,-0.8953524380922318,0.015331657603383064,0.6823524236679077,0.2729208589804293,0.30224609375,0.3905029296875,0.0003,,,,,,,,,785.8
1630208,199,350.405,4652.4,505.98,28637,2.0571058988571167,-0.002365792664932087,-0.8938146494328976,0.01167338714003563,0.6847485303878784,0.2730209887327261,0.2928466796875,0.3609619140625,0.0003,,,,,,,,,785.8
1638400,200,352.019,4654.3,449.82,28764,2.1256065368652344,-0.0011088423198089004,-0.9295353107154369,0.014604156836867332,0.6853345632553101,0.273175048828125,0.3038330078125,0.37646484375,0.0003,,,,,,,,,785.8
1646592,201,353.689,4655.5,487.86,28894,1.9152443334460258,-0.0016500079946126789,-0.9366116560995579,0.0132010318338871,0.6958755254745483,0.2732061129897388,0.2794189453125,0.3509521484375,0.0003,,,,,,,,,785.8
1654784,202,355.5,4654.8,504.36,29028,1.8169161975383759,-0.0011094457877334207,-0.9209318198263645,0.010899866931140423,0.7204362154006958,0.27341514058632427,0.3154296875,0.360107421875,0.0003,,,,,,,,,785.8
1662976,203,357.155,4656.2,471.03,29158,1.7019266709685326,-0.0013261849817354232,-0.9048260375857353,0.01430240087211132,0.7224323749542236,0.27346335725831283,0.283203125,0.4552001953125,0.0003,,,,,,,,,785.8
1671168,204,358.703,4658.9,468.75,29281,2.1275545954704285,-0.0006783027638448402,-0.9270414113998413,0.008414656855165958,0.712891697883606,0.27339860504748775,0.26025390625,0.35595703125,0.0003,,,,,,,,,785.8
1679360,205,360.426,4659.4,481.35,29426,2.1061205565929413,-0.0009907428466249257,-0.9240073785185814,0.012110939249396324,0.727469265460968,0.27324576028963415,0.2420654296875,0.3797607421875,0.0003,,,,,,,,,785.8
1687552,206,361.993,4661.8,460.53,29547,2.2122610583901405,0.0003611400752561167,-0.9090382531285286,0.014644943177700043,0.726058840751648,0.27313232421875,0.2498779296875,0.3055419921875,0.0003,,,,,,,,,785.8
1695744,207,363.516,4664.8,494.61,29664,1.9689081460237503,0.0006139518227428198,-0.901599146425724,0.015504036098718643,0.7247933745384216,0.27318038571859904,0.2830810546875,0.33251953125,0.0003,,,,,,,,,785.8
1703936,208,365.212,4665.6,544.71,29799,2.082114152610302,-0.001950331308762543,-0.9094488322734833,0.01843198761343956,0.7034200429916382,0.2730554433969351,0.2471923828125,0.3975830078125,0.0003,,,,,,,,,785.8
1712128,209,367.088,4664.1,555.18,29939,2.23092869669199,-0.0008434138144366443,-0.9176706559956074,0.011751653626561165,0.684051513671875,0.2730111300089713,0.2637939453125,0.4151611328125,0.0003,,,,,,,,,785.8
1720320,210,368.738,4665.4,478.32,30066,2.111120842397213,-0.0012817358801839873,-0.9094148240983486,0.008720999583601952,0.7004810571670532,0.2730509440104167,0.2813720703125,0.47216796875,0.0003,,,,,,,,,785.8
1728512,211,370.653,4663.4,482.46,30216,2.1960602551698685,-0.0009923326870193705,-0.9073726385831833,0.016930604353547096,0.6923461556434631,0.2730001295912322,0.2623291015625,0.48828125,0.0003,,,,,,,,,785.8
1736704,212,372.54,4661.8,444.63,30350,1.9037213623523712,0.0019523912778822705,-0.8769847452640533,0.015401717275381088,0.7643445134162903,0.27300449587264153,0.27392578125,0.45751953125,0.0003,,,,,,,,,785.8
1744896,213,374.138,4663.8,426.69,30465,2.2231773659586906,0.00034280297404620796,-0.8550356402993202,0.015843957662582397,0.7221425771713257,0.27312057566754694,0.2977294921875,0.342529296875,0.0003,,,,,,,,,785.8
1753088,214,375.838,4664.5,495.15,30597,1.8853707537055016,-0.0011777410400100052,-0.8480392694473267,0.015069042332470417,0.759024977684021,0.27322245089807246,0.294921875,0.345703125,0.0003,,,,,,,,,785.8
1761280,215,377.4,4666.9,535.5,30699,1.7800614088773727,0.0007294092938536778,-0.8388143219053745,0.01224183663725853,0.7594298720359802,0.27344601653343026,0.3212890625,0.3441162109375,0.0003,,,,,,,,,785.8
1769472,216,378.947,4669.4,526.8,30806,1.7940990403294563,-0.0016894055006559938,-0.840736199170351,0.014708282425999641,0.7408483624458313,0.27383027253327547,0.3564453125,0.387451171875,0.0003,,,,,,,,,785.8
1777664,217,380.659,4670.0,529.95,30926,1.8144464045763016,-0.0019355646072654054,-0.8321634866297245,0.012838264927268028,0.7333498001098633,0.2742098619311636,0.356201171875,0.36376953125,0.0003,,,,,,,,,785.8
1785856,218,382.194,4672.6,464.22,31039,1.949810341000557,-0.001287863909965381,-0.8370585702359676,0.010531828738749027,0.7034955620765686,0.2744790173451835,0.3328857421875,0.357177734375,0.0003,,,,,,,,,785.8
1794048,219,383.802,4674.4,418.32,31154,2.0008098110556602,-0.00046041097812121734,-0.853613805025816,0.018582042306661606,0.7145342826843262,0.2749051307434361,0.3677978515625,0.412353515625,0.0003,,,,,,,,,785.8
1802240,220,385.375,4676.6,526.56,31273,2.3633593916893005,-0.000470203987788409,-0.8569312877953053,0.011659917421638966,0.6911942958831787,0.27506769353693183,0.3106689453125,0.3896484375,0.0003,,,,,,,,,785.8
1810432,221,386.9,4679.3,622.05,31389,2.2938597723841667,0.0025720993289723992,-0.8553272373974323,0.016797130927443504,0.7100615501403809,0.2752541934742647,0.3162841796875,0.3411865234375,0.0003,,,,,,,,,785.8
1818624,222,388.363,4682.8,500.88,31502,2.3494016602635384,0.0008019026281544939,-0.8754994720220566,0.016062550246715546,0.7283139824867249,0.27537192954673423,0.3013916015625,0.3187255859375,0.0003,,,,,,,,,785.8
1826816,223,390.042,4683.6,479.58,31621,2.208266071975231,-0.0013265960296848789,-0.8773967027664185,0.009316269308328629,0.6458359956741333,0.2756342182244955,0.3338623046875,0.3843994140625,0.0003,,,,,,,,,785.8
1835008,224,391.616,4685.7,535.47,31738,1.711794525384903,-0.0033026914607034996,-0.8843966796994209,0.013164570555090904,0.7125719785690308,0.2758293151855469,0.3193359375,0.40625,0.0003,,,,,,,,,785.8
1843200,225,393.229,4687.3,472.35,31873,1.8444744348526,-0.0032502952235518023,-0.8785119839012623,0.012858686968684196,0.74899822473526,0.2759548611111111,0.3040771484375,0.377685546875,0.0003,,,,,,,,,785.8
1851392,226,394.729,4690.3,473.16,31988,1.9118247851729393,-0.0014697817823616788,-0.8747263811528683,0.010805513709783554,0.716623842716217,0.27615923586144914,0.3221435546875,0.427001953125,0.0003,,,,,,,,,785.8
1859584,227,396.309,4692.3,518.19,32107,1.9079928696155548,-0.003393046325072646,-0.8698749095201492,0.012002361938357353,0.7363056540489197,0.2762365131126101,0.293701171875,0.372802734375,0.0003,,,,,,,,,785.8
1867776,228,397.807,4695.2,470.1,32222,1.9368690624833107,-0.003162979963235557,-0.8684558682143688,0.011485615745186806,0.7183386087417603,0.2764025236430921,0.3140869140625,0.4052734375,0.0003,,,,,,,,,785.8
1875968,229,399.366,4697.4,489.27,32332,1.8029250130057335,-0.003109022611170076,-0.8959846869111061,0.015046702697873116,0.7505408525466919,0.2764716668941048,0.292236328125,0.4078369140625,0.0003,,,,,,,,,785.8
1884160,230,401.25,4695.7,516.18,32483,1.8169417083263397,0.0008641919994261116,-0.9171730130910873,0.016361765563488007,0.7077457904815674,0.2765274711277174,0.289306640625,0.4622802734375,0.0003,,,,,,,,,785.8
1892352,231,402.978,4695.9,403.77,32616,1.7930061519145966,-0.003461885644355789,-0.8955906145274639,0.011129125952720642,0.7288565635681152,0.2764596650094697,0.2608642578125,0.4139404296875,0.0003,,,,,,,,,785.8
1900544,232,404.652,4696.7,409.92,32738,1.8446964845061302,-0.0008704463980393484,-0.8797962740063667,0.01152587216347456,0.6732044219970703,0.27648662698679954,0.28271484375,0.38330078125,0.0003,,,,,,,,,785.8
1908736,233,406.359,4697.2,489.39,32868,1.7826703265309334,-0.002130165070411749,-0.8786324486136436,0.011433946900069714,0.715538501739502,0.27669358151153434,0.32470703125,0.4176025390625,0.0003,,,,,,,,,785.8
1916928,234,407.963,4698.8,505.23,32970,1.909403495490551,-0.001846713334089145,-0.8581998459994793,0.01169206015765667,0.7141982913017273,0.2769405006343483,0.33447265625,0.37060546875,0.0003,,,,,,,,,785.8
1925120,235,409.785,4697.9,482.1,33102,2.053846463561058,-0.0016122925444506109,-0.9000098258256912,0.007826538756489754,0.6953932046890259,0.2769557222406915,0.280517578125,0.3660888671875,0.0003,,,,,,,,,785.8
1933312,236,411.592,4697.2,521.31,33228,2.3556266874074936,-0.0027088921633549035,-0.866891011595726,0.012750650756061077,0.6665712594985962,0.2769237453654661,0.2694091796875,0.372802734375,0.0003,,,,,,,,,785.8
1941504,237,413.284,4697.7,548.01,33344,2.5044840276241302,-0.0006906611379235983,-0.9013407342135906,0.014581022784113884,0.6524753570556641,0.27695127076740506,0.283447265625,0.38671875,0.0003,,,,,,,,,785.8
1949696,238,415.171,4696.1,540.48,33490,2.469343639910221,-0.00026521393738221377,-0.8814487978816032,0.01155153103172779,0.7093249559402466,0.2768159754136029,0.2447509765625,0.360595703125,0.0003,,,,,,,,,785.8
1957888,239,416.99,4695.3,463.11,33636,2.265740618109703,-0.0002701491757761687,-0.9132474921643734,0.013971678912639618,0.7242556214332581,0.2766991778896444,0.2489013671875,0.3690185546875,0.0003,,,,,,,,,785.8
1966080,240,418.689,4695.8,459.93,33772,2.434121400117874,-0.0019596756028477103,-0.8901203908026218,0.021953390911221504,0.709903359413147,0.27658182779947915,0.24853515625,0.3350830078125,0.0003,,,,,,,,,785.8
1974272,241,420.51,4694.9,483.93,33909,2.290968120098114,-0.0009638953488320112,-0.9106450602412224,0.016816800460219383,0.6837267875671387,0.27645481473677386,0.2459716796875,0.3465576171875,0.0003,,,,,,,,,785.8
1982464,242,422.265,4694.8,494.28,34040,2.084452986717224,-0.0012175747542642057,-0.8814846687018871,0.014820685610175133,0.7354246377944946,0.2762592410253099,0.2291259765625,0.359619140625,0.0003,,,,,,,,,785.8
1990656,243,423.982,4695.1,467.1,34165,1.8183409571647644,-0.001485316694015637,-0.8657503873109818,0.014499491080641747,0.7400643825531006,0.27632448800797327,0.2921142578125,0.3472900390625,0.0003,,,,,,,,,785.8
1998848,244,425.763,4694.7,529.77,34293,2.023412562906742,-0.0011042953556170687,-0.8876492828130722,0.01851240172982216,0.7087887525558472,0.2763251632940574,0.2764892578125,0.338134765625,0.0003,,,,,,,,,785.8
2007040,245,427.586,4693.9,506.31,34426,1.9380070641636848,-7.470519631169736e-05,-0.8924216441810131,0.009339485317468643,0.7188661098480225,0.27620974170918366,0.248046875,0.3660888671875,0.0003,,,,,,,,,785.8
2015232,246,429.268,4694.6,508.23,34548,2.0024051144719124,-0.0026927346334559843,-0.9300704076886177,0.014711939729750156,0.6773178577423096,0.2761935102261179,0.272216796875,0.350830078125,0.0003,,,,,,,,,785.8
2023424,247,431.231,4692.2,564.57,34677,2.1784388199448586,0.0007459652260877192,-0.9320184178650379,0.014910615980625153,0.6811151504516602,0.2761225526632085,0.2586669921875,0.3743896484375,0.0003,,,,,,,,,785.8
2031616,248,433.083,4691.0,550.86,34817,2.1473404839634895,0.0009418594709131867,-0.9526895806193352,0.021611809730529785,0.6866919994354248,0.2759364958732359,0.22998046875,0.3348388671875,0.0003,,,,,,,,,785.8
2039808,249,434.952,4689.7,437.76,34962,2.198061130940914,0.0002733270521275699,-0.907421812415123,0.0186679158359766,0.7185133695602417,0.27570536050451805,0.2183837890625,0.323974609375,0.0003,461.85,364.5,1503,100,0.0,0.0,0.0,0,785.8
2048000,250,437.042,4686.0,469.08,35108,2.05850175768137,-0.001557222567498684,-0.9277610145509243,0.010943196713924408,0.7639472484588623,0.275560546875,0.239501953125,0.3310546875,0.0003,,,,,,,,,785.8
2056192,251,438.737,4686.6,473.97,35230,2.429478757083416,-0.002555059108999558,-0.9066509492695332,0.01035050768405199,0.6937965154647827,0.27542418217753983,0.2413330078125,0.325439453125,0.0003,,,,,,,,,785.8
2064384,252,440.52,4686.2,514.29,35368,2.1401062607765198,-0.000764836702728644,-0.9152094013988972,0.01449219137430191,0.7413730621337891,0.27526661706349204,0.2357177734375,0.3643798828125,0.0003,,,,,,,,,785.8
2072576,253,442.179,4687.2,531.24,35493,1.9184865355491638,-0.002096276090014726,-0.914031159132719,0.015832390636205673,0.7434477806091309,0.27523815773221344,0.26806640625,0.351318359375,0.0003,,,,,,,,,785.8
2080768,254,443.825,4688.3,528.81,35615,2.166377678513527,-0.0024279604840558022,-0.9077279567718506,0.008384590037167072,0.7366001605987549,0.27520079124630903,0.2657470703125,0.3382568359375,0.0003,,,,,,,,,785.8
2088960,255,445.666,4687.3,460.14,35756,2.29155120998621,-0.001493108764407225,-0.9140514619648457,0.009002063423395157,0.7209411859512329,0.2750966988357843,0.2486572265625,0.326904296875,0.0003,,,,,,,,,785.8
2097152,256,447.399,4687.4,460.62,35886,2.0193158462643623,-0.0021704401879105717,-0.8889567777514458,0.011042509227991104,0.7144120931625366,0.27497291564941406,0.243408203125,0.377685546875,0.0003,,,,,,,,,785.8
2105344,257,449.197,4686.9,509.85,36016,2.0082568153738976,-0.0008288097960758023,-0.8830738514661789,0.013430777937173843,0.7260527014732361,0.2749778658499514,0.2762451171875,0.3746337890625,0.0003,,,,,,,,,785.8
2113536,258,450.968,4686.7,457.71,36151,2.0358721911907196,-0.0009669744467828423,-0.8582327663898468,0.012459080666303635,0.7640887498855591,0.2749884553657946,0.2777099609375,0.3555908203125,0.0003,,,,,,,,,785.8
2121728,259,452.685,4687.0,467.82,36265,2.2334564179182053,-0.0004271797661203891,-0.892966978251934,0.012891801074147224,0.7032642364501953,0.27492355287765446,0.2581787109375,0.3477783203125,0.0003,,,,,,,,,785.8
2129920,260,454.537,4685.9,500.58,36405,2.2145840227603912,-0.00019680254627019167,-0.8917042799293995,0.009694486856460571,0.6949947476387024,0.2748234675480769,0.2489013671875,0.388427734375,0.0003,,,,,,,,,785.8
2138112,261,456.188,4686.9,540.03,36522,2.148504748940468,-0.000596751895500347,-0.8903325013816357,0.015279201790690422,0.752973735332489,0.2747952399125958,0.2674560546875,0.360595703125,0.0003,,,,,,,,,785.8
2146304,262,457.933,4686.9,594.15,36659,2.0634110495448112,-0.0004074069584021345,-0.8664001934230328,0.014027776196599007,0.7389196753501892,0.27486833179270037,0.2939453125,0.36474609375,0.0003,,,,,,,,,785.8
2154496,263,459.546,4688.3,516.63,36765,2.163886398077011,-0.0002105538733303547,-0.8532347269356251,0.010959267616271973,0.6655400395393372,0.2750039916528042,0.310546875,0.3868408203125,0.0003,,,,,,,,,785.8
2162688,264,461.2,4689.3,550.98,36885,1.878076121211052,-0.0002717599127208814,-0.8160169385373592,0.015516914427280426,0.7374918460845947,0.2751205906723485,0.3057861328125,0.3841552734375,0.0003,,,,,,,,,785.8
2170880,265,462.838,4690.4,526.98,37001,2.018381379544735,-0.002513539628125727,-0.8254145607352257,0.016004102304577827,0.7131927013397217,0.2753316627358491,0.3310546875,0.3419189453125,0.0003,,,,,,,,,785.8
2179072,266,464.546,4690.8,510.54,37120,2.0567113384604454,-0.0012834107474191114,-0.7908192649483681,0.0141668189316988,0.7219997644424438,0.2754034745065789,0.29443359375,0.3507080078125,0.0003,,,,,,,,,785.8
2187264,267,466.22,4691.5,507.78,37238,2.001682549715042,-0.001354389445623383,-0.7985936217010021,0.012584386393427849,0.7251577377319336,0.2756452810451779,0.3399658203125,0.3499755859375,0.0003,,,,,,,,,785.8
2195456,268,468.019,4691.0,511.71,37372,1.8247367665171623,-0.0013861418410670012,-0.8091615773737431,0.0107231130823493,0.7608309388160706,0.27584611124067165,0.3294677734375,0.3878173828125,0.0003,,,,,,,,,785.8
2203648,269,469.668,4691.9,493.14,37488,1.6271302551031113,-0.003686061332700774,-0.835851963609457,0.0145091712474823,0.7527020573616028,0.2758662000464684,0.28125,0.3900146484375,0.0003,,,,,,,,,785.8
2211840,270,471.367,4692.4,563.91,37610,1.6571077480912209,-0.001224690640810877,-0.8532534055411816,0.015622359700500965,0.7354377508163452,0.27584092881944444,0.26904296875,0.3316650390625,0.0003,,,,,,,,,785.8
2220032,271,473.163,4691.9,528.66,37751,1.943481519818306,-0.0017023235704982653,-0.9078983180224895,0.015949275344610214,0.7306505441665649,0.2756433240601937,0.2222900390625,0.383544921875,0.0003,,,,,,,,,785.8
2228224,272,474.989,4691.1,476.88,37893,1.6980252861976624,-0.0037623252428602427,-0.8732190579175949,0.012002987787127495,0.7765836119651794,0.27548756318933826,0.2332763671875,0.3951416015625,0.0003,,,,,,,,,785.8
2236416,273,476.83,4690.2,509.31,38034,1.5710028484463692,-0.0004573372716549784,-0.8721875175833702,0.020433012396097183,0.7929442524909973,0.27533562628777475,0.2340087890625,0.337646484375,0.0003,,,,,,,,,785.8
2244608,274,478.623,4689.7,502.41,38163,2.053206443786621,0.0017601032450329512,-0.8276632986962795,0.017106711864471436,0.7241948843002319,0.2752346957687044,0.2476806640625,0.28955078125,0.0003,,,,,,,,,785.8
2252800,275,480.238,4691.0,564.03,38286,1.7028159871697426,-0.0031367687552119605,-0.8403473757207394,0.012959923595190048,0.779639720916748,0.2751309481534091,0.2467041015625,0.28125,0.0003,,,,,,,,,785.8
2260992,276,482.003,4690.8,482.94,38426,2.111934445798397,-0.002964856641483493,-0.8343811891973019,0.01555691845715046,0.7305142879486084,0.27498991593070654,0.2362060546875,0.3682861328125,0.0003,,,,,,,,,785.8
2269184,277,483.723,4691.1,504.18,38554,2.1079820469021797,-0.0021039785351604223,-0.8303758762776852,0.01790047436952591,0.7062995433807373,0.27485078336529783,0.2364501953125,0.33349609375,0.0003,,,,,,,,,785.8
2277376,278,485.551,4690.3,536.82,38677,2.1337101086974144,-0.0020933543710270897,-0.8407602161169052,0.013707520440220833,0.6815657019615173,0.2748101323628597,0.2635498046875,0.36767578125,0.0003,,,,,,,,,785.8
2285568,279,487.389,4689.4,577.98,38811,2.2914670407772064,-0.003966536605730653,-0.8413970917463303,0.012148997746407986,0.7234546542167664,0.2747010808691756,0.244384765625,0.4288330078125,0.0003,,,,,,,,,785.8
2293760,280,489.087,4689.9,549.54,38931,2.3425172492861748,-0.0010312100348528475,-0.808944009244442,0.01587572880089283,0.7416830062866211,0.27465951102120534,0.2630615234375,0.36669921875,0.0003,,,,,,,,,785.8
2301952,281,490.707,4691.1,513.99,39051,2.3535095751285553,0.0015467432531295344,-0.8399585261940956,0.01168519351631403,0.7187713980674744,0.2746282285642794,0.265869140625,0.365478515625,0.0003,,,,,,,,,785.8
2310144,282,492.361,4692.0,506.31,39170,2.2923619151115417,0.0043631142762023956,-0.811773031949997,0.01983242854475975,0.6964079141616821,0.27469975897606386,0.2947998046875,0.3922119140625,0.0003,,,,,,,,,785.8
2318336,283,494.098,4692.1,598.95,39294,2.5197145491838455,4.7537003410980105e-05,-0.8450894020497799,0.015262577682733536,0.6550662517547607,0.27470694498122794,0.2767333984375,0.4052734375,0.0003,,,,,,,,,785.8
2326528,284,495.872,4691.8,560.82,39427,2.3128208369016647,-0.0021754407789558172,-0.8128472194075584,0.011353923939168453,0.7025903463363647,0.27466078207526406,0.2615966796875,0.4180908203125,0.0003,,,,,,,,,785.8
2334720,285,497.574,4692.2,479.07,39553,2.5042266100645065,-0.0016488568799104542,-0.8152333721518517,0.01162101048976183,0.6818033456802368,0.27461365816885963,0.26123046875,0.40625,0.0003,,,,,,,,,785.8
2342912,286,499.381,4691.6,524.82,39687,2.16645485162735,-0.002913307456765324,-0.8450738862156868,0.012265590019524097,0.7139264345169067,0.2745574737762238,0.258544921875,0.4151611328125,0.0003,,,,,,,,,785.8
2351104,287,501.164,4691.3,566.82,39818,1.9662869572639465,-0.003624677920015529,-0.8537639863789082,0.01242924015969038,0.7509734630584717,0.2744706316692073,0.2496337890625,0.407470703125,0.0003,,,,,,,,,785.8
2359296,288,502.889,4691.5,519.66,39940,1.744855023920536,-0.0033948954951483756,-0.8580103367567062,0.01408205647021532,0.7758867144584656,0.2744581434461806,0.2708740234375,0.3585205078125,0.0003,,,,,,,,,785.8
2367488,289,504.554,4692.2,598.89,40059,1.9320844188332558,-0.0029092922632116824,-0.8352775350213051,0.011069520376622677,0.7218002080917358,0.27441237294550175,0.26123046875,0.384521484375,0.0003,,,,,,,,,785.8
2375680,290,506.249,4692.7,583.02,40186,2.0554145202040672,-0.0036353865871205926,-0.8635038584470749,0.011164344847202301,0.7298637628555298,0.27442290207435344,0.2774658203125,0.351318359375,0.0003,,,,,,,,,785.8
2383872,291,507.901,4693.6,526.86,40304,1.8179327249526978,-0.0038213766820263118,-0.8436814211308956,0.016468657180666924,0.765411376953125,0.2743230341226375,0.245361328125,0.338623046875,0.0003,,,,,,,,,785.8
2392064,292,509.582,4694.2,525.18,40428,2.15537478774786,0.0006696003692923114,-0.8321456387639046,0.01612156629562378,0.7517691254615784,0.2743074600010702,0.269775390625,0.3277587890625,0.0003,,,,,,,,,785.8
2400256,293,511.241,4695.0,546.81,40544,1.806216076016426,-0.0017123717843787745,-0.8175979182124138,0.015587510541081429,0.7739097476005554,0.2742986581431314,0.271728515625,0.408935546875,0.0003,,,,,,,,,785.8
2408448,294,512.918,4695.6,611.01,40664,2.006145916879177,-0.0014000609226059169,-0.8331328891217709,0.012772707268595695,0.7695021629333496,0.2743364191379677,0.285400390625,0.3819580078125,0.0003,,,,,,,,,785.8
2416640,295,514.627,4695.9,661.5,40782,1.9797177538275719,-0.0018018410919466987,-0.8390884473919868,0.01162954606115818,0.7861899137496948,0.27438178628177967,0.2877197265625,0.3624267578125,0.0003,,,,,,,,,785.8
2424832,296,516.418,4695.5,562.38,40911,1.8772699013352394,-0.00366544330609031,-0.8527966737747192,0.011057790368795395,0.7930811047554016,0.27446355046452703,0.298583984375,0.3858642578125,0.0003,,,,,,,,,785.8
2433024,297,518.172,4695.4,535.98,41037,1.8275194615125656,-0.005563054932281375,-0.872884951531887,0.012488062493503094,0.7862456440925598,0.2745020188867845,0.285888671875,0.466552734375,0.0003,,,,,,,,,785.8
2441216,298,519.797,4696.5,533.58,41154,2.0537689849734306,-0.0033192643604706973,-0.8440006114542484,0.014773795381188393,0.8053658604621887,0.27450459115457215,0.2752685546875,0.4244384765625,0.0003,,,,,,,,,785.8
2449408,299,521.52,4696.7,603.27,41277,2.4109986647963524,-0.0008250046230386943,-0.8304075300693512,0.014102544635534286,0.7419836521148682,0.2744818339778428,0.2677001953125,0.3570556640625,0.0003,,,,,,,,,785.8
2457600,300,523.2,4697.2,630.72,41393,2.064652658998966,-0.0025312998186564073,-0.8130647726356983,0.013355284929275513,0.7527632117271423,0.27446044921875,0.26806640625,0.3770751953125,0.0003,,,,,,,,,785.8
2465792,301,524.871,4697.9,526.5,41514,2.343680366873741,-0.0021102764294482768,-0.7931615859270096,0.01132216490805149,0.7340754270553589,0.27448584471034054,0.2821044921875,0.337646484375,0.0003,,,,,,,,,785.8
2473984,302,526.525,4698.7,549.87,41629,2.260379023849964,-0.002519113666494377,-0.8207788243889809,0.015439997427165508,0.715956449508667,0.2744726724182533,0.2705078125,0.4091796875,0.0003,,,,,,,,,785.8
2482176,303,528.206,4699.3,634.23,41756,2.2401737943291664,-0.0007164787384681404,-0.8186641670763493,0.015345496125519276,0.7326490879058838,0.2744120481384076,0.256103515625,0.4208984375,0.0003,,,,,,,,,785.8
2490368,304,529.905,4699.7,650.46,41879,2.1535114273428917,-0.0014494789502350613,-0.8109368123114109,0.01621703803539276,0.7366938591003418,0.2743743093390214,0.262939453125,0.412109375,0.0003,,,,,,,,,785.8
2498560,305,531.476,4701.2,585.72,41996,2.377002038061619,-0.004532601007667836,-0.8060305938124657,0.017567384988069534,0.6740049123764038,0.27433881915983604,0.2635498046875,0.380126953125,0.0003,,,,,,,,,785.8
2506752,306,533.154,4701.7,578.22,42122,2.5029199346899986,-0.000284952373476699,-0.8106327056884766,0.017038695514202118,0.6721674203872681,0.2743326822916667,0.2724609375,0.4183349609375,0.0003,,,,,,,,,785.8
2514944,307,534.792,4702.7,577.17,42245,2.334121957421303,-0.0009180956403724849,-0.8009047098457813,0.013122187927365303,0.7285140752792358,0.27429398030333874,0.262451171875,0.418701171875,0.0003,,,,,,,,,785.8
2523136,308,536.523,4702.8,529.5,42372,2.499515049159527,-0.0015507102652918547,-0.814645804464817,0.014224797487258911,0.6987065076828003,0.27428287654728084,0.2708740234375,0.3680419921875,0.0003,,,,,,,,,785.8
2531328,309,538.118,4704.0,542.73,42481,2.597748287022114,-0.001635568158235401,-0.7961214073002338,0.009198727086186409,0.728905439376831,0.2743484842738673,0.2945556640625,0.3739013671875,0.0003,,,,,,,,,785.8
2539520,310,539.764,4704.9,568.83,42600,2.1461649611592293,-0.002524281866499223,-0.7964894995093346,0.011570671573281288,0.747678816318512,0.27438019783266127,0.2841796875,0.3912353515625,0.0003,,,,,,,,,785.8
2547712,311,541.419,4705.6,504.93,42724,2.46925912797451,-0.0028769413038389757,-0.7930142618715763,0.013692077249288559,0.7087939381599426,0.274356363670619,0.2669677734375,0.37353515625,0.0003,617.34,436.5,3330,100,0.0,0.0,0.0,0,785.8
2555904,312,543.559,4702.2,548.4,42845,2.2924540862441063,-0.0016472125716973096,-0.7822917811572552,0.011732541024684906,0.7416836023330688,0.27432446602063304,0.264404296875,0.3875732421875,0.0003,,,,,,,,,785.8
2564096,313,545.224,4702.8,560.55,42974,2.085723042488098,-0.00045021760161034763,-0.8133482336997986,0.01742721162736416,0.7382817268371582,0.27434854233226835,0.2818603515625,0.4189453125,0.0003,,,,,,,,,785.8
2572288,314,546.922,4703.2,531.39,43091,2.110643483698368,-0.0014385151444002986,-0.7944336943328381,0.012937537394464016,0.7523586750030518,0.27435302734375,0.2757568359375,0.408447265625,0.0003,,,,,,,,,785.8
2580480,315,548.675,4703.1,562.5,43220,2.5143043100833893,-0.0034113522415282205,-0.7863846831023693,0.01290124375373125,0.740578830242157,0.2743326822916667,0.2679443359375,0.38525390625,0.0003,,,,,,,,,785.8
2588672,316,550.298,4704.1,549.03,43328,2.589441202580929,-0.0014842385426163673,-0.7988444864749908,0.017121069133281708,0.7296652793884277,0.2743124660057358,0.2679443359375,0.3516845703125,0.0003,,,,,,,,,785.8
2596864,317,551.934,4705.0,548.28,43450,2.5762469470500946,-0.0007705457974225283,-0.8125016316771507,0.016827158629894257,0.7436095476150513,0.27442176409700314,0.3089599609375,0.3817138671875,0.0003,,,,,,,,,785.8
2605056,318,553.661,4705.1,502.41,43571,2.61338260024786,-0.0017714314017212018,-0.8026695773005486,0.014042997732758522,0.761267364025116,0.2744048496462264,0.26904296875,0.3612060546875,0.0003,,,,,,,,,785.8
2613248,319,555.374,4705.4,496.86,43691,2.68279205262661,0.0001439416519133374,-0.7936592623591423,0.020287353545427322,0.6816297173500061,0.27445232905564265,0.28955078125,0.3358154296875,0.0003,,,,,,,,,785.8
2621440,320,557.011,4706.3,594.06,43805,2.3101868256926537,-0.0030514378668158315,-0.7778133377432823,0.016687624156475067,0.7190303802490234,0.27454605102539065,0.304443359375,0.43408203125,0.0003,,,,,,,,,785.8
2629632,321,558.708,4706.6,590.1,43910,2.3376494869589806,-0.0016731066862121224,-0.8038093969225883,0.013167917728424072,0.7045702934265137,0.2748042311623832,0.357421875,0.373046875,0.0003,,,,,,,,,785.8
2637824,322,560.264,4708.2,590.55,44021,2.1891277134418488,-0.002831078920280561,-0.7952803820371628,0.019660230726003647,0.7243272662162781,0.2749061347534938,0.3076171875,0.3460693359375,0.0003,,,,,,,,,785.8
2646016,323,561.854,4709.4,665.31,44129,2.267172023653984,-0.0027122817118652165,-0.7686816230416298,0.013452515006065369,0.7579624056816101,0.27501761138254643,0.3109130859375,0.3291015625,0.0003,,,,,,,,,785.8
2654208,324,563.466,4710.5,579.81,44252,2.467645153403282,-0.0013402860640781,-0.7970343939960003,0.015227751806378365,0.6945044994354248,0.2750873330198688,0.297607421875,0.361083984375,0.0003,,,,,,,,,785.8
2662400,325,565.097,4711.4,667.47,44352,1.8937660306692123,-0.0009800337138585746,-0.7768207304179668,0.01232227310538292,0.7648975253105164,0.27533278245192305,0.3548583984375,0.3778076171875,0.0003,,,,,,,,,785.8
2670592,326,566.68,4712.7,726.03,44457,2.0531269535422325,-0.004355659722932614,-0.7998154163360596,0.015872182324528694,0.7202713489532471,0.2755321666506902,0.34033203125,0.415771484375,0.0003,,,,,,,,,785.8
2678784,327,568.275,4713.9,617.16,44559,1.8337499499320984,-0.002445916528813541,-0.7851580083370209,0.010769243352115154,0.7697267532348633,0.27571689244074926,0.3359375,0.37353515625,0.0003,,,,,,,,,785.8
2686976,328,569.89,4714.9,570.39,44677,2.033713862299919,-0.0019270878110546619,-0.8082236088812351,0.016803260892629623,0.7810929417610168,0.2758294082269436,0.3126220703125,0.3426513671875,0.0003,,,,,,,,,785.8
2695168,329,571.49,4716.0,581.31,44787,1.9401540905237198,-0.004940533443004824,-0.8283856809139252,0.011980739422142506,0.7478097677230835,0.2758314138487842,0.2764892578125,0.3485107421875,0.0003,,,,,,,,,785.8
2703360,330,573.288,4715.5,681.78,44918,1.9348939284682274,-0.002319038234418258,-0.8559689410030842,0.015627074986696243,0.7555924654006958,0.27578198982007573,0.259521484375,0.3607177734375,0.0003,,,,,,,,,785.8
2711552,331,575.082,4715.1,610.86,45047,1.8068296685814857,-0.003993051373981871,-0.8459816947579384,0.015111543238162994,0.7058074474334717,0.2757111056693731,0.2523193359375,0.3507080078125,0.0003,,,,,,,,,785.8
2719744,332,576.711,4716.0,655.8,45167,1.826038897037506,-0.005698244262021035,-0.8484374508261681,0.014130670577287674,0.7724151015281677,0.2756060864551958,0.2408447265625,0.3536376953125,0.0003,,,,,,,,,785.8
2727936,333,578.39,4716.4,572.4,45294,1.8590292483568192,-0.005920337585848756,-0.8517051227390766,0.01635577529668808,0.7341949939727783,0.2755262586805556,0.2490234375,0.3687744140625,0.0003,,,,,,,,,785.8
2736128,334,580.159,4716.2,540.75,45428,2.103556364774704,-0.004975014686351642,-0.8824810907244682,0.013222942128777504,0.722014844417572,0.27536102112181887,0.2203369140625,0.3924560546875,0.0003,,,,,,,,,785.8
2744320,335,581.843,4716.6,589.2,45546,2.286038763821125,-0.0022086293902248144,-0.8616106100380421,0.009213019162416458,0.6849430799484253,0.27529187558302237,0.252197265625,0.378173828125,0.0003,,,,,,,,,785.8
2752512,336,583.678,4715.8,616.56,45684,2.321495585143566,-0.0045194561971584335,-0.8743599504232407,0.012319805100560188,0.6973470449447632,0.27521551223028273,0.2496337890625,0.412109375,0.0003,,,,,,,,,785.8
2760704,337,585.286,4716.8,522.0,45797,2.064968101680279,-0.0011842058738693595,-0.8533008135855198,0.014128412120044231,0.7039237022399902,0.2751084505981083,0.2391357421875,0.3978271484375,0.0003,,,,,,,,,785.8
2768896,338,587.011,4716.9,555.36,45928,2.2459921091794968,-0.0023481296084355563,-0.8658367581665516,0.017287369817495346,0.6657894849777222,0.2750146628836908,0.243408203125,0.375732421875,0.0003,,,,,,,,,785.8
2777088,339,588.743,4717.0,547.65,46055,2.25771464407444,-0.003238778794184327,-0.8808235339820385,0.014494157396256924,0.6441805362701416,0.27489802267699115,0.2354736328125,0.4373779296875,0.0003,,,,,,,,,785.8
2785280,340,590.548,4716.4,536.85,46193,1.9909393936395645,-0.004227168916258961,-0.8828056752681732,0.015073012560606003,0.7251728773117065,0.2748007381663603,0.2418212890625,0.457763671875,0.0003,,,,,,,,,785.8
2793472,341,592.315,4716.2,471.27,46327,2.267241083085537,-0.002753749009571038,-0.821166880428791,0.019667454063892365,0.6868525147438049,0.27470796199138564,0.2431640625,0.380615234375,0.0003,,,,,,,,,785.8
2801664,342,593.886,4717.5,512.13,46434,2.2851006984710693,-0.002978046701173298,-0.8235576003789902,0.010493200272321701,0.6957643032073975,0.27471495511239036,0.277099609375,0.3543701171875,0.0003,,,,,,,,,785.8
2809856,343,595.461,4718.8,632.85,46540,2.3401525542140007,0.0006035400147084147,-0.7944497317075729,0.01524980179965496,0.7285229563713074,0.2748115917684038,0.307861328125,0.3306884765625,0.0003,,,,,,,,,785.8
2818048,344,597.306,4717.9,663.66,46646,2.2645647823810577,0.0003481936000753194,-0.77769410982728,0.011881943792104721,0.7332397699356079,0.274932861328125,0.3165283203125,0.347900390625,0.0003,,,,,,,,,785.8
2826240,345,599.041,4717.9,654.3,46759,2.5142100527882576,-0.0012088517541997135,-0.7889763303101063,0.01359068974852562,0.703304648399353,0.2750619197237319,0.3194580078125,0.4013671875,0.0003,,,,,,,,,785.8
2834432,346,600.619,4719.2,631.32,46875,2.4173977822065353,-0.0018679877102840692,-0.775990154594183,0.014668751507997513,0.7326723337173462,0.2752096363574783,0.326171875,0.4373779296875,0.0003,,,,,,,,,785.8
2842624,347,602.238,4720.1,611.46,46985,2.397789128124714,-0.002352136609260924,-0.7984500527381897,0.011795072816312313,0.7571960091590881,0.27532413713526654,0.31494140625,0.3870849609375,0.0003,,,,,,,,,785.8
2850816,348,603.845,4721.1,572.58,47091,2.3757601380348206,-0.0009122249757638201,-0.78420614823699,0.01353580504655838,0.7434272170066833,0.2754646388963721,0.32421875,0.361083984375,0.0003,,,,,,,,,785.8
2859008,349,605.516,4721.6,646.77,47207,2.2974538058042526,-0.000958997494308278,-0.7511402070522308,0.008325766772031784,0.7818951606750488,0.27554382499104585,0.3031005859375,0.3995361328125,0.0003,,,,,,,,,785.8
2867200,350,607.141,4722.5,690.99,47309,2.246231846511364,-0.0031613178725820035,-0.7744816541671753,0.010453443974256516,0.7540240287780762,0.27560407366071427,0.296630859375,0.3643798828125,0.0003,,,,,,,,,785.8
2875392,351,608.849,4722.7,660.63,47425,2.4588964879512787,-0.004117526885238476,-0.7838049121201038,0.015294198878109455,0.7526461482048035,0.2756674568198006,0.2978515625,0.38427734375,0.0003,,,,,,,,,785.8
2883584,352,610.406,4724.0,683.82,47533,2.2349578514695168,-0.0014878712099744007,-0.7465229369699955,0.012232882902026176,0.7704086899757385,0.27580122514204547,0.32275390625,0.416748046875,0.0003,,,,,,,,,785.8
2891776,353,611.998,4725.1,694.32,47631,1.8441836908459663,-0.001848564192187041,-0.780550766736269,0.013651605695486069,0.7922682762145996,0.2759539466404037,0.3297119140625,0.4100341796875,0.0003,,,,,,,,,785.8
2899968,354,613.772,4724.8,672.9,47764,2.5290018022060394,-0.0009741681278683245,-0.8356502279639244,0.013300672173500061,0.7550965547561646,0.2759902867893715,0.288818359375,0.472412109375,0.0003,,,,,,,,,785.8
2908160,355,615.401,4725.6,616.74,47885,2.652935713529587,-0.001219580546603538,-0.85262156650424,0.013777453452348709,0.7437452077865601,0.2758847518705986,0.238525390625,0.4383544921875,0.0003,,,,,,,,,785.8
2916352,356,617.048,4726.3,676.47,47998,2.2740644812583923,-0.003947355318814516,-0.8554364815354347,0.010774772614240646,0.72410649061203,0.2758370731653792,0.2589111328125,0.39111328125,0.0003,,,,,,,,,785.8
2924544,357,618.777,4726.3,655.98,48132,1.8855705708265305,-0.003537988508469425,-0.8715347349643707,0.01266284380108118,0.7769623398780823,0.27573255864845936,0.238525390625,0.4105224609375,0.0003,,,,,,,,,785.8
2932736,358,620.549,4726.0,619.05,48275,2.1942509934306145,-0.00016691209748387337,-0.8597333207726479,0.020754408091306686,0.7378658056259155,0.27563988030289804,0.2425537109375,0.4677734375,0.0003,,,,,,,,,785.8
2940928,359,622.193,4726.7,538.89,48396,2.4619206190109253,-0.002361583145102486,-0.8842625766992569,0.015274553559720516,0.7298368215560913,0.2755626795351671,0.2479248046875,0.4046630859375,0.0003,,,,,,,,,785.8
2949120,360,623.894,4727.0,511.11,48519,2.2597516253590584,-0.004249255507602356,-0.8627694994211197,0.012433054856956005,0.7591232657432556,0.27553236219618055,0.2646484375,0.3936767578125,0.0003,,,,,,,,,785.8
2957312,361,625.635,4726.9,534.54,48654,2.4840089976787567,-0.0025933442084351555,-0.8650964982807636,0.016955388709902763,0.7383252382278442,0.2754819241256925,0.25732421875,0.3441162109375,0.0003,,,,,,,,,785.8
2965504,362,627.283,4727.5,556.02,48778,2.0876186415553093,0.001328494749031961,-0.8433101326227188,0.019173068925738335,0.7916967868804932,0.2754260321348412,0.2552490234375,0.323974609375,0.0003,,,,,,,,,785.8
2973696,363,628.901,4728.4,619.08,48890,1.9543194025754929,-0.0009695413027657196,-0.8236508965492249,0.015762390568852425,0.7969121336936951,0.2754279522856405,0.276123046875,0.31494140625,0.0003,,,,,,,,,785.8
2981888,364,630.645,4728.3,613.29,49009,2.1974265947937965,-0.0033079646818805486,-0.844190277159214,0.013703525066375732,0.7842608690261841,0.27541913043011673,0.272216796875,0.3336181640625,0.0003,,,,,,,,,785.8
2990080,365,632.259,4729.2,645.57,49126,1.8869748339056969,-0.004489724466111511,-0.8421058543026447,0.011551490053534508,0.8011036515235901,0.27539330051369865,0.2659912109375,0.425048828125,0.0003,,,,,,,,,785.8
2998272,366,633.864,4730.1,622.89,49240,1.6672604531049728,-0.004727201507193968,-0.8427280373871326,0.014630511403083801,0.8096873760223389,0.275360274184597,0.2633056640625,0.4190673828125,0.0003,,,,,,,,,785.8
3006464,367,635.567,4730.4,627.99,49360,2.2010783031582832,-0.0027166145155206323,-0.817337553948164,0.012555345892906189,0.7863213419914246,0.2752841876702997,0.2474365234375,0.367431640625,0.0003,,,,,,,,,785.8
3014656,368,637.197,4731.1,544.26,49470,2.1900425404310226,-0.004107429020223208,-0.8204745352268219,0.011473927646875381,0.7567099332809448,0.2753584488578465,0.3026123046875,0.406494140625,0.0003,,,,,,,,,785.8
3022848,369,638.923,4731.2,605.88,49600,2.395383842289448,-0.0029630320059368387,-0.8032166361808777,0.020029472187161446,0.7495499849319458,0.27538400872289975,0.2847900390625,0.3828125,0.0003,,,,,,,,,785.8
3031040,370,640.569,4731.8,660.18,49711,2.2455680519342422,0.0029801206837873906,-0.7798144072294235,0.020027000457048416,0.8026272058486938,0.2755057669974662,0.3204345703125,0.383544921875,0.0003,,,,,,,,,785.8
3039232,371,642.111,4733.2,632.85,49813,1.9974308013916016,-0.0004205979930702597,-0.7709363959729671,0.016364995390176773,0.7770984172821045,0.27559034650859165,0.306884765625,0.3546142578125,0.0003,,,,,,,,,785.8
3047424,372,643.693,4734.3,643.29,49925,2.2631057426333427,-0.0024040326388785616,-0.8324851766228676,0.01211722381412983,0.7564538717269897,0.27566265803511425,0.302490234375,0.342041015625,0.0003,,,,,,,,,785.8
3055616,373,645.279,4735.3,716.22,50035,2.1507370099425316,-0.005573739676037803,-0.8498017154633999,0.013784647919237614,0.7851445078849792,0.27560563892845175,0.25439453125,0.29833984375,0.0003,666.78,490.5,3132,100,0.0,0.0,0.0,0,785.8
3063808,374,647.461,4732.0,673.74,50151,2.164687216281891,0.0031849271326791495,-0.84767010435462,0.017543701454997063,0.76337730884552,0.275564591514873,0.26025390625,0.324462890625,0.0003,,,,,,,,,785.8
3072000,375,649.066,4733.0,629.64,50263,2.313542328774929,-0.000973671063547954,-0.8639212809503078,0.015332430601119995,0.743854284286499,0.27552278645833334,0.2598876953125,0.3333740234375,0.0003,,,,,,,,,785.8
3080192,376,650.662,4733.9,684.87,50375,1.819628968834877,-0.002863099332898855,-0.8622483797371387,0.012295544147491455,0.7888006567955017,0.2755068515209442,0.26953125,0.3389892578125,0.0003,,,,,,,,,785.8
3088384,377,652.346,4734.3,638.1,50495,2.198639325797558,-0.004338014856330119,-0.8598525859415531,0.012324811890721321,0.722016453742981,0.2755622357841512,0.29638671875,0.4024658203125,0.0003,,,,,,,,,785.8
3096576,378,654.004,4734.8,572.43,50620,2.265885628759861,-0.003865645470796153,-0.843106884509325,0.010439462959766388,0.747627854347229,0.27559020027281744,0.2861328125,0.4083251953125,0.0003,,,,,,,,,785.8
3104768,379,655.586,4735.9,650.22,50731,2.165709048509598,-0.0015601478517055511,-0.8403720147907734,0.01132485643029213,0.7802085280418396,0.2756457165237467,0.296630859375,0.384521484375,0.0003,,,,,,,,,785.8
3112960,380,657.293,4736.0,640.86,50855,2.2512352988123894,-0.0038985432911431417,-0.8230006545782089,0.01071624830365181,0.7499299049377441,0.2757198936060855,0.3038330078125,0.358642578125,0.0003,,,,,,,,,785.8
3121152,381,658.82,4737.5,533.64,50949,1.8790163174271584,-0.003253017785027623,-0.8072901256382465,0.014023620635271072,0.7404934167861938,0.2758545562664042,0.3270263671875,0.320068359375,0.0003,,,,,,,,,785.8
3129344,382,660.412,4738.5,513.78,51060,1.7074867859482765,-0.003221310587832704,-0.8178697489202023,0.014444470405578613,0.7833595871925354,0.2760028938972513,0.33251953125,0.39501953125,0.0003,,,,,,,,,785.8
3137536,383,662.065,4739.0,676.2,51172,1.7102449163794518,-0.004991869704099372,-0.8321381099522114,0.014396723359823227,0.7898685336112976,0.2761456760974217,0.3306884765625,0.4013671875,0.0003,,,,,,,,,785.8
3145728,384,663.801,4739.0,666.12,51287,1.7487985715270042,-0.005494872486451641,-0.8550040759146214,0.013977129012346268,0.7914837598800659,0.2762174606323242,0.3037109375,0.3519287109375,0.0003,,,,,,,,,785.8
3153920,385,665.48,4739.3,585.33,51397,2.2332942709326744,-0.004213638967485167,-0.8686615899205208,0.015470949001610279,0.6945761442184448,0.27623719054383117,0.2838134765625,0.38671875,0.0003,,,,,,,,,785.8
3162112,386,667.31,4738.6,682.32,51527,2.0390689447522163,-0.005070854458608665,-0.8779652081429958,0.011872447095811367,0.7512955069541931,0.27615720126295334,0.245361328125,0.3856201171875,0.0003,,,,,,,,,785.8
3170304,387,668.896,4739.6,764.64,51636,1.7601750195026398,-0.004801273171324283,-0.8591549247503281,0.015657620504498482,0.7851354479789734,0.27610979893410853,0.2578125,0.29296875,0.0003,,,,,,,,,785.8
3178496,388,670.601,4739.8,657.06,51764,2.0522303581237793,-0.004496037901844829,-0.8540648780763149,0.01664525270462036,0.7463679313659668,0.27610165310889173,0.27294921875,0.350830078125,0.0003,,,,,,,,,785.8
3186688,389,672.426,4739.1,645.69,51880,2.121489018201828,-0.00037763803265988827,-0.842419695109129,0.012393753975629807,0.7557559609413147,0.27606844473007713,0.26318359375,0.3751220703125,0.0003,,,,,,,,,785.8
3194880,390,674.216,4738.7,601.05,52012,2.0078733041882515,-0.002082283273921348,-0.8325163051486015,0.017636101692914963,0.7847393155097961,0.2760604467147436,0.27294921875,0.3131103515625,0.0003,,,,,,,,,785.8
3203072,391,675.825,4739.5,571.08,52125,2.126958481967449,-0.002461528842104599,-0.8010267466306686,0.014318594709038734,0.7190151214599609,0.27609588544996805,0.2899169921875,0.3592529296875,0.0003,,,,,,,,,785.8
3211264,392,677.75,4738.1,545.16,52254,2.0136956572532654,-0.004602543980581686,-0.8086528144776821,0.013751290738582611,0.7490749955177307,0.27609720035475127,0.276611328125,0.4415283203125,0.0003,,,,,,,,,785.8
3219456,393,679.448,4738.3,598.2,52377,1.9714461639523506,-0.003930862891138531,-0.7913156189024448,0.014550759457051754,0.7742893695831299,0.27608701594306617,0.2720947265625,0.3978271484375,0.0003,,,,,,,,,785.8
3227648,394,681.039,4739.3,686.16,52485,2.2253332436084747,-0.0017349843692500144,-0.800525676459074,0.013523498550057411,0.7397141456604004,0.27613946750079316,0.2967529296875,0.4261474609375,0.0003,,,,,,,,,785.8
3235840,395,682.589,4740.5,659.7,52596,1.7518474236130714,-0.005009248663554899,-0.8007593713700771,0.016573667526245117,0.8001431226730347,0.2761978342563291,0.2991943359375,0.3858642578125,0.0003,,,,,,,,,785.8
3244032,396,684.176,4741.5,594.0,52708,2.2422716841101646,-0.0011639054719125852,-0.7866896502673626,0.01235780119895935,0.748738169670105,0.2762010362413194,0.2774658203125,0.349853515625,0.0003,,,,,,,,,785.8
3252224,397,685.812,4742.2,582.99,52809,2.1609774082899094,-0.0021501493029063568,-0.7917210794985294,0.01455757487565279,0.7513495683670044,0.2762232859729219,0.2850341796875,0.359130859375,0.0003,,,,,,,,,785.8
3260416,398,687.622,4741.6,655.92,52948,2.1555521935224533,-0.003303827776107937,-0.8119183145463467,0.010117745026946068,0.7569587826728821,0.27626106607255024,0.291259765625,0.4052734375,0.0003,,,,,,,,,785.8
3268608,399,689.277,4742.1,623.97,53052,1.8631762489676476,-0.004087561086635105,-0.8128464184701443,0.013811461627483368,0.7595495581626892,0.2763222142269737,0.3006591796875,0.35888671875,0.0003,,,,,,,,,785.8
3276800,400,690.858,4743.1,592.65,53161,2.018120028078556,-0.004397124124807306,-0.8058285415172577,0.013151457533240318,0.7450650334358215,0.27638031005859376,0.299560546875,0.3629150390625,0.0003,,,,,,,,,785.8
3284992,401,692.692,4742.4,619.89,53285,2.159433923661709,-0.005478802166180685,-0.8389255031943321,0.013804973103106022,0.7260977029800415,0.2763623168640898,0.2691650390625,0.3953857421875,0.0003,,,,,,,,,785.8
3293184,402,694.407,4742.4,606.81,53409,2.201958291232586,-0.004463734658202156,-0.8316971696913242,0.01587294414639473,0.7268890142440796,0.2763271047108209,0.26220703125,0.3623046875,0.0003,,,,,,,,,785.8
3301376,403,696.088,4742.8,629.73,53516,2.3510629534721375,-0.0032019433128880337,-0.8358459994196892,0.011764745227992535,0.7186499834060669,0.2763156938197891,0.271728515625,0.3033447265625,0.0003,,,,,,,,,785.8
3309568,404,697.678,4743.7,674.76,53630,2.262181654572487,-0.004613186145434156,-0.8136070854961872,0.014154031872749329,0.745268702507019,0.2763641659576114,0.2958984375,0.3577880859375,0.0003,,,,,,,,,785.8
3317760,405,699.353,4744.0,713.82,53756,2.1897727251052856,-0.0014134205848677084,-0.828326590359211,0.014799414202570915,0.7727333307266235,0.276317756558642,0.257568359375,0.3209228515625,0.0003,,,,,,,,,785.8
3325952,406,700.974,4744.8,662.76,53862,2.308289922773838,-0.0011314795265207067,-0.7896912805736065,0.011332442052662373,0.7770587801933289,0.27631006099907635,0.273193359375,0.3193359375,0.0003,,,,,,,,,785.8
3334144,407,702.651,4745.1,667.89,53985,1.9122164696455002,-0.0030617165757576004,-0.8397444896399975,0.014590227976441383,0.782310426235199,0.2763389943565725,0.2880859375,0.407958984375,0.0003,,,,,,,,,785.8
3342336,408,704.286,4745.7,670.77,54100,2.007255159318447,-0.0024947920173872262,-0.8403093293309212,0.019719112664461136,0.7829304933547974,0.27633607153799017,0.275146484375,0.3719482421875,0.0003,,,,,,,,,785.8
3350528,409,705.938,4746.2,640.2,54227,2.0227292999625206,-0.004050487666972913,-0.8301675692200661,0.012018639594316483,0.7820351719856262,0.2763650982770477,0.2882080078125,0.373779296875,0.0003,,,,,,,,,785.8
3358720,410,707.54,4747.0,661.47,54335,2.2046168595552444,-0.0031622093229088932,-0.8167698718607426,0.010534114204347134,0.754673421382904,0.27639993807164637,0.2906494140625,0.324951171875,0.0003,,,,,,,,,785.8
3366912,411,709.126,4748.0,669.57,54449,2.611444868147373,-0.0023204779281513765,-0.8251407071948051,0.012529568746685982,0.7285104990005493,0.27635501016955594,0.2579345703125,0.32177734375,0.0003,,,,,,,,,785.8
3375104,412,710.788,4748.4,636.33,54563,2.368500739336014,-0.002038428792729974,-0.82699229195714,0.009854352101683617,0.7362004518508911,0.2763636320540049,0.2799072265625,0.2662353515625,0.0003,,,,,,,,,785.8
3383296,413,712.431,4748.9,615.3,54683,2.1698516979813576,-0.0051659436139743775,-0.8191783130168915,0.0130594652146101,0.7466604113578796,0.2763722121859867,0.2799072265625,0.327880859375,0.0003,,,,,,,,,785.8
3391488,414,714.051,4749.6,579.99,54802,2.3062370344996452,-0.00395930181548465,-0.8219873495399952,0.01189381442964077,0.7118002772331238,0.2763468424479167,0.265869140625,0.3448486328125,0.0003,,,,,,,,,785.8
3399680,415,715.681,4750.3,610.92,54924,1.8602190092206001,-0.00401102659816388,-0.8402249775826931,0.01149008795619011,0.7516552209854126,0.27638660109186747,0.2928466796875,0.329345703125,0.0003,,,,,,,,,785.8
3407872,416,717.306,4750.9,571.17,55035,1.9953291714191437,-0.004313311743317172,-0.8003086149692535,0.010761069133877754,0.7268090844154358,0.27648309560922474,0.3165283203125,0.3668212890625,0.0003,,,,,,,,,785.8
3416064,417,718.948,4751.5,527.31,55145,2.0998153388500214,-0.0027340292726876214,-0.8165707625448704,0.016136668622493744,0.7269958257675171,0.2765109201701139,0.2880859375,0.32470703125,0.0003,,,,,,,,,785.8
3424256,418,720.619,4751.8,544.5,55260,2.1597520038485527,-0.0009716578933876008,-0.8629206940531731,0.013217599131166935,0.6969500780105591,0.27652751429799644,0.283447265625,0.3836669921875,0.0003,,,,,,,,,785.8
3432448,419,722.212,4752.7,679.68,55378,2.0384089946746826,-0.0044145117863081396,-0.8368335925042629,0.012564249336719513,0.7281625270843506,0.2765405331704952,0.281982421875,0.419677734375,0.0003,,,,,,,,,785.8
3440640,420,723.98,4752.4,737.43,55513,2.0129620358347893,-0.005146461437107064,-0.8634158261120319,0.014678779989480972,0.7557789087295532,0.2764689127604167,0.2464599609375,0.373779296875,0.0003,,,,,,,,,785.8
3448832,421,725.553,4753.4,642.54,55625,2.5050390362739563,-0.0024000240955501795,-0.8488028347492218,0.011323580518364906,0.7168543338775635,0.27640198188836107,0.248291015625,0.3238525390625,0.0003,,,,,,,,,785.8
3457024,422,727.285,4753.3,618.27,55754,2.3633139431476593,-0.0018179756007157266,-0.8472589142620564,0.01512366533279419,0.7537249326705933,0.2763596665802725,0.258544921875,0.359130859375,0.0003,,,,,,,,,785.8
3465216,423,728.887,4754.1,617.31,55871,2.3250686526298523,-0.002550862220232375,-0.8426060192286968,0.011996522545814514,0.7399526834487915,0.2763308261303192,0.26416015625,0.384765625,0.0003,,,,,,,,,785.8
3473408,424,730.59,4754.2,613.89,55993,2.6050095930695534,-0.003506094217300415,-0.861249640583992,0.015006085857748985,0.71579909324646,0.2762382075471698,0.237060546875,0.353271484375,0.0003,,,,,,,,,785.8
3481600,425,732.238,4754.7,641.28,56114,2.6709595397114754,-0.004017542174551636,-0.8270566761493683,0.01353844627737999,0.7408576011657715,0.27622673483455884,0.2713623046875,0.3607177734375,0.0003,,,,,,,,,785.8
3489792,426,733.846,4755.5,672.96,56231,2.212369054555893,-0.00397378190245945,-0.8255440145730972,0.01642908900976181,0.7615647315979004,0.27623336863629694,0.279052734375,0.34619140625,0.0003,,,,,,,,,785.8
3497984,427,735.576,4755.4,619.59,56361,2.1872606724500656,-0.0020332816493464634,-0.8576569482684135,0.01274555828422308,0.7535611391067505,0.2762222468713407,0.271484375,0.350341796875,0.0003,,,,,,,,,785.8
3506176,428,737.213,4756.0,598.83,56475,2.448616310954094,-0.002289528158144094,-0.8278629630804062,0.015406607650220394,0.6973171234130859,0.27616925105870327,0.2535400390625,0.3231201171875,0.0003,,,,,,,,,785.8
3514368,429,738.812,4756.8,578.1,56587,2.2233237251639366,-0.0025803074531722814,-0.8428151533007622,0.018733110278844833,0.7301535606384277,0.2761950370592949,0.2872314453125,0.366455078125,0.0003,,,,,,,,,785.8
3522560,430,740.525,4756.8,703.35,56715,1.9709177389740944,-0.00012060569133609533,-0.8441645242273808,0.014926750212907791,0.7706842422485352,0.2761545580486919,0.2587890625,0.3453369140625,0.0003,,,,,,,,,785.8
3530752,431,742.128,4757.6,649.29,56832,2.0513943433761597,-0.0033675357699394226,-0.8594669289886951,0.015301552601158619,0.7392259836196899,0.27613239332584105,0.2666015625,0.3388671875,0.0003,,,,,,,,,785.8
3538944,432,743.704,4758.5,619.11,56950,2.2998986318707466,0.002144656522432342,-0.8673207312822342,0.020020853728055954,0.6994799375534058,0.27606935854311343,0.2489013671875,0.287109375,0.0003,,,,,,,,,785.8
3547136,433,745.405,4758.7,546.48,57076,2.207070864737034,0.0005833319155499339,-0.8549456559121609,0.01286450307816267,0.7207089066505432,0.2760263491447748,0.2574462890625,0.313720703125,0.0003,,,,,,,,,785.8
3555328,434,747.071,4759.0,574.11,57193,2.192735843360424,0.0010202355333603919,-0.8488540276885033,0.013771695084869862,0.6839808225631714,0.2759779125864055,0.2550048828125,0.2950439453125,0.0003,,,,,,,,,785.8
3563520,435,748.677,4759.8,596.91,57307,2.145139381289482,-0.0048044756695162505,-0.8508671969175339,0.012371132150292397,0.6654177904129028,0.275903039691092,0.243408203125,0.37060546875,0.0003,784.14,561.0,3327,100,0.0,0.0,0.0,0,785.8
3571712,436,750.873,4756.7,636.75,57438,2.0370602309703827,-0.0009582136990502477,-0.8555709347128868,0.016375727951526642,0.719258189201355,0.27591614329486813,0.2816162109375,0.3697509765625,0.0003,,,,,,,,,785.8
3579904,437,752.453,4757.6,670.89,57550,2.2138019129633904,-0.0024176033039111644,-0.8524322472512722,0.013816074468195438,0.7183288931846619,0.2758992978582666,0.2685546875,0.3714599609375,0.0003,,,,,,,,,785.8
3588096,438,754.211,4757.4,621.39,57672,2.2679726108908653,-0.003758463222766295,-0.8702482767403126,0.011518757790327072,0.7128363847732544,0.275839888341895,0.2498779296875,0.3662109375,0.0003,,,,,,,,,785.8
3596288,439,755.907,4757.6,643.5,57797,1.9053713157773018,-0.002673279130249284,-0.8533458970487118,0.015467583201825619,0.7796057462692261,0.2758249617383257,0.269287109375,0.2960205078125,0.0003,,,,,,,,,785.8
3604480,440,757.546,4758.1,588.69,57914,2.0014974251389503,-0.0039429465687135234,-0.8723676726222038,0.01207033358514309,0.7742888927459717,0.2757804177024148,0.2562255859375,0.321044921875,0.0003,,,,,,,,,785.8
3612672,441,759.356,4757.5,563.28,58051,2.268453299999237,-0.003831627996987663,-0.8785142153501511,0.010487198829650879,0.7635108828544617,0.27572251231221656,0.250244140625,0.3663330078125,0.0003,,,,,,,,,785.8
3620864,442,761.116,4757.3,560.34,58176,1.827257938683033,-0.003922919073374942,-0.8910829797387123,0.011620454490184784,0.7718758583068848,0.2757107143488405,0.2705078125,0.311767578125,0.0003,,,,,,,,,785.8
3629056,443,762.768,4757.7,503.13,58294,1.8829663395881653,-0.006658157624769956,-0.8585815690457821,0.017317403107881546,0.7458655834197998,0.2757083384770034,0.274658203125,0.31884765625,0.0003,,,,,,,,,785.8
3637248,444,764.397,4758.3,536.22,58410,2.0069707855582237,-0.005024439495173283,-0.8465521447360516,0.015413593500852585,0.7521371245384216,0.27575491140554614,0.29638671875,0.341552734375,0.0003,,,,,,,,,785.8
3645440,445,766.11,4758.4,626.22,58518,1.739473395049572,-0.0017397198535036296,-0.8134905099868774,0.017698975279927254,0.7703157663345337,0.2758739685744382,0.3287353515625,0.405517578125,0.0003,,,,,,,,,785.8
3653632,446,767.691,4759.2,626.16,58626,1.9334392920136452,-0.0014019272930454463,-0.8461377620697021,0.019522659480571747,0.7677125334739685,0.27584524111897424,0.2630615234375,0.35400390625,0.0003,,,,,,,,,785.8
3661824,447,769.431,4759.1,573.69,58755,2.097912974655628,-0.003154775404254906,-0.8747220449149609,0.014294964261353016,0.7407848834991455,0.27582401557256714,0.266357421875,0.373291015625,0.0003,,,,,,,,,785.8
3670016,448,771.117,4759.4,641.73,58877,2.074392482638359,-0.003384786847163923,-0.8374731577932835,0.011779090389609337,0.7673612236976624,0.2758227757045201,0.2752685546875,0.4161376953125,0.0003,,,,,,,,,785.8
3678208,449,772.736,4760.0,619.68,58999,1.9262522608041763,-0.0041294707043562084,-0.8528795167803764,0.01577155850827694,0.8051868081092834,0.27585226284103564,0.2890625,0.3853759765625,0.0003,,,,,,,,,785.8
3686400,450,774.465,4759.9,627.57,59120,1.9775989651679993,-0.004968920940882526,-0.8349635861814022,0.011835807003080845,0.7765159606933594,0.2758981662326389,0.2965087890625,0.330078125,0.0003,,,,,,,,,785.8
3694592,451,776.276,4759.4,595.62,59243,1.8912071734666824,-0.0033116395643446594,-0.8197435513138771,0.013938942924141884,0.7728101015090942,0.27590705550166295,0.2799072265625,0.2989501953125,0.0003,,,,,,,,,785.8
3702784,452,777.924,4759.8,566.73,59351,2.1744424253702164,-0.00023133799550123513,-0.7952872477471828,0.011908814311027527,0.7490109205245972,0.27592967885785397,0.2861328125,0.2708740234375,0.0003,,,,,,,,,785.8
3710976,453,779.516,4760.6,561.15,59450,1.7451511472463608,-0.005070733110187575,-0.8218154087662697,0.013378322124481201,0.7585729956626892,0.2759610948709989,0.2901611328125,0.3358154296875,0.0003,,,,,,,,,785.8
3719168,454,781.185,4760.9,709.23,59565,2.0366092398762703,-0.0018996144499396905,-0.8471479006111622,0.01456703431904316,0.7535972595214844,0.2759996321757985,0.29345703125,0.3551025390625,0.0003,,,,,,,,,785.8
3727360,455,782.743,4761.9,699.87,59674,2.3471151664853096,-0.001750084076775238,-0.7928553335368633,0.0168406143784523,0.7326103448867798,0.27598970853365384,0.271484375,0.298828125,0.0003,,,,,,,,,785.8
3735552,456,784.322,4762.8,640.53,59778,2.0220631510019302,-0.006582426169188693,-0.788568090647459,0.014201398007571697,0.7349240779876709,0.2760579962479441,0.30712890625,0.345947265625,0.0003,,,,,,,,,785.8
3743744,457,785.861,4763.9,742.77,59876,2.2172342091798782,-0.002860147229512222,-0.8039345033466816,0.015879478305578232,0.7515578269958496,0.2761217113135941,0.30517578125,0.348876953125,0.0003,,,,,,,,,785.8
3751936,458,787.524,4764.2,692.85,60000,2.029054783284664,-0.0034583077940624207,-0.7963658906519413,0.0196697898209095,0.7842426896095276,0.27615609647925765,0.2918701171875,0.3958740234375,0.0003,,,,,,,,,785.8
3760128,459,789.154,4764.8,687.54,60109,2.40102631598711,0.0007238568505272269,-0.7980287782847881,0.012338790111243725,0.7493261098861694,0.2761828852634804,0.2884521484375,0.3294677734375,0.0003,,,,,,,,,785.8
3768320,460,790.774,4765.4,635.73,60216,1.8655233159661293,-0.0021087664063088596,-0.7763472646474838,0.013416503556072712,0.7751942873001099,0.2763207477072011,0.339599609375,0.3564453125,0.0003,,,,,,,,,785.8
3776512,461,792.557,4765.0,579.99,60329,2.24392456561327,-0.003290369175374508,-0.7733908407390118,0.012039135210216045,0.7813044786453247,0.27648634507185466,0.3526611328125,0.350830078125,0.0003,,,,,,,,,785.8
3784704,462,794.097,4766.0,643.02,60415,1.8075985983014107,-0.004130801622522995,-0.7652781866490841,0.0126149607822299,0.7812532186508179,0.27670142764136907,0.3758544921875,0.2904052734375,0.0003,,,,,,,,,785.8
3792896,463,795.739,4766.5,661.47,60531,1.9149850830435753,-0.0011597974080359563,-0.8045774325728416,0.015347487293183804,0.8070707321166992,0.27674157161177104,0.2952880859375,0.2813720703125,0.0003,,,,,,,,,785.8
3801088,464,797.28,4767.6,671.04,60630,2.0548819601535797,-0.002949463974800892,-0.780611839145422,0.013826915994286537,0.7455228567123413,0.27679469667632006,0.3013916015625,0.3143310546875,0.0003,,,,,,,,,785.8
3809280,465,798.854,4768.4,606.27,60743,1.8992912396788597,-0.005144704278791323,-0.7981668524444103,0.012409145012497902,0.7560418844223022,0.27683814264112905,0.2969970703125,0.36328125,0.0003,,,,,,,,,785.8
3817472,466,800.413,4769.4,663.45,60853,1.6501635387539864,-0.005903598357690498,-0.807086855173111,0.01999811641871929,0.8037013411521912,0.2769075974885998,0.3092041015625,0.337890625,0.0003,,,,,,,,,785.8
3825664,467,801.986,4770.2,689.34,60960,2.063690699636936,-0.0005199531151447445,-0.7857850603759289,0.01431783102452755,0.731285572052002,0.27693885296774623,0.29150390625,0.31689453125,0.0003,,,,,,,,,785.8
3833856,468,803.572,4771.0,675.51,61060,1.9464772641658783,-0.005398283232352696,-0.7745338380336761,0.013404158875346184,0.7719693183898926,0.27702918419471156,0.3192138671875,0.34521484375,0.0003,,,,,,,,,785.8
3842048,469,805.295,4771.0,718.5,61182,2.361868195235729,-0.0025566928525222465,-0.8209321796894073,0.015112033113837242,0.7478326559066772,0.27709232159514924,0.306640625,0.3262939453125,0.0003,,,,,,,,,785.8
3850240,470,806.955,4771.3,673.47,61297,2.5599352046847343,-0.005071043822681531,-0.803634412586689,0.01436267327517271,0.743807315826416,0.277134412400266,0.296875,0.3212890625,0.0003,,,,,,,,,785.8
3858432,471,808.514,4772.3,644.07,61398,1.7514375895261765,-0.004938606056384742,-0.8052210249006748,0.013645783998072147,0.7886254787445068,0.2772089802282378,0.312255859375,0.337890625,0.0003,,,,,,,,,785.8
3866624,472,810.04,4773.4,731.13,61500,2.0556858107447624,-0.0038404002407332882,-0.8078876286745071,0.01451975665986538,0.7386705875396729,0.2772871114439883,0.3140869140625,0.36083984375,0.0003,,,,,,,,,785.8
3874816,473,811.711,4773.6,670.35,61623,2.2827826514840126,-0.004207160833175294,-0.8294034749269485,0.015755390748381615,0.7435368299484253,0.2772908442620243,0.279052734375,0.308349609375,0.0003,,,,,,,,,785.8
3883008,474,813.26,4774.6,622.89,61735,2.259972959756851,-0.0014684840862173587,-0.8073250278830528,0.01611541025340557,0.7558373808860779,0.2773058927511867,0.284423828125,0.3192138671875,0.0003,,,,,,,,,785.8
3891200,475,814.898,4775.1,637.32,61852,2.1688409224152565,-0.002951255039079115,-0.80847979336977,0.013978156261146069,0.775776743888855,0.2773658511513158,0.3057861328125,0.3685302734375,0.0003,,,,,,,,,785.8
3899392,476,816.544,4775.5,745.38,61970,2.4111751541495323,-0.0024341991811525077,-0.8247565813362598,0.013989141210913658,0.7710545063018799,0.2773345177914916,0.262451171875,0.35791015625,0.0003,,,,,,,,,785.8
3907584,477,818.229,4775.7,766.02,62092,2.955050766468048,-0.002457313472405076,-0.8108095861971378,0.013194411061704159,0.7521468997001648,0.2772838664504717,0.253173828125,0.3516845703125,0.0003,,,,,,,,,785.8
3915776,478,819.839,4776.3,652.95,62207,2.5297481417655945,-0.002576205355580896,-0.7991936728358269,0.015622845850884914,0.7449918985366821,0.27728092720319036,0.27587890625,0.351318359375,0.0003,,,,,,,,,785.8
3923968,479,821.463,4776.8,634.59,62309,2.297051467001438,-0.0008526255987817422,-0.7717394307255745,0.014311032369732857,0.7615412473678589,0.27732591091466596,0.298828125,0.313232421875,0.0003,,,,,,,,,785.8
3932160,480,823.224,4776.5,686.7,62421,2.2113841846585274,-0.003740345171536319,-0.7621981538832188,0.01126672700047493,0.79909348487854,0.277386728922526,0.3065185546875,0.344482421875,0.0003,,,,,,,,,785.8
3940352,481,824.787,4777.4,668.19,62530,1.8819704800844193,-0.004205256322165951,-0.7561230473220348,0.013273618184030056,0.807742178440094,0.27747495655210497,0.31982421875,0.2861328125,0.0003,,,,,,,,,785.8
3948544,482,826.315,4778.5,606.24,62639,2.238631136715412,-0.0038245270698098466,-0.751197773963213,0.010868677869439125,0.7689762115478516,0.2775124197678942,0.2955322265625,0.29931640625,0.0003,,,,,,,,,785.8
3956736,483,827.854,4779.5,585.9,62736,2.1625000834465027,-0.0034910821705125272,-0.7448384501039982,0.010836046189069748,0.7609804272651672,0.27756312273550726,0.302001953125,0.3369140625,0.0003,,,,,,,,,785.8
3964928,484,829.457,4780.1,706.95,62838,2.329943373799324,-0.0032739505695644766,-0.7557092048227787,0.013022545725107193,0.7744514346122742,0.2776640584646178,0.326416015625,0.3433837890625,0.0003,,,,,,,,,785.8
3973120,485,831.055,4780.8,757.65,62951,2.3967252299189568,-0.002681251979083754,-0.7745832465589046,0.015530582517385483,0.7756092548370361,0.2777248107280928,0.30712890625,0.3575439453125,0.0003,,,,,,,,,785.8
3981312,486,832.692,4781.3,757.65,63049,2.356447070837021,-0.0035690599761437625,-0.7639216594398022,0.016201335936784744,0.7739830017089844,0.277747385786394,0.2886962890625,0.3067626953125,0.0003,,,,,,,,,785.8
3989504,487,834.37,4781.5,696.06,63166,2.8472467064857483,-0.0012364914291538298,-0.7971535511314869,0.01454403717070818,0.7635061144828796,0.27771873395790553,0.2637939453125,0.2764892578125,0.0003,,,,,,,,,785.8
3997696,488,835.975,4782.1,662.67,63286,2.383930526673794,-0.003974731225753203,-0.7975953370332718,0.013496910221874714,0.7988954186439514,0.2776684370197234,0.253173828125,0.3306884765625,0.0003,,,,,,,,,785.8
4005888,489,837.595,4782.6,633.84,63398,2.631353199481964,-0.0013212068588472903,-0.787416372448206,0.011296229436993599,0.7264837026596069,0.27768574658103273,0.2861328125,0.337646484375,0.0003,,,,,,,,,785.8
4014080,490,839.095,4783.8,621.81,63503,1.7987388670444489,-0.005646561723551713,-0.8109483234584332,0.01608697511255741,0.7856559753417969,0.27772042410714287,0.294677734375,0.36767578125,0.0003,,,,,,,,,785.8
4022272,491,840.743,4784.2,604.32,63625,2.091873459517956,-0.0055428977648261935,-0.8257074132561684,0.014323469251394272,0.7812807559967041,0.2776808728996945,0.25830078125,0.39794921875,0.0003,,,,,,,,,785.8
4030464,492,842.698,4782.8,588.03,63747,2.190054476261139,-0.004953204028424807,-0.8311642296612263,0.01480778492987156,0.7639279365539551,0.2776394975863821,0.25732421875,0.3363037109375,0.0003,,,,,,,,,785.8
4038656,493,844.374,4783.0,524.01,63868,2.2699824199080467,-0.005522059662325773,-0.8261590823531151,0.013387970626354218,0.7485197186470032,0.2775916047318712,0.2540283203125,0.35986328125,0.0003,,,,,,,,,785.8
4046848,494,846.017,4783.4,552.66,63981,2.0054458007216454,-0.0044384929205989465,-0.8237206339836121,0.01311209425330162,0.7788271307945251,0.2776649876644737,0.3138427734375,0.3370361328125,0.0003,,,,,,,,,785.8
4055040,495,847.577,4784.3,635.52,64091,2.44449046254158,-0.00197292380471481,-0.7914207689464092,0.015060634352266788,0.7482531666755676,0.2777099609375,0.2999267578125,0.3809814453125,0.0003,,,,,,,,,785.8
4063232,496,849.031,4785.7,643.47,64180,1.9007354378700256,-0.0046981374034658074,-0.7951430194079876,0.010086488910019398,0.8102250099182129,0.27788051482169857,0.3623046875,0.3948974609375,0.0003,,,,,,,,,785.8
4071424,497,850.603,4786.5,715.65,64290,2.3456730246543884,-0.0032286133646266535,-0.8071963340044022,0.012629704549908638,0.8031635880470276,0.2778917155275402,0.283447265625,0.33935546875,0.0003,808.56,580.5,3261,100,0.0,0.0,0.0,0,785.8
4079616,498,852.695,4784.4,714.06,64390,2.5136471167206764,-9.994850552175194e-05,-0.7940424829721451,0.017677132040262222,0.7688271403312683,0.2779440515970131,0.303955078125,0.308349609375,0.0003,,,,,,,,,785.8
4087808,499,854.151,4785.8,841.47,64489,2.1097464561462402,-0.0026156962558161467,-0.809428408741951,0.011083893477916718,0.811233401298523,0.2780402112819389,0.325927734375,0.3118896484375,0.0003,,,,,,,,,785.8
4096000,500,855.735,4786.5,754.8,64610,2.274449586868286,-0.0034008677903329954,-0.8113907016813755,0.011868775822222233,0.7897902727127075,0.27807666015625,0.2962646484375,0.42236328125,0.0003,,,,,,,,,785.8
4104192,501,857.246,4787.6,676.2,64723,2.3283233493566513,-0.0031130506977206096,-0.7997816987335682,0.013999221846461296,0.7945500612258911,0.2781341613647705,0.306884765625,0.422607421875,0.0003,,,,,,,,,785.8
4112384,502,858.917,4787.9,693.48,64831,2.261620193719864,-0.0015847524628043175,-0.799928791821003,0.012950178235769272,0.7383177876472473,0.27819726951568724,0.309814453125,0.411865234375,0.0003,,,,,,,,,785.8
4120576,503,860.588,4788.1,596.88,64945,2.324765719473362,-0.0032082269026432186,-0.7895159460604191,0.013045140542089939,0.7565995454788208,0.2782074641991799,0.2833251953125,0.3934326171875,0.0003,,,,,,,,,785.8
4128768,504,862.264,4788.3,528.42,65061,2.2183184027671814,-0.003884704172378406,-0.8139699809253216,0.01425955630838871,0.7551538944244385,0.2782137431795635,0.2813720703125,0.4066162109375,0.0003,,,,,,,,,785.8
4136960,505,863.814,4789.2,546.6,65179,2.0177286118268967,-0.002264082373585552,-0.8109151683747768,0.015306858345866203,0.7815442085266113,0.2781897818688119,0.26611328125,0.41943359375,0.0003,,,,,,,,,785.8
4145152,506,865.531,4789.1,603.63,65300,2.1980441361665726,-0.0027782094257418066,-0.8155433423817158,0.015969790518283844,0.7711998224258423,0.27818497367527173,0.2757568359375,0.384521484375,0.0003,,,,,,,,,785.8
4153344,507,867.027,4790.3,636.48,65409,1.9599202647805214,-0.004928380541969091,-0.8207418136298656,0.009709909558296204,0.7896603941917419,0.27817753598064593,0.2744140625,0.36474609375,0.0003,,,,,,,,,785.8
4161536,508,868.666,4790.7,692.58,65524,2.36923298984766,-0.002782804163871333,-0.8472196944057941,0.015274878591299057,0.7551541328430176,0.2780766524667815,0.2269287109375,0.34521484375,0.0003,,,,,,,,,785.8
4169728,509,870.23,4791.5,696.6,65637,2.0764507353305817,-0.00018004256708081812,-0.830304067581892,0.024120379239320755,0.7853727340698242,0.2780116592736984,0.2449951171875,0.39111328125,0.0003,,,,,,,,,785.8
4177920,510,871.889,4791.8,595.83,65753,2.4527894109487534,0.0010903167712967843,-0.8311214670538902,0.011219451203942299,0.7743304967880249,0.2779926374846814,0.268310546875,0.38623046875,0.0003,,,,,,,,,785.8
4186112,511,873.455,4792.6,594.21,65861,2.8991152495145798,-0.002348318084841594,-0.8156315609812737,0.010156974196434021,0.7309790253639221,0.27796365696856656,0.26318359375,0.2840576171875,0.0003,,,,,,,,,785.8
4194304,512,874.953,4793.8,643.23,65974,2.803391933441162,-0.003973189101088792,-0.8460188768804073,0.012233266606926918,0.7172688245773315,0.2779355049133301,0.2635498046875,0.3140869140625,0.0003,,,,,,,,,785.8
4202496,513,876.61,4794.0,656.91,66099,2.290606863796711,-0.005068775717518292,-0.8713479824364185,0.013239676132798195,0.7567603588104248,0.2779062728435672,0.262939453125,0.403076171875,0.0003,,,,,,,,,785.8
4210688,514,878.31,4794.1,664.32,66226,2.443997159600258,-0.0042942449217662215,-0.8578953482210636,0.013228630647063255,0.7465867400169373,0.27784960557514593,0.248779296875,0.3759765625,0.0003,,,,,,,,,785.8
4218880,515,880.051,4793.9,526.2,66354,2.4379577711224556,-0.0039443956047762185,-0.8666498810052872,0.014849637635052204,0.7273068428039551,0.2778505195691748,0.2783203125,0.40234375,0.0003,,,,,,,,,785.8
4227072,516,881.74,4794.0,614.46,66481,2.2951404228806496,-0.001510832502390258,-0.8151092194020748,0.016749422997236252,0.7661334276199341,0.27781925644985467,0.26171875,0.396728515625,0.0003,,,,,,,,,785.8
4235264,517,883.211,4795.3,621.6,66583,2.2595343217253685,0.0005853950569871813,-0.8239947482943535,0.015582682564854622,0.774240255355835,0.2777862253687137,0.2607421875,0.359375,0.0003,,,,,,,,,785.8
4243456,518,884.777,4796.1,664.05,66692,2.2549762800335884,0.00023708431399427354,-0.8150957264006138,0.011921819299459457,0.7853125333786011,0.2777643976984797,0.2664794921875,0.335693359375,0.0003,,,,,,,,,785.8
4251648,519,886.272,4797.2,672.54,66802,2.5075307488441467,-0.0023230518272612244,-0.7712974660098553,0.010286929085850716,0.7735888361930847,0.27776523362235067,0.2781982421875,0.3404541015625,0.0003,,,,,,,,,785.8
4259840,520,887.743,4798.5,718.41,66903,2.4683929458260536,-0.0027956862322753295,-0.7571156360208988,0.012239782139658928,0.753247857093811,0.27783860426682694,0.31591796875,0.3450927734375,0.0003,,,,,,,,,785.8
4268032,521,889.298,4799.3,714.39,67017,2.405641309916973,-0.00396455817099195,-0.7657006978988647,0.015657205134630203,0.7791640162467957,0.2779203623590451,0.3204345703125,0.427978515625,0.0003,,,,,,,,,785.8
4276224,522,890.816,4800.3,714.09,67124,2.340477854013443,-0.002720436343224719,-0.7687166966497898,0.015254268422722816,0.7902462482452393,0.27795948013948757,0.29833984375,0.362060546875,0.0003,,,,,,,,,785.8
4284416,523,892.311,4801.5,721.35,67228,2.530609890818596,-0.0009816407109610736,-0.7570578679442406,0.012057002633810043,0.773296594619751,0.278060767208413,0.3309326171875,0.2890625,0.0003,,,,,,,,,785.8
4292608,524,893.814,4802.6,656.43,67335,2.5176418721675873,-0.0029644719761563465,-0.7831348143517971,0.011520929634571075,0.7710544466972351,0.2780626602755248,0.279052734375,0.330322265625,0.0003,,,,,,,,,785.8
4300800,525,895.344,4803.5,638.94,67448,2.2168236821889877,-0.0016576068592257798,-0.7996811084449291,0.010626545175909996,0.7805162668228149,0.27811732700892855,0.3067626953125,0.3731689453125,0.0003,,,,,,,,,785.8
4308992,526,897.006,4803.7,684.6,67559,2.3627931028604507,-0.003797927507548593,-0.7799635268747807,0.017909914255142212,0.7660874724388123,0.27806781725285173,0.2520751953125,0.3563232421875,0.0003,,,,,,,,,785.8
4317184,527,898.743,4803.6,688.47,67678,2.6326116397976875,-0.0024747306597419083,-0.7516881339251995,0.015784934163093567,0.714465320110321,0.27804466985887094,0.265869140625,0.3092041015625,0.0003,,,,,,,,,785.8
4325376,528,900.323,4804.2,577.74,67779,2.1108221411705017,-0.004529591868049465,-0.732093695551157,0.01299764309078455,0.7298902273178101,0.2781633319276752,0.3406982421875,0.349853515625,0.0003,,,,,,,,,785.8
4333568,529,901.796,4805.5,676.56,67881,2.206848844885826,-0.002277712570503354,-0.7428504042327404,0.014865811914205551,0.738559901714325,0.2782557006143667,0.3270263671875,0.331787109375,0.0003,,,,,,,,,785.8
4341760,530,903.337,4806.4,776.49,67986,1.9220726862549782,-0.0043192884913878515,-0.7796137630939484,0.014788404107093811,0.7385465502738953,0.278333901459316,0.3197021484375,0.4364013671875,0.0003,,,,,,,,,785.8
4349952,531,904.909,4807.1,850.53,68085,2.3423954471945763,-0.0016748985508456826,-0.7572533302009106,0.01432040985673666,0.7292110919952393,0.2784033019214925,0.315185546875,0.3890380859375,0.0003,,,,,,,,,785.8
4358144,532,906.576,4807.3,796.23,68193,2.1887716874480247,-0.004406149353599176,-0.7877092845737934,0.016439830884337425,0.7376861572265625,0.27843641697015975,0.2960205078125,0.3270263671875,0.0003,,,,,,,,,785.8
4366336,533,908.132,4808.0,781.23,68293,2.1129110455513,-0.0014887327270116657,-0.7796138189733028,0.014502974227070808,0.8006131649017334,0.27846184993550654,0.2919921875,0.3206787109375,0.0003,,,,,,,,,785.8
4374528,534,909.826,4808.1,694.56,68414,2.410605050623417,0.0014412589225685224,-0.7698511742055416,0.02014670893549919,0.7658368349075317,0.27847370047694286,0.2847900390625,0.35107421875,0.0003,,,,,,,,,785.8
4382720,535,911.384,4808.9,681.42,68521,2.267126463353634,-0.004854381753830239,-0.7885512411594391,0.010043144226074219,0.7787899971008301,0.2784975996641355,0.291259765625,0.33251953125,0.0003,,,,,,,,,785.8
4390912,536,912.997,4809.3,665.22,68627,2.178934745490551,-0.0038821679481770843,-0.803984273225069,0.012208287604153156,0.7732442021369934,0.2784933972714552,0.2762451171875,0.3372802734375,0.0003,,,,,,,,,785.8
4399104,537,914.465,4810.6,716.01,68721,2.0959202125668526,-0.003749207840883173,-0.7914445288479328,0.011766774579882622,0.757614016532898,0.27853535629073556,0.301025390625,0.3016357421875,0.0003,,,,,,,,,785.8
4407296,538,915.977,4811.6,781.98,68815,2.1502723395824432,-0.0034765526943374425,-0.8061843737959862,0.009685195982456207,0.7519248723983765,0.27863025310757433,0.32958984375,0.3272705078125,0.0003,,,,,,,,,785.8
4415488,539,917.711,4811.4,779.64,68937,2.131035126745701,-0.0032140872353920713,-0.8061563223600388,0.012923680245876312,0.7951412796974182,0.27865187268089053,0.290283203125,0.3663330078125,0.0003,,,,,,,,,785.8
4423680,540,919.291,4812.1,635.07,69038,2.461490623652935,-0.0015026037290226668,-0.7879089452326298,0.01449318416416645,0.7557342648506165,0.27868584526909723,0.2969970703125,0.2952880859375,0.0003,,,,,,,,,785.8
4431872,541,920.955,4812.3,599.4,69144,2.125616781413555,-0.004149961590883322,-0.8064900562167168,0.011620525270700455,0.756193995475769,0.27874541503003697,0.3109130859375,0.3001708984375,0.0003,,,,,,,,,785.8
4440064,542,922.607,4812.5,677.16,69253,2.043287619948387,-0.006190065789269283,-0.8103195838630199,0.010368256829679012,0.7148586511611938,0.2786977845364391,0.2529296875,0.3055419921875,0.0003,,,,,,,,,785.8
4448256,543,924.282,4812.7,634.32,69368,1.9501284211874008,-0.004253779276041314,-0.8359426707029343,0.014535661786794662,0.7390565872192383,0.2786543760071363,0.255126953125,0.32275390625,0.0003,,,,,,,,,785.8
4456448,544,926.004,4812.6,653.25,69494,1.8752737492322922,-0.0023837196204112843,-0.8486251756548882,0.02274569496512413,0.7570390701293945,0.27858711691463695,0.2420654296875,0.381103515625,0.0003,,,,,,,,,785.8
4464640,545,927.655,4812.8,609.36,69607,1.842821255326271,6.947066867724061e-05,-0.8791955038905144,0.011318618431687355,0.7654083967208862,0.27854944631594036,0.258056640625,0.342529296875,0.0003,,,,,,,,,785.8
4472832,546,929.275,4813.3,545.61,69733,1.8412866070866585,-0.006783136836020276,-0.8629784733057022,0.014594200998544693,0.7634952664375305,0.27853404733287546,0.2701416015625,0.3460693359375,0.0003,,,,,,,,,785.8
4481024,547,930.787,4814.2,631.62,69848,1.964802198112011,-0.005753400517278351,-0.8539526350796223,0.017166292294859886,0.7079958319664001,0.27854235996058047,0.2830810546875,0.3614501953125,0.0003,,,,,,,,,785.8
4489216,548,932.548,4813.9,495.12,69983,2.120328538119793,-0.0041238557460019365,-0.8372882716357708,0.014866833575069904,0.7127503156661987,0.2784978490676323,0.254150390625,0.3817138671875,0.0003,,,,,,,,,785.8
4497408,549,934.052,4814.9,557.49,70091,2.1174376308918,-0.003102232876699418,-0.8387250900268555,0.01861708052456379,0.7190495729446411,0.2785248747723133,0.2933349609375,0.38720703125,0.0003,,,,,,,,,785.8
4505600,550,935.634,4815.6,642.87,70208,2.3008202463388443,-0.0022822336613899097,-0.8381233587861061,0.010983413085341454,0.7402900457382202,0.2785498046875,0.292236328125,0.4010009765625,0.0003,,,,,,,,,785.8
4513792,551,937.243,4816.0,656.49,70322,1.9751854836940765,-0.003844949707854539,-0.8353042006492615,0.010446937754750252,0.7722630500793457,0.27854894509981853,0.278076171875,0.42041015625,0.0003,,,,,,,,,785.8
4521984,552,938.953,4816.0,685.23,70455,2.408061169087887,-0.003672065387945622,-0.8459591008722782,0.011308318935334682,0.724084734916687,0.27854322350543476,0.275390625,0.4205322265625,0.0003,,,,,,,,,785.8
4530176,553,940.447,4817.0,674.97,70564,2.1323579773306847,-0.0051992741209687665,-0.8158878870308399,0.011322022415697575,0.7360537648200989,0.27852803069902804,0.2701416015625,0.4659423828125,0.0003,,,,,,,,,785.8
4538368,554,941.874,4818.4,690.99,70663,2.2896968871355057,-0.0030305369873531163,-0.7823723740875721,0.01590704172849655,0.7507191896438599,0.27852038442012633,0.2742919921875,0.36962890625,0.0003,,,,,,,,,785.8
4546560,555,943.34,4819.6,616.02,70775,2.007843568921089,-0.005213543583522551,-0.7987424805760384,0.016607653349637985,0.750520646572113,0.27856027414132883,0.3006591796875,0.382568359375,0.0003,,,,,,,,,785.8
4554752,556,944.984,4819.9,629.82,70896,2.084119960665703,-0.0015805582806933671,-0.8080588355660439,0.013884109444916248,0.736014723777771,0.27854996276416366,0.2728271484375,0.376220703125,0.0003,,,,,,,,,785.8
4562944,557,946.439,4821.2,688.35,70998,2.022592231631279,-0.0037616114132106304,-0.80006542801857,0.018494712188839912,0.714952826499939,0.27857190445466784,0.290771484375,0.3690185546875,0.0003,,,,,,,,,785.8
4571136,558,948.048,4821.6,656.67,71098,2.0728858932852745,0.0028328287007752806,-0.7794280610978603,0.018357321619987488,0.7168563604354858,0.27862133176523296,0.30615234375,0.3350830078125,0.0003,,,,,,,,,785.8
4579328,559,949.566,4822.5,685.23,71199,2.509030818939209,-0.001925699572893791,-0.8242671862244606,0.01719437725841999,0.6869236826896667,0.2786808457485465,0.3118896484375,0.35009765625,0.0003,816.9,595.5,3549,100,0.0,0.0,0.0,0,785.8
4587520,560,951.638,4820.7,694.92,71307,2.4140974953770638,-0.003723319838172756,-0.8033968396484852,0.009756658226251602,0.7150304317474365,0.27870570591517857,0.2926025390625,0.3477783203125,0.0003,,,,,,,,,785.8
4595712,561,953.117,4821.8,609.6,71418,2.395264193415642,-0.0028710641636280343,-0.8251945376396179,0.01864844188094139,0.7185136079788208,0.2787243848178476,0.2891845703125,0.34619140625,0.0003,,,,,,,,,785.8
4603904,562,954.568,4823.0,622.65,71526,2.1375515684485435,-0.004588903539115563,-0.8098862208425999,0.013069276697933674,0.7299996614456177,0.27872019051657027,0.2763671875,0.3797607421875,0.0003,,,,,,,,,785.8
4612096,563,956.057,4824.1,705.45,71639,2.261019930243492,-0.007005356892477721,-0.822521273046732,0.01387732196599245,0.7566249370574951,0.27874658289853466,0.2935791015625,0.3585205078125,0.0003,,,,,,,,,785.8
4620288,564,957.539,4825.2,695.55,71753,2.0368554443120956,-0.006459020805777982,-0.8426517136394978,0.011446609161794186,0.8190022706985474,0.2787577311197917,0.2850341796875,0.3309326171875,0.0003,,,,,,,,,785.8
4628480,565,959.156,4825.6,633.78,71863,2.4135888442397118,-0.004250829049851745,-0.8386363945901394,0.009208925999701023,0.7671221494674683,0.2787364318307522,0.2667236328125,0.3135986328125,0.0003,,,,,,,,,785.8
4636672,566,960.698,4826.4,729.15,71977,2.0691314712166786,-0.005054149602074176,-0.84702542796731,0.012384427711367607,0.8018196225166321,0.2787020518164753,0.25927734375,0.33935546875,0.0003,,,,,,,,,785.8
4644864,567,962.201,4827.3,702.72,72096,2.3628366589546204,-0.0035547838488128036,-0.8426778092980385,0.011953609064221382,0.7374882698059082,0.27866585544808203,0.2581787109375,0.367431640625,0.0003,,,,,,,,,785.8
4653056,568,963.673,4828.5,687.0,72205,2.2620527297258377,-0.005930676183197647,-0.8231286630034447,0.012009082362055779,0.7368558645248413,0.27866997517330544,0.281005859375,0.392822265625,0.0003,,,,,,,,,785.8
4661248,569,965.189,4829.4,644.55,72324,2.4956150203943253,-0.00526442562113516,-0.8242978416383266,0.012875253334641457,0.7223739624023438,0.2786425437994288,0.2630615234375,0.427490234375,0.0003,,,,,,,,,785.8
4669440,570,966.696,4830.3,746.19,72435,1.925543986260891,-0.0016480096528539434,-0.8387099876999855,0.012404987588524818,0.7926181554794312,0.27859464946546053,0.2513427734375,0.3321533203125,0.0003,,,,,,,,,785.8
4677632,571,968.22,4831.2,735.21,72542,2.4914069548249245,-0.00353353850368876,-0.8295188434422016,0.013553211465477943,0.769157886505127,0.2785338821010289,0.243896484375,0.333251953125,0.0003,,,,,,,,,785.8
4685824,572,969.855,4831.5,784.2,72662,2.594748117029667,-0.003962385861086659,-0.8488047979772091,0.014168394729495049,0.775212287902832,0.2785121677638768,0.26611328125,0.339111328125,0.0003,,,,,,,,,785.8
4694016,573,971.386,4832.3,842.7,72766,2.5345515459775925,-0.003701589143020101,-0.8505588956177235,0.012363043613731861,0.7635173201560974,0.278447069630781,0.2412109375,0.324951171875,0.0003,,,,,,,,,785.8
4702208,574,972.929,4833.0,720.33,72891,2.4618804454803467,-0.0052496807620627806,-0.8373408876359463,0.012064839713275433,0.8126884698867798,0.2783913429605836,0.2464599609375,0.3408203125,0.0003,,,,,,,,,785.8
4710400,575,974.405,4834.1,613.29,73002,2.7198047041893005,-0.006392310839146376,-0.8161194398999214,0.009783524088561535,0.7732877135276794,0.2783237092391304,0.239501953125,0.334716796875,0.0003,,,,,,,,,785.8
4718592,576,975.921,4835.0,601.83,73120,2.3132235780358315,-0.0059115580370416865,-0.8671420849859715,0.011833925731480122,0.7824283242225647,0.2782832251654731,0.2550048828125,0.3115234375,0.0003,,,,,,,,,785.8
4726784,577,977.478,4835.7,712.47,73242,2.2975248619914055,-0.007208801558590494,-0.8296785689890385,0.012515883892774582,0.7834094166755676,0.2782572675205806,0.2633056640625,0.3502197265625,0.0003,,,,,,,,,785.8
4734976,578,978.985,4836.6,603.24,73354,2.301928587257862,-0.0026031523011624813,-0.8341328427195549,0.014463849365711212,0.7647716999053955,0.2782278093912197,0.26123046875,0.3253173828125,0.0003,,,,,,,,,785.8
4743168,579,980.526,4837.4,576.06,73476,2.2389053031802177,-0.003785717999562621,-0.8216625675559044,0.01807870715856552,0.781150221824646,0.2781910739826209,0.2569580078125,0.3656005859375,0.0003,,,,,,,,,785.8
4751360,580,982.047,4838.2,565.47,73587,2.1998076364398003,-0.00619802535220515,-0.7996863983571529,0.014634528197348118,0.7685445547103882,0.27815699084051726,0.2584228515625,0.3458251953125,0.0003,,,,,,,,,785.8
4759552,581,983.631,4838.8,602.58,73716,2.361779972910881,0.00019100832287222147,-0.8141742832958698,0.02042541094124317,0.7503125071525574,0.27816126391727625,0.2806396484375,0.35546875,0.0003,,,,,,,,,785.8
4767744,582,985.049,4840.1,646.74,73813,2.119318448007107,-0.004722796147689223,-0.7790886759757996,0.013362007215619087,0.7675657272338867,0.2782362056352019,0.32177734375,0.27001953125,0.0003,,,,,,,,,785.8
4775936,583,986.529,4841.2,716.49,73921,2.1528191342949867,-0.003232293063774705,-0.7838811352849007,0.016104036942124367,0.7885735034942627,0.2783190562017582,0.3265380859375,0.3143310546875,0.0003,,,,,,,,,785.8
4784128,584,988.1,4841.7,718.56,74031,2.7322303131222725,-0.003704533912241459,-0.7850782386958599,0.01180409174412489,0.7354604601860046,0.2783198944509846,0.27880859375,0.33349609375,0.0003,,,,,,,,,785.8
4792320,585,989.583,4842.8,720.9,74136,2.3075192645192146,-0.003919563925592229,-0.7817590348422527,0.011338754557073116,0.7547252178192139,0.27842944544604703,0.3424072265625,0.3909912109375,0.0003,,,,,,,,,785.8
4800512,586,991.113,4843.6,721.14,74250,2.3786296769976616,-0.0022976638574618846,-0.7701323851943016,0.018868185579776764,0.7561252117156982,0.27850508445765787,0.32275390625,0.35107421875,0.0003,,,,,,,,,785.8
4808704,587,992.535,4844.9,658.56,74348,2.366550348699093,-0.0024001136189326644,-0.7323099114000797,0.013524450361728668,0.7807339429855347,0.2786312070778322,0.3525390625,0.384033203125,0.0003,,,,,,,,,785.8
4816896,588,993.987,4846.0,709.17,74452,2.3445982858538628,-0.003033706540009007,-0.76342498883605,0.016615821048617363,0.769953727722168,0.2787052076690051,0.3221435546875,0.3485107421875,0.0003,,,,,,,,,785.8
4825088,589,995.431,4847.2,728.25,74554,2.3521778360009193,-0.002480819122865796,-0.7630384862422943,0.016463175415992737,0.7752239108085632,0.2788009254960739,0.3350830078125,0.3489990234375,0.0003,,,,,,,,,785.8
4833280,590,996.835,4848.6,741.57,74644,2.526948943734169,-0.0007646857120562345,-0.7662451937794685,0.017162561416625977,0.7462770342826843,0.2788934222722458,0.3333740234375,0.341064453125,0.0003,,,,,,,,,785.8
4841472,591,998.307,4849.7,740.37,74747,2.777385376393795,-0.0004991986061213538,-0.7999451272189617,0.011320372112095356,0.7649999856948853,0.2789098026385364,0.28857421875,0.3504638671875,0.0003,,,,,,,,,785.8
4849664,592,999.759,4850.8,795.66,74852,2.659599021077156,-0.0023453969915863127,-0.7781239524483681,0.021530751138925552,0.7718608379364014,0.2789059200802365,0.276611328125,0.3316650390625,0.0003,,,,,,,,,785.8
4857856,593,1001.23,4851.9,731.04,74967,2.9678066447377205,0.000816106767160818,-0.7744394652545452,0.015632975846529007,0.760936975479126,0.27896833500210794,0.31591796875,0.3411865234375,0.0003,,,,,,,,,785.8
4866048,594,1002.665,4853.1,666.87,75064,2.892521411180496,-5.212258838582784e-05,-0.7625709697604179,0.017369940876960754,0.7221366167068481,0.27900197449757996,0.2989501953125,0.3106689453125,0.0003,,,,,,,,,785.8
4874240,595,1004.089,4854.4,724.41,75163,2.8190649151802063,-0.0009887087799143046,-0.7399990037083626,0.013807659968733788,0.7416229248046875,0.27911982175682776,0.34912109375,0.35302734375,0.0003,,,,,,,,,785.8
4882432,596,1005.484,4855.8,773.52,75251,2.3188478872179985,-0.0043582161160884425,-0.7083281800150871,0.01588170975446701,0.7954716682434082,0.279273525980495,0.3707275390625,0.3936767578125,0.0003,,,,,,,,,785.8
4890624,597,1006.93,4857.0,690.54,75356,2.042857013642788,-0.005868348467629403,-0.7458007149398327,0.011507522314786911,0.8343988656997681,0.2794103574513191,0.3609619140625,0.37109375,0.0003,,,,,,,,,785.8
4898816,598,1008.313,4858.4,693.06,75442,2.2138805761933327,-0.0021694907336495817,-0.7424289658665657,0.015853988006711006,0.8377968072891235,0.279518765350648,0.34423828125,0.3055419921875,0.0003,,,,,,,,,785.8
4907008,599,1009.728,4859.7,770.61,75537,2.555233582854271,-0.0006181334465509281,-0.7457005828619003,0.014081715606153011,0.8120909333229065,0.27958788736435725,0.3209228515625,0.3541259765625,0.0003,,,,,,,,,785.8
4915200,600,1011.208,4860.7,838.98,75645,2.6651215702295303,-0.0015014233940746635,-0.7700907401740551,0.013897934928536415,0.8067424297332764,0.27965718587239585,0.3211669921875,0.3680419921875,0.0003,,,,,,,,,785.8
4923392,601,1012.686,4861.7,785.88,75755,2.537687137722969,-0.003916638204827905,-0.7808895260095596,0.011616867035627365,0.8220901489257812,0.2797037083376664,0.3076171875,0.3463134765625,0.0003,,,,,,,,,785.8
4931584,602,1014.167,4862.7,727.2,75863,2.783779203891754,-0.0020312296837801114,-0.8003279156982899,0.01183217205107212,0.7701374292373657,0.27969046050924,0.271728515625,0.3974609375,0.0003,,,,,,,,,785.8
4939776,603,1015.652,4863.7,708.18,75965,2.4823417142033577,-0.0034651038877200335,-0.8091837652027607,0.013439508154988289,0.7981086373329163,0.2797805001684287,0.333984375,0.42724609375,0.0003,,,,,,,,,785.8
4947968,604,1017.104,4864.8,749.85,76073,2.6686348617076874,-0.004585357368341647,-0.7717289216816425,0.010325748473405838,0.7966402173042297,0.2798888351743584,0.34521484375,0.388671875,0.0003,,,,,,,,,785.8
4956160,605,1018.531,4866.0,697.2,76174,2.213258236646652,-0.001624844502657652,-0.7474164813756943,0.014038481749594212,0.8225840926170349,0.27997522275309916,0.3321533203125,0.4437255859375,0.0003,,,,,,,,,785.8
4964352,606,1019.945,4867.3,768.6,76270,2.6354250386357307,-0.0008214307308662683,-0.7614679075777531,0.01657436415553093,0.8060282468795776,0.2800566921926568,0.329345703125,0.3856201171875,0.0003,,,,,,,,,785.8
4972544,607,1021.408,4868.3,733.08,76377,2.065852239727974,-0.005526045570150018,-0.8085111491382122,0.0158391036093235,0.8178746700286865,0.2800632835023682,0.2840576171875,0.4503173828125,0.0003,,,,,,,,,785.8
4980736,608,1022.909,4869.2,662.37,76487,2.3584943637251854,-8.952261123340577e-05,-0.797215361148119,0.012749026529490948,0.8130061030387878,0.2800997683876439,0.30224609375,0.4552001953125,0.0003,,,,,,,,,785.8
4988928,609,1024.396,4870.1,616.89,76599,3.1237341687083244,0.0009462381713092327,-0.7819440923631191,0.011858571320772171,0.7726522088050842,0.2800818131670772,0.2691650390625,0.358642578125,0.0003,,,,,,,,,785.8
4997120,610,1025.863,4871.1,647.46,76710,2.7745705768465996,-0.0038644546002615243,-0.7949377745389938,0.012376170605421066,0.7839891314506531,0.28002749583760245,0.2469482421875,0.3240966796875,0.0003,,,,,,,,,785.8
5005312,611,1027.361,4872.0,784.23,76825,2.392096072435379,-0.003976763066020794,-0.7810801900923252,0.010831370949745178,0.8111432194709778,0.2800093181004501,0.2689208984375,0.3563232421875,0.0003,,,,,,,,,785.8
5013504,612,1028.849,4872.9,791.16,76936,2.6005306988954544,-0.0010843549389392138,-0.7808864898979664,0.013418352231383324,0.7967795133590698,0.28000935074550654,0.280029296875,0.338623046875,0.0003,,,,,,,,,785.8
5021696,613,1030.351,4873.8,650.19,77046,2.5214794650673866,-0.004756762325996533,-0.7663985379040241,0.013477267697453499,0.7825295925140381,0.2800038074785889,0.276611328125,0.30419921875,0.0003,,,,,,,,,785.8
5029888,614,1031.865,4874.6,685.05,77162,2.6870326548814774,-0.005261771104414947,-0.7862644270062447,0.016741113737225533,0.7384607195854187,0.27998973336980865,0.2713623046875,0.35888671875,0.0003,,,,,,,,,785.8
5038080,615,1033.643,4874.1,728.94,77277,2.458265982568264,-0.004393185634398833,-0.8014056868851185,0.014342069625854492,0.7776606678962708,0.2799911871189024,0.2808837890625,0.3602294921875,0.0003,,,,,,,,,785.8
5046272,616,1035.36,4873.9,711.57,77381,2.3084225058555603,-0.004499758710153401,-0.7594308070838451,0.014303515665233135,0.7910340428352356,0.2800092820997362,0.2911376953125,0.334716796875,0.0003,,,,,,,,,785.8
5054464,617,1037.094,4873.7,709.98,77489,2.444931149482727,-0.004937611447530799,-0.7758451141417027,0.01613888144493103,0.7611095905303955,0.28000872100384927,0.2796630859375,0.2972412109375,0.0003,,,,,,,,,785.8
5062656,618,1038.716,4874.0,658.41,77608,2.6558715626597404,-0.0015324155101552606,-0.7911337912082672,0.01701878011226654,0.7484610080718994,0.2799949275637136,0.271484375,0.29833984375,0.0003,,,,,,,,,785.8
5070848,619,1040.253,4874.6,640.83,77716,2.3154254481196404,-0.003696677813422866,-0.793681051582098,0.020534874871373177,0.7606163024902344,0.2799780233996365,0.26953125,0.34765625,0.0003,,,,,,,,,785.8
5079040,620,1041.857,4875.0,682.17,77823,2.3639938458800316,-0.0027989631926175207,-0.7966845221817493,0.014556244015693665,0.7676026225090027,0.2799653084047379,0.2720947265625,0.3690185546875,0.0003,,,,,,,,,785.8
5087232,621,1043.273,4876.2,713.88,77918,2.1619159430265427,-0.0026608777698129416,-0.799638494849205,0.012562631629407406,0.7777335047721863,0.27999529016958535,0.298583984375,0.33740234375,0.0003,905.1,706.5,3087,100,0.0,0.0,0.0,0,785.8
5095424,622,1045.171,4875.2,714.66,78028,2.6362364888191223,-0.004610430769389495,-0.7987023182213306,0.00966291781514883,0.7399100065231323,0.2800188953853497,0.294677734375,0.3504638671875,0.0003,,,,,,,,,785.8
5103616,623,1046.722,4875.8,820.59,78146,2.6288997754454613,-0.0030378721421584487,-0.7958536557853222,0.014327960088849068,0.7358239889144897,0.28001342577497995,0.276611328125,0.3577880859375,0.0003,,,,,,,,,785.8
5111808,624,1048.211,4876.7,750.9,78256,2.8823402673006058,-0.001902930045616813,-0.8208413794636726,0.01352513488382101,0.7285560369491577,0.28000210493038863,0.27294921875,0.297119140625,0.0003,,,,,,,,,785.8
5120000,625,1049.65,4877.8,628.26,78353,2.666594222187996,-0.001853339868830517,-0.7890506535768509,0.012957874685525894,0.7463109493255615,0.2800189453125,0.29052734375,0.3192138671875,0.0003,,,,,,,,,785.8
5128192,626,1051.154,4878.6,674.28,78448,2.6584597378969193,-0.0035816829185932875,-0.7738040089607239,0.014138435944914818,0.7528377771377563,0.28003904689996006,0.2926025390625,0.3062744140625,0.0003,,,,,,,,,785.8
5136384,627,1052.856,4878.5,740.16,78563,2.9294614493846893,-0.0030770470330026,-0.7742151170969009,0.014127064496278763,0.7512566447257996,0.2800748542165072,0.302490234375,0.3446044921875,0.0003,,,,,,,,,785.8
5144576,628,1054.576,4878.3,688.8,78663,2.7005105018615723,-0.002954331968794577,-0.7444264180958271,0.015354949049651623,0.7863253355026245,0.280121238368332,0.3092041015625,0.3123779296875,0.0003,,,,,,,,,785.8
5152768,629,1056.182,4878.7,703.11,78752,2.907691679894924,-0.0030090478248894215,-0.747242096811533,0.01266311015933752,0.7935299873352051,0.28022239697187995,0.34375,0.3306884765625,0.0003,,,,,,,,,785.8
5160960,630,1057.858,4878.7,763.89,78843,2.8474058508872986,-0.003373855201061815,-0.7266104631125927,0.014078300446271896,0.7805919051170349,0.28029106987847224,0.323486328125,0.337158203125,0.0003,,,,,,,,,785.8
5169152,631,1059.654,4878.1,911.01,78948,2.9625818878412247,-0.0035329465026734397,-0.7453727424144745,0.012459386140108109,0.7803943157196045,0.2803850612247425,0.339599609375,0.32373046875,0.0003,,,,,,,,,785.8
5177344,632,1061.404,4877.8,854.07,79046,2.681822679936886,-0.0030087882332736626,-0.7546740882098675,0.021195312961935997,0.7837457060813904,0.2804905372329905,0.3470458984375,0.323486328125,0.0003,,,,,,,,,785.8
5185536,633,1063.154,4877.5,706.86,79143,2.9145644903182983,-0.0023888085124781355,-0.7223178558051586,0.01740230992436409,0.7000143527984619,0.2805405265723736,0.3121337890625,0.37646484375,0.0003,,,,,,,,,785.8
5193728,634,1065.009,4876.7,728.76,79252,2.2835369408130646,-0.0014828457933617756,-0.7668981552124023,0.012682728469371796,0.8057295680046082,0.2806188541255915,0.3302001953125,0.42724609375,0.0003,,,,,,,,,785.8
5201920,635,1066.734,4876.5,753.6,79345,2.3382202982902527,-0.0025078610924538225,-0.7450387738645077,0.014450406655669212,0.7770274877548218,0.2807407649483268,0.3580322265625,0.367431640625,0.0003,,,,,,,,,785.8
5210112,636,1068.457,4876.3,714.6,79444,2.2475985065102577,-0.0022012363624526188,-0.746754314750433,0.01480315625667572,0.7891079187393188,0.28085154407429247,0.3511962890625,0.3831787109375,0.0003,,,,,,,,,785.8
5218304,637,1070.099,4876.5,774.36,79534,2.245208717882633,-0.0016638737870380282,-0.7260343097150326,0.01714406907558441,0.7846385836601257,0.28096255028453687,0.3515625,0.3436279296875,0.0003,,,,,,,,,785.8
5226496,638,1071.72,4876.7,805.08,79623,2.3045592829585075,-0.003368536155903712,-0.7406816370785236,0.016287030652165413,0.7653833627700806,0.28109540311520376,0.36572265625,0.376953125,0.0003,,,,,,,,,785.8
5234688,639,1073.269,4877.3,853.92,79696,2.0548277124762535,-0.0038658919656882063,-0.7276910059154034,0.01082729734480381,0.7980960607528687,0.28128247566999215,0.400634765625,0.369140625,0.0003,,,,,,,,,785.8
5242880,640,1074.863,4877.7,813.0,79781,2.3002146631479263,-0.00296700480976142,-0.74811677262187,0.01083253975957632,0.7831754684448242,0.2814973831176758,0.4188232421875,0.3804931640625,0.0003,,,,,,,,,785.8
5251072,641,1076.45,4878.1,799.11,79868,2.2333412542939186,-0.006068296323064715,-0.770194049924612,0.010935751721262932,0.8133366703987122,0.28161525875097504,0.3570556640625,0.3814697265625,0.0003,,,,,,,,,785.8
5259264,642,1078.144,4878.1,749.07,79957,2.807560086250305,-0.003490231931209564,-0.7713787332177162,0.011141064576804638,0.765868067741394,0.28176014742747274,0.3746337890625,0.364501953125,0.0003,,,,,,,,,785.8
5267456,643,1079.656,4878.8,749.82,80055,2.6261672601103783,-0.004619182931492105,-0.765209536999464,0.011566711589694023,0.7992974519729614,0.2818556054383748,0.3431396484375,0.4215087890625,0.0003,,,,,,,,,785.8
5275648,644,1081.133,4879.7,771.99,80149,2.724028453230858,-0.004867928029852919,-0.7646454609930515,0.010501867160201073,0.7979941368103027,0.28194906104425466,0.342041015625,0.3707275390625,0.0003,,,,,,,,,785.8
5283840,645,1082.671,4880.4,807.24,80249,2.55086962133646,-0.004367269662907347,-0.7548565492033958,0.009311350993812084,0.8211289644241333,0.28204979711724804,0.346923828125,0.3978271484375,0.0003,,,,,,,,,785.8
5292032,646,1084.24,4880.9,821.01,80333,2.1567034274339676,-0.0035365903459023684,-0.7570897080004215,0.012225799262523651,0.834988534450531,0.2822195708567144,0.3917236328125,0.419921875,0.0003,,,,,,,,,785.8
5300224,647,1085.914,4880.9,836.97,80432,2.394679680466652,-0.002130465902155265,-0.7551244981586933,0.010455602779984474,0.8368633985519409,0.28232957701410355,0.3533935546875,0.38916015625,0.0003,,,,,,,,,785.8
5308416,648,1087.489,4881.4,706.83,80515,2.4682649448513985,-0.0016659075481584296,-0.7422991693019867,0.010048873722553253,0.8207472562789917,0.2825330569420332,0.4141845703125,0.379638671875,0.0003,,,,,,,,,785.8
5316608,649,1088.922,4882.5,757.47,80597,2.4067752584815025,-0.003464466193690896,-0.7243620306253433,0.010994883254170418,0.8222218751907349,0.28271390330075113,0.39990234375,0.4027099609375,0.0003,,,,,,,,,785.8
5324800,650,1090.38,4883.4,751.86,80679,2.601318173110485,-0.003720414111739956,-0.7465711608529091,0.014206300489604473,0.7952042818069458,0.28287015474759614,0.38427734375,0.3880615234375,0.0003,,,,,,,,,785.8
5332992,651,1091.923,4884.0,821.97,80783,2.7336541414260864,-0.0045307675609365106,-0.7840575724840164,0.011550632305443287,0.7964456081390381,0.28298017323108676,0.3544921875,0.4139404296875,0.0003,,,,,,,,,785.8
5341184,652,1093.505,4884.5,839.25,80880,2.99848635494709,-0.002542689850088209,-0.7870072610676289,0.011365863494575024,0.7803239822387695,0.283057464412385,0.3333740234375,0.380615234375,0.0003,,,,,,,,,785.8
5349376,653,1095.142,4884.6,657.99,80986,2.5704647228121758,-0.0031323403673013672,-0.7988099940121174,0.01322390977293253,0.805367112159729,0.283118068350402,0.3226318359375,0.4049072265625,0.0003,,,,,,,,,785.8
5357568,654,1096.721,4885.1,637.65,81086,2.4520619958639145,-0.004099108977243304,-0.8016625978052616,0.01259128749370575,0.8230172395706177,0.2831932324517393,0.332275390625,0.3839111328125,0.0003,,,,,,,,,785.8
5365760,655,1098.206,4885.9,696.69,81169,3.103898122906685,-0.004916867197607644,-0.7982073090970516,0.015411505475640297,0.7682273983955383,0.28324300751431297,0.3157958984375,0.300048828125,0.0003,,,,,,,,,785.8
5373952,656,1099.804,4886.3,798.96,81281,2.4619763642549515,-0.0041717759013408795,-0.7924649976193905,0.023708365857601166,0.8102710247039795,0.2833086339438834,0.3262939453125,0.310791015625,0.0003,,,,,,,,,785.8
5382144,657,1101.453,4886.4,831.3,81376,2.770050548017025,-0.0015823469002498314,-0.7585547491908073,0.01876339316368103,0.7994995713233948,0.2834069471199581,0.347900390625,0.351318359375,0.0003,,,,,,,,,785.8
5390336,658,1103.248,4885.9,706.74,81483,3.4008663445711136,0.0017638670688029379,-0.7774868831038475,0.012039571069180965,0.7720493078231812,0.28348177182275835,0.3326416015625,0.3328857421875,0.0003,,,,,,,,,785.8
5398528,659,1104.773,4886.6,716.25,81574,2.5211219266057014,-0.004194435721728951,-0.7593439221382141,0.012021987698972225,0.7959571480751038,0.28357581918626706,0.345458984375,0.299560546875,0.0003,,,,,,,,,785.8
5406720,660,1106.348,4887.0,821.79,81670,2.590230919420719,-0.0024410529586020857,-0.772862583398819,0.013712234795093536,0.7743226289749146,0.2836490515506629,0.3319091796875,0.2978515625,0.0003,,,,,,,,,785.8
5414912,661,1108.046,4886.9,837.21,81778,2.4166154712438583,-0.004387784181744792,-0.7833818085491657,0.011905189603567123,0.8147863149642944,0.2837078423435136,0.322509765625,0.33935546875,0.0003,,,,,,,,,785.8
5423104,662,1109.656,4887.2,710.22,81882,2.572636306285858,-0.0011754199513234198,-0.7508442401885986,0.012755447998642921,0.795066773891449,0.2837729093891616,0.3267822265625,0.343017578125,0.0003,,,,,,,,,785.8
5431296,663,1111.161,4887.9,666.96,81973,2.3280284330248833,-0.0035085383569821715,-0.7562280967831612,0.014159041456878185,0.7768204212188721,0.28388049555759803,0.3551025390625,0.36279296875,0.0003,,,,,,,,,785.8
5439488,664,1112.727,4888.4,732.36,82073,2.0812323540449142,-0.0025296294916188344,-0.7696227729320526,0.013786859810352325,0.8452650308609009,0.28398867687547064,0.355712890625,0.3797607421875,0.0003,,,,,,,,,785.8
5447680,665,1114.276,4889.0,788.76,82170,2.497148521244526,-0.00417825770273339,-0.7764376476407051,0.010643649846315384,0.797157347202301,0.2840355894619361,0.315185546875,0.3116455078125,0.0003,,,,,,,,,785.8
5455872,666,1115.799,4889.7,741.51,82265,2.617830812931061,-0.002636402248754166,-0.7497404627501965,0.017854541540145874,0.8043597936630249,0.28415659311655406,0.3646240234375,0.273681640625,0.0003,,,,,,,,,785.8
5464064,667,1117.243,4890.7,798.45,82349,2.531100407242775,-0.0011742849746951833,-0.7374265044927597,0.016371212899684906,0.7643340229988098,0.2842867506676349,0.3709716796875,0.3055419921875,0.0003,,,,,,,,,785.8
5472256,668,1118.714,4891.6,821.13,82434,2.5070175230503082,-0.001707164425170049,-0.7490442432463169,0.012264933437108994,0.7949427366256714,0.28444338130379865,0.388916015625,0.3072509765625,0.0003,,,,,,,,,785.8
5480448,669,1120.218,4892.3,862.26,82525,2.008333094418049,-0.00486609130166471,-0.7546099275350571,0.015563668683171272,0.8306023478507996,0.28458768334267565,0.3809814453125,0.3541259765625,0.0003,,,,,,,,,785.8
5488640,670,1121.677,4893.2,807.99,82614,2.4072589725255966,-0.0032067364372778684,-0.7848665900528431,0.017546888440847397,0.7887482047080994,0.2847725483908582,0.408447265625,0.32763671875,0.0003,,,,,,,,,785.8
5496832,671,1123.259,4893.6,714.03,82717,2.3746485710144043,0.0030524416943080723,-0.8047573678195477,0.014957099221646786,0.7967795133590698,0.2848777259337742,0.3553466796875,0.3382568359375,0.0003,,,,,,,,,785.8
5505024,672,1124.78,4894.3,679.08,82821,2.3911396861076355,-0.004372232389869168,-0.8009787686169147,0.013477984815835953,0.77189040184021,0.2849282764253162,0.31884765625,0.3372802734375,0.0003,,,,,,,,,785.8
5513216,673,1126.333,4894.8,756.24,82921,2.267987586557865,-0.004325193091062829,-0.8089327327907085,0.018138788640499115,0.7943497896194458,0.2849667054583024,0.310791015625,0.348388671875,0.0003,,,,,,,,,785.8
5521408,674,1127.875,4895.4,820.98,83014,2.0153260454535484,-0.002588775008916855,-0.8085348717868328,0.01407671719789505,0.7981951236724854,0.2850381641784125,0.3331298828125,0.3280029296875,0.0003,,,,,,,,,785.8
5529600,675,1129.4,4896.1,831.12,83118,2.174446791410446,-0.005663780597387813,-0.8239527978003025,0.014054128900170326,0.8043153285980225,0.2850265842013889,0.2772216796875,0.3350830078125,0.0003,,,,,,,,,785.8
5537792,676,1130.975,4896.5,743.28,83230,2.2345030680298805,-0.005107705794216599,-0.8071255125105381,0.013399015180766582,0.8162087202072144,0.285106410641642,0.3389892578125,0.342041015625,0.0003,,,,,,,,,785.8
5545984,677,1132.534,4897.0,638.31,83334,2.6199436858296394,-0.0041848907130770385,-0.7912436760962009,0.011389907449483871,0.79229736328125,0.2851382189346381,0.306640625,0.345458984375,0.0003,,,,,,,,,785.8
5554176,678,1134.076,4897.5,718.77,83438,2.2297715321183205,-0.005350926716346294,-0.7667768858373165,0.013637898489832878,0.8015778660774231,0.2851938793441187,0.3228759765625,0.33935546875,0.0003,,,,,,,,,785.8
5562368,679,1135.674,4897.9,765.99,83547,2.1354334577918053,-0.004329764371505007,-0.7535880841314793,0.011413244530558586,0.8199802041053772,0.2852416452848859,0.317626953125,0.34716796875,0.0003,,,,,,,,,785.8
5570560,680,1137.221,4898.4,697.44,83645,2.198102116584778,-0.005405143208918162,-0.7618942148983479,0.012255964800715446,0.8163678050041199,0.2852835262522978,0.313720703125,0.325439453125,0.0003,,,,,,,,,785.8
5578752,681,1138.748,4899.0,714.15,83736,2.049168385565281,-0.002484702054061927,-0.7366295494139194,0.013743747025728226,0.8193433284759521,0.2854039756562041,0.3673095703125,0.325439453125,0.0003,,,,,,,,,785.8
5586944,682,1140.269,4899.7,735.03,83827,2.162902280688286,-0.0031690496834926307,-0.7433552257716656,0.011836356483399868,0.8109909892082214,0.285521923971316,0.3658447265625,0.33251953125,0.0003,,,,,,,,,785.8
5595136,683,1141.787,4900.3,671.97,83931,2.4665837213397026,-0.00195954815717414,-0.7441563419997692,0.012103309854865074,0.7784239649772644,0.2855927005170205,0.3338623046875,0.3660888671875,0.0003,881.97,568.5,3468,100,0.0,0.0,0.0,0,785.8
5603328,684,1143.587,4899.8,715.05,84020,2.0153158083558083,0.0022302073193714023,-0.7176529541611671,0.012182728387415409,0.8031140565872192,0.28570503101014255,0.3624267578125,0.3560791015625,0.0003,,,,,,,,,785.8
5611520,685,1145.109,4900.4,789.15,84107,1.8133522495627403,-0.004883067507762462,-0.7149802483618259,0.012639748863875866,0.8045411705970764,0.2858223796760949,0.3660888671875,0.3497314453125,0.0003,,,,,,,,,785.8
5619712,686,1146.66,4900.9,731.64,84200,2.1582445427775383,-0.004772804255480878,-0.7382710464298725,0.010800261981785297,0.7955985069274902,0.28595913811953355,0.379638671875,0.3504638671875,0.0003,,,,,,,,,785.8
5627904,687,1148.164,4901.7,654.03,84302,1.913379266858101,-0.002959119825391099,-0.7546864412724972,0.01665913686156273,0.8009896874427795,0.2860802174308588,0.369140625,0.34619140625,0.0003,,,,,,,,,785.8
5636096,688,1149.708,4902.2,668.37,84397,2.036862760782242,0.006544333620695397,-0.7666828781366348,0.027325797826051712,0.7748148441314697,0.28614594215570494,0.331298828125,0.3592529296875,0.0003,,,,,,,,,785.8
5644288,689,1151.241,4902.8,674.7,84500,2.3362087458372116,-0.001948466378962621,-0.7498386912047863,0.012618927285075188,0.7754727602005005,0.286241949383164,0.352294921875,0.3170166015625,0.0003,,,,,,,,,785.8
5652480,690,1152.766,4903.4,716.43,84599,1.8049187660217285,-0.006116725024185143,-0.7519801519811153,0.012165823951363564,0.8091654181480408,0.2863100798233696,0.333251953125,0.322998046875,0.0003,,,,,,,,,785.8
5660672,691,1154.344,4903.8,722.22,84706,2.1573211550712585,-0.002831552264979109,-0.7649735473096371,0.014477388933300972,0.7868791222572327,0.2863513377916968,0.3148193359375,0.3673095703125,0.0003,,,,,,,,,785.8
5668864,692,1155.886,4904.3,822.99,84802,2.228929787874222,-0.0007487237162422389,-0.7658945806324482,0.015120855532586575,0.7900270819664001,0.2863998854091402,0.3199462890625,0.3555908203125,0.0003,,,,,,,,,785.8
5677056,693,1157.465,4904.7,798.72,84899,2.5876117199659348,-0.002249142125947401,-0.7636069804430008,0.013234371319413185,0.7661288976669312,0.2864477644751082,0.319580078125,0.260986328125,0.0003,,,,,,,,,785.8
5685248,694,1158.975,4905.4,766.14,84984,2.380336284637451,-0.0040335380617761984,-0.7459758594632149,0.01665836200118065,0.782322108745575,0.28653508167101943,0.3470458984375,0.3306884765625,0.0003,,,,,,,,,785.8
5693440,695,1160.535,4905.9,865.14,85088,2.344539240002632,-0.003584792328183539,-0.7738198190927505,0.017400424927473068,0.8149384260177612,0.28660159762814746,0.332763671875,0.3494873046875,0.0003,,,,,,,,,785.8
5701632,696,1162.019,4906.7,763.95,85177,1.8959310427308083,-0.0006345478032017127,-0.722284272313118,0.01693216897547245,0.8251849412918091,0.2867394809065194,0.382568359375,0.3834228515625,0.0003,,,,,,,,,785.8
5709824,697,1163.54,4907.3,735.48,85271,1.8097917884588242,-0.0043684354168362916,-0.7172951214015484,0.01689935103058815,0.8358389735221863,0.28690499041651724,0.402099609375,0.4259033203125,0.0003,,,,,,,,,785.8
5718016,698,1164.994,4908.2,821.82,85346,2.0362855195999146,-0.0011099680414190516,-0.71310168877244,0.020568151026964188,0.8355723023414612,0.2870728238605838,0.404052734375,0.3551025390625,0.0003,,,,,,,,,785.8
5726208,699,1166.647,4908.3,824.37,85450,2.5963683128356934,-0.005195588659262285,-0.7769564539194107,0.011219552718102932,0.7916389107704163,0.2871467470270029,0.3387451171875,0.3721923828125,0.0003,,,,,,,,,785.8
5734400,700,1168.21,4908.7,769.05,85542,2.719422832131386,-0.00012432417133823037,-0.7741967849433422,0.018732817843556404,0.7730121612548828,0.2871901157924107,0.3175048828125,0.274169921875,0.0003,,,,,,,,,785.8
5742592,701,1169.758,4909.2,696.39,85642,2.2868820801377296,-0.004046609334181994,-0.7627461664378643,0.013233211822807789,0.8032930493354797,0.28724903318919404,0.3284912109375,0.27392578125,0.0003,,,,,,,,,785.8
5750784,702,1171.339,4909.6,700.89,85744,2.0775156542658806,-0.004044977627927437,-0.7513349764049053,0.014758214354515076,0.8115512728691101,0.2872712659699964,0.3028564453125,0.3590087890625,0.0003,,,,,,,,,785.8
5758976,703,1172.932,4909.9,735.39,85851,1.8714728504419327,-0.0036442035052459687,-0.7536764517426491,0.011988487094640732,0.8325915336608887,0.28731583531516713,0.318603515625,0.3348388671875,0.0003,,,,,,,,,785.8
5767168,704,1174.495,4910.3,751.95,85952,2.5030549317598343,-0.003007904888363555,-0.7985393777489662,0.014178737066686153,0.7803726196289062,0.2873257723721591,0.2943115234375,0.3236083984375,0.0003,,,,,,,,,785.8
5775360,705,1176.096,4910.6,755.91,86056,2.3791767954826355,-0.004270736055332236,-0.7743935361504555,0.017444640398025513,0.7916701436042786,0.2873015708111702,0.270263671875,0.3428955078125,0.0003,,,,,,,,,785.8
5783552,706,1177.638,4911.1,794.67,86164,2.480387181043625,-0.0021505734766833484,-0.7758409567177296,0.014068503864109516,0.772003173828125,0.28730026115439095,0.286376953125,0.315185546875,0.0003,,,,,,,,,785.8
5791744,707,1179.161,4911.7,808.11,86264,2.3991190418601036,-0.0012910776713397354,-0.7711715772747993,0.012255316600203514,0.8015455603599548,0.2873060342446075,0.2913818359375,0.356201171875,0.0003,,,,,,,,,785.8
5799936,708,1180.633,4912.6,788.88,86354,2.6671029031276703,-0.002488876722054556,-0.7611337564885616,0.02237529866397381,0.7894691824913025,0.2873112737795727,0.291015625,0.257080078125,0.0003,,,,,,,,,785.8
5808128,709,1182.135,4913.3,863.46,86450,2.3934835642576218,-0.0009841093560680747,-0.7292438596487045,0.014789732173085213,0.8064760565757751,0.28729187786495064,0.2735595703125,0.2724609375,0.0003,,,,,,,,,785.8
5816320,710,1183.676,4913.8,830.07,86551,2.9789160639047623,-0.002886927904910408,-0.7337451130151749,0.019230905920267105,0.7586337327957153,0.28728268045774646,0.28076171875,0.3311767578125,0.0003,,,,,,,,,785.8
5824512,711,1185.266,4914.1,891.81,86660,2.615855224430561,-0.0028490532204159535,-0.7327261120080948,0.01501341350376606,0.8319129347801208,0.2872333338827356,0.252197265625,0.294189453125,0.0003,,,,,,,,,785.8
5832704,712,1186.768,4914.8,906.03,86750,2.6266222149133682,-0.0025229459861293435,-0.7142522186040878,0.011982129886746407,0.8075206279754639,0.28724053200711025,0.2923583984375,0.2896728515625,0.0003,,,,,,,,,785.8
5840896,713,1188.299,4915.3,969.54,86851,2.7980760782957077,-0.006025709546520375,-0.7269204147160053,0.018384762108325958,0.8023729920387268,0.28725661268408137,0.2987060546875,0.277099609375,0.0003,,,,,,,,,785.8
5849088,714,1189.769,4916.2,1000.77,86934,2.35507944971323,-0.005569764209212735,-0.7016371861100197,0.011642071418464184,0.832791805267334,0.2873331705729167,0.3419189453125,0.3323974609375,0.0003,,,,,,,,,785.8
5857280,715,1191.351,4916.5,871.02,87043,3.001019984483719,-0.005273294431390241,-0.713298249989748,0.011261096224188805,0.8035207986831665,0.2873613690996504,0.3074951171875,0.333984375,0.0003,,,,,,,,,785.8
5865472,716,1192.92,4916.9,844.32,87150,2.8466685861349106,-0.0025855623389361426,-0.7077608965337276,0.015726491808891296,0.8239785432815552,0.28738914788102304,0.3072509765625,0.2718505859375,0.0003,,,,,,,,,785.8
5873664,717,1194.478,4917.3,790.11,87249,2.363692432641983,-0.004771031730342656,-0.7206389233469963,0.01762065477669239,0.8311944007873535,0.2874277452710948,0.3150634765625,0.2991943359375,0.0003,,,,,,,,,785.8
5881856,718,1196.035,4917.8,776.61,87354,2.9092217683792114,-0.003987362724728882,-0.7121366448700428,0.014807604253292084,0.7854828834533691,0.287419141169046,0.28125,0.378662109375,0.0003,,,,,,,,,785.8
5890048,719,1197.871,4917.1,829.68,87452,2.5121619030833244,-0.003484676140942611,-0.7100090608000755,0.0163431316614151,0.8041095733642578,0.28745894770297287,0.3160400390625,0.365234375,0.0003,,,,,,,,,785.8
5898240,720,1199.557,4917.0,849.6,87541,2.8263642489910126,-0.001182884952868335,-0.7060716897249222,0.015094717964529991,0.761381983757019,0.2874760945638021,0.2998046875,0.30810546875,0.0003,,,,,,,,,785.8
5906432,721,1201.26,4916.9,846.15,87655,2.524278797209263,-0.003600087948143482,-0.7273641787469387,0.021210914477705956,0.798111617565155,0.28746153346047154,0.2769775390625,0.36865234375,0.0003,,,,,,,,,785.8
5914624,722,1202.811,4917.3,782.61,87762,2.30569639056921,-0.0045504838053602725,-0.7100848667323589,0.01685531996190548,0.8133000731468201,0.28746239828601106,0.2880859375,0.3887939453125,0.0003,,,,,,,,,785.8
5922816,723,1204.414,4917.6,649.08,87869,2.4250602051615715,0.0022805295884609222,-0.7458541058003902,0.022897202521562576,0.8260732889175415,0.2874696765862725,0.292724609375,0.3685302734375,0.0003,,,,,,,,,785.8
5931008,724,1206.056,4917.7,645.78,87980,2.9072589576244354,-0.0036181831965222955,-0.7118749022483826,0.017048843204975128,0.7719347476959229,0.2874568707376554,0.2781982421875,0.3590087890625,0.0003,,,,,,,,,785.8
5939200,725,1207.781,4917.4,799.47,88087,2.685830742120743,-0.005347195285139605,-0.7071065232157707,0.016330204904079437,0.8073611259460449,0.2874560546875,0.286865234375,0.36279296875,0.0003,,,,,,,,,785.8
5947392,726,1209.308,4918.0,824.43,88171,3.094557136297226,-0.0004948618006892502,-0.6986002624034882,0.02194642648100853,0.7808218002319336,0.28748046202436295,0.30517578125,0.2703857421875,0.0003,,,,,,,,,785.8
5955584,727,1210.85,4918.5,728.07,88272,2.5791038423776627,-0.003745784517377615,-0.7136802226305008,0.0172988660633564,0.7967158555984497,0.28747726503395804,0.28515625,0.2918701171875,0.0003,,,,,,,,,785.8
5963776,728,1212.465,4918.7,843.87,88380,2.471602901816368,-0.00243369402596727,-0.7342712432146072,0.020218271762132645,0.8174598813056946,0.28747390914749316,0.2850341796875,0.369873046875,0.0003,,,,,,,,,785.8
5971968,729,1214.089,4918.9,867.33,88479,2.6973370611667633,-0.002274205384310335,-0.7437742650508881,0.013958467170596123,0.7887628078460693,0.28743238409850824,0.2572021484375,0.377197265625,0.0003,,,,,,,,,785.8
5980160,730,1215.785,4918.8,778.8,88587,2.7642525732517242,-0.00045840437815058976,-0.7300279997289181,0.01699191890656948,0.7771315574645996,0.2874200690282534,0.2784423828125,0.34912109375,0.0003,,,,,,,,,785.8
5988352,731,1217.507,4918.5,830.19,88689,2.3925036042928696,0.0015003981970949098,-0.6963423304259777,0.014165440574288368,0.8030853867530823,0.2874365100782319,0.2994384765625,0.34912109375,0.0003,,,,,,,,,785.8
5996544,732,1219.077,4918.9,813.69,88783,2.5152607187628746,-0.004031120151921641,-0.7283157631754875,0.017004750669002533,0.7705783247947693,0.2874902610570355,0.3267822265625,0.33349609375,0.0003,,,,,,,,,785.8
6004736,733,1220.608,4919.5,797.67,88882,2.5076788887381554,-0.004266122734406963,-0.7103817313909531,0.016555195674300194,0.7879036068916321,0.2874955701632845,0.2913818359375,0.3052978515625,0.0003,,,,,,,,,785.8
6012928,734,1222.205,4919.7,880.77,88984,2.717211961746216,-0.0023232853127410635,-0.6930983550846577,0.01689518243074417,0.799461305141449,0.287553085618188,0.3297119140625,0.3094482421875,0.0003,,,,,,,,,785.8
6021120,735,1223.7,4920.4,729.75,89076,2.3390743508934975,-0.004263883878593333,-0.6944328732788563,0.014718664810061455,0.8210312128067017,0.28761459661989797,0.332763671875,0.3026123046875,0.0003,,,,,,,,,785.8
6029312,736,1225.225,4921.0,760.59,89164,2.2634878382086754,-0.0020254112023394555,-0.682481911033392,0.016833927482366562,0.8233884572982788,0.2877306730850883,0.373046875,0.338623046875,0.0003,,,,,,,,,785.8
6037504,737,1226.994,4920.6,834.0,89255,2.6833085641264915,-0.0034107631363440305,-0.683809719979763,0.011857920326292515,0.791364312171936,0.28781132070471505,0.34716796875,0.360107421875,0.0003,,,,,,,,,785.8
6045696,738,1228.538,4921.0,884.4,89348,2.49221271276474,-0.0022678601380903274,-0.7097298689186573,0.01533496007323265,0.8172208070755005,0.28791672621316056,0.3656005859375,0.375,0.0003,,,,,,,,,785.8
6053888,739,1230.027,4921.8,871.74,89434,2.4210909754037857,-0.0003625600802479312,-0.6924332939088345,0.013096576556563377,0.7947481274604797,0.2880340700059202,0.3746337890625,0.34423828125,0.0003,,,,,,,,,785.8
6062080,740,1231.598,4922.1,805.35,89530,2.6039515659213066,-0.0035886442055925727,-0.6913906075060368,0.014121302403509617,0.807235598564148,0.2881187645164696,0.3507080078125,0.3311767578125,0.0003,,,,,,,,,785.8
6070272,741,1233.111,4922.7,812.19,89625,2.233094669878483,-0.0026207868213532493,-0.7050354145467281,0.017331190407276154,0.8136179447174072,0.2882432615869602,0.38037109375,0.3511962890625,0.0003,,,,,,,,,785.8
6078464,742,1234.687,4923.1,740.85,89720,2.46768968552351,-0.002276496699778363,-0.6882628761231899,0.012949110940098763,0.8228790760040283,0.2883175749663073,0.3433837890625,0.3170166015625,0.0003,,,,,,,,,785.8
6086656,743,1236.211,4923.6,728.58,89805,2.3899781927466393,-0.001409271455486305,-0.6907969675958157,0.015214268118143082,0.7908199429512024,0.2884325974722409,0.373779296875,0.3323974609375,0.0003,,,,,,,,,785.8
6094848,744,1237.841,4923.8,792.63,89906,2.3062299340963364,-0.0007498568447772413,-0.7324011735618114,0.016638267785310745,0.8388105630874634,0.28855108445690525,0.3765869140625,0.4193115234375,0.0003,,,,,,,,,785.8
6103040,745,1239.375,4924.3,743.01,89997,2.174133747816086,0.0013528343552025035,-0.7278905883431435,0.020279329270124435,0.8485567569732666,0.28862894557466445,0.3465576171875,0.373291015625,0.0003,844.05,517.5,3660,100,0.0,0.0,0.0,0,785.8
6111232,746,1241.206,4923.6,782.19,90084,2.9183250963687897,-0.002025115303695202,-0.7178877219557762,0.013836362399160862,0.7653559446334839,0.2886885983055463,0.3331298828125,0.303955078125,0.0003,,,,,,,,,785.8
6119424,747,1242.717,4924.2,853.14,90179,2.3606046438217163,-0.0026455972401890904,-0.743098184466362,0.015792442485690117,0.8000117540359497,0.2887132841260877,0.30712890625,0.3543701171875,0.0003,,,,,,,,,785.8
6127616,748,1244.271,4924.7,823.41,90284,2.6872396171092987,-0.003496162302326411,-0.7363532669842243,0.010855852626264095,0.8027293086051941,0.28875144917697193,0.3172607421875,0.3321533203125,0.0003,,,,,,,,,785.8
6135808,749,1245.859,4925.0,794.1,90377,2.530537471175194,-0.0029858366906410083,-0.7140177935361862,0.017040221020579338,0.7966989278793335,0.2887792447221295,0.3095703125,0.34228515625,0.0003,,,,,,,,,785.8
6144000,750,1247.611,4924.6,791.16,90483,2.505622871220112,-0.0013981764786876738,-0.7293964251875877,0.01572185941040516,0.7928087115287781,0.2888271484375,0.32470703125,0.3812255859375,0.0003,,,,,,,,,785.8
6152192,751,1249.128,4925.2,720.39,90575,2.3983436971902847,-0.0032861976651474833,-0.7614679336547852,0.015398688614368439,0.812531054019928,0.2888417656666112,0.2998046875,0.383544921875,0.0003,,,,,,,,,785.8
6160384,752,1250.699,4925.6,790.98,90681,2.3277261927723885,-0.0032413991284556687,-0.7444156035780907,0.018121952190995216,0.832726001739502,0.2888829657372008,0.31982421875,0.3516845703125,0.0003,,,,,,,,,785.8
6168576,753,1252.253,4926.0,792.81,90773,2.6041753068566322,-0.003007380844792351,-0.7550678737461567,0.015448039397597313,0.8135577440261841,0.2888830420505478,0.2889404296875,0.3251953125,0.0003,,,,,,,,,785.8
6176768,754,1253.407,4928.0,701.4,90870,2.434352229038874,0.011440633117066076,-0.7310698429743449,0.024007342755794525,0.8344200849533081,0.2888878131734914,0.29248046875,0.283447265625,0.0003,,,,,,,,,785.8
6184960,755,1255.017,4928.2,793.98,90983,2.4661097526550293,-0.004130645931581967,-0.7356231547892094,0.015279022045433521,0.8259190917015076,0.28890227260968543,0.2998046875,0.3475341796875,0.0003,,,,,,,,,785.8
6193152,756,1256.559,4928.7,773.31,91083,2.06038086861372,-0.005377804976888001,-0.704526849091053,0.015067900530993938,0.8232510089874268,0.28892638191344244,0.30712890625,0.3802490234375,0.0003,,,,,,,,,785.8
6201344,757,1258.134,4929.0,770.13,91182,2.244253359735012,-0.00409178233530838,-0.715463675558567,0.015734029933810234,0.8123846650123596,0.2889260779598745,0.2886962890625,0.3985595703125,0.0003,,,,,,,,,785.8
6209536,758,1259.654,4929.6,851.25,91279,1.8838158920407295,-0.0058007570914924145,-0.7151260077953339,0.014265090227127075,0.82563716173172,0.2889855216235158,0.333984375,0.3931884765625,0.0003,,,,,,,,,785.8
6217728,759,1261.236,4929.9,880.77,91395,2.0918372496962547,0.0005154413229320198,-0.7426201961934566,0.027367332950234413,0.8207150101661682,0.28898546221385046,0.2889404296875,0.3826904296875,0.0003,,,,,,,,,785.8
6225920,760,1262.918,4929.8,847.62,91515,2.3728751242160797,-0.0027318045031279325,-0.790696281939745,0.014655872248113155,0.7965798377990723,0.2888938502261513,0.2193603515625,0.3370361328125,0.0003,,,,,,,,,785.8
6234112,761,1264.512,4930.1,731.91,91629,2.6079348400235176,-0.002957192438771017,-0.7737147994339466,0.015599320642650127,0.7674036026000977,0.2888141887729961,0.228271484375,0.37060546875,0.0003,,,,,,,,,785.8
6242304,762,1266.246,4929.8,716.49,91755,2.4065157920122147,0.0014343673683470115,-0.7832757979631424,0.021209480240941048,0.7945601344108582,0.2887198380597933,0.2169189453125,0.3792724609375,0.0003,,,,,,,,,785.8
6250496,763,1267.955,4929.6,655.17,91880,2.501287154853344,-0.0011512751516420394,-0.794599138200283,0.01694231852889061,0.7671915888786316,0.2886478129095675,0.2337646484375,0.3045654296875,0.0003,,,,,,,,,785.8
6258688,764,1269.584,4929.7,639.75,91983,2.115247033536434,-0.002994174399645999,-0.7668757028877735,0.020217008888721466,0.7833032608032227,0.28860345810495747,0.2547607421875,0.2999267578125,0.0003,,,,,,,,,785.8
6266880,765,1271.093,4930.3,718.53,92084,2.303712837398052,0.001359572444926016,-0.7300925068557262,0.01800307258963585,0.7620000839233398,0.2885699103860294,0.262939453125,0.3111572265625,0.0003,,,,,,,,,785.8
6275072,766,1272.676,4930.6,728.52,92194,2.0878134816884995,-0.0008202268509194255,-0.7326492704451084,0.023054730147123337,0.8040281534194946,0.2885966886117004,0.30908203125,0.3360595703125,0.0003,,,,,,,,,785.8
6283264,767,1274.31,4930.7,686.64,92311,2.682425796985626,0.0010909190750680864,-0.7070524394512177,0.026440715417265892,0.7660741209983826,0.28862467023508803,0.31005859375,0.3681640625,0.0003,,,,,,,,,785.8
6291456,768,1275.918,4930.9,674.07,92409,2.4301331117749214,-0.002539773762691766,-0.7167760692536831,0.01773896813392639,0.7911807298660278,0.28865861892700195,0.314697265625,0.36181640625,0.0003,,,,,,,,,785.8
6299648,769,1277.449,4931.4,669.66,92509,2.6077529937028885,-0.0019368339562788606,-0.6983542665839195,0.01903013326227665,0.7884935140609741,0.2886669223423277,0.2950439453125,0.3492431640625,0.0003,,,,,,,,,785.8
6307840,770,1279.062,4931.6,736.14,92620,1.9398502260446548,-0.004399345474666916,-0.7322320528328419,0.013856546953320503,0.827730119228363,0.28869248427353894,0.308349609375,0.443115234375,0.0003,,,,,,,,,785.8
6316032,771,1280.688,4931.7,762.63,92732,2.387639455497265,-0.0013486607640516013,-0.7408674098551273,0.016762014478445053,0.8086807727813721,0.28866984841115434,0.271240234375,0.357666015625,0.0003,,,,,,,,,785.8
6324224,772,1282.287,4932.0,694.71,92836,2.0856257900595665,0.00389857983100228,-0.7092769108712673,0.024481305852532387,0.8091451525688171,0.288680160601522,0.296630859375,0.375,0.0003,,,,,,,,,785.8
6332416,773,1283.892,4932.2,727.05,92944,1.8820920437574387,-0.004246644908562303,-0.7355343550443649,0.021220270544290543,0.8078706860542297,0.2886966048977199,0.3013916015625,0.3575439453125,0.0003,,,,,,,,,785.8
6340608,774,1285.557,4932.2,683.73,93063,2.1904049441218376,-0.0007914025482023135,-0.7445686906576157,0.01802726648747921,0.7875035405158997,0.2887275163517442,0.3126220703125,0.3712158203125,0.0003,,,,,,,,,785.8
6348800,775,1287.111,4932.6,638.31,93165,1.6058165058493614,-0.005792196228867397,-0.7433652579784393,0.01657467894256115,0.8186330795288086,0.2887589780745968,0.3131103515625,0.3876953125,0.0003,,,,,,,,,785.8
6356992,776,1288.955,4931.9,672.06,93292,2.147496737539768,0.0018004179582931101,-0.7399905472993851,0.01942199468612671,0.7844811677932739,0.2888002690580702,0.32080078125,0.40771484375,0.0003,,,,,,,,,785.8
6365184,777,1290.496,4932.4,614.13,93394,2.2233292907476425,-0.0019921194325434044,-0.7232124544680119,0.01820286549627781,0.7850059866905212,0.2888405111305502,0.320068359375,0.385009765625,0.0003,,,,,,,,,785.8
6373376,778,1292.092,4932.6,670.59,93503,1.9083261340856552,-0.003745495108887553,-0.7294016294181347,0.01350539829581976,0.8045762181282043,0.28885021062620503,0.29638671875,0.3963623046875,0.0003,,,,,,,,,785.8
6381568,779,1293.681,4932.9,678.66,93607,2.3801249116659164,-0.003600928554078564,-0.7185124158859253,0.012026607990264893,0.7946616411209106,0.28887069760911427,0.3048095703125,0.3575439453125,0.0003,,,,,,,,,785.8
6389760,780,1295.323,4932.9,724.59,93713,2.060393750667572,-0.0042138315620832145,-0.7035867311060429,0.013500102795660496,0.822081983089447,0.2888908190604968,0.3045654296875,0.3681640625,0.0003,,,,,,,,,785.8
6397952,781,1296.902,4933.3,790.11,93816,2.4905064329504967,-0.0024901363358367234,-0.6935752332210541,0.013328866101801395,0.8174343109130859,0.28892730048615556,0.3173828125,0.390380859375,0.0003,,,,,,,,,785.8
6406144,782,1298.467,4933.6,797.79,93912,2.021405227482319,0.0014625335752498358,-0.716045044362545,0.024841703474521637,0.823111355304718,0.28898601092950765,0.3348388671875,0.3863525390625,0.0003,,,,,,,,,785.8
6414336,783,1300.123,4933.6,762.84,94017,2.1160490959882736,-0.0008646209025755525,-0.7063369192183018,0.020815763622522354,0.8230607509613037,0.2890603173890485,0.34716796875,0.3646240234375,0.0003,,,,,,,,,785.8
6422528,784,1301.794,4933.6,739.56,94129,2.6251961439847946,0.002377270531724207,-0.7121553160250187,0.019382214173674583,0.7906783223152161,0.28900924994021043,0.2490234375,0.3475341796875,0.0003,,,,,,,,,785.8
6430720,785,1303.271,4934.3,776.19,94226,1.9339130222797394,-0.005450499040307477,-0.71400336176157,0.016877684742212296,0.8347080945968628,0.2890495932026274,0.3206787109375,0.315673828125,0.0003,,,,,,,,,785.8
6438912,786,1304.768,4934.9,768.81,94322,2.0310546308755875,-0.0016004383360268548,-0.6872612573206425,0.01983141340315342,0.8211359977722168,0.28908191321763677,0.314453125,0.3140869140625,0.0003,,,,,,,,,785.8
6447104,787,1306.311,4935.4,720.03,94420,2.4590209275484085,0.0006993826682446525,-0.6880297847092152,0.018729189410805702,0.8065963983535767,0.2890992606913119,0.302734375,0.3212890625,0.0003,,,,,,,,,785.8
6455296,788,1307.832,4935.9,823.53,94517,2.7048355638980865,-0.0013647765445057303,-0.710178479552269,0.015648208558559418,0.7977734208106995,0.2891456875099143,0.32568359375,0.33447265625,0.0003,,,,,,,,,785.8
6463488,789,1309.386,4936.3,842.43,94620,2.674493432044983,-0.0023707952786935493,-0.6764172911643982,0.009708445519208908,0.7958459854125977,0.28918271372980037,0.318359375,0.3460693359375,0.0003,,,,,,,,,785.8
6471680,790,1310.874,4936.9,784.02,94708,2.6963750645518303,0.0013091175351291895,-0.6825429275631905,0.02234789915382862,0.7616010904312134,0.2892579670193829,0.3486328125,0.3165283203125,0.0003,,,,,,,,,785.8
6479872,791,1312.4,4937.4,832.53,94800,2.7030675262212753,-0.00273076057783328,-0.6855745874345303,0.01094081625342369,0.7764632701873779,0.2893132765585493,0.3330078125,0.3289794921875,0.0003,,,,,,,,,785.8
6488064,792,1313.929,4937.9,923.55,94897,3.4111677408218384,-0.0013079511700198054,-0.6906100511550903,0.012441334314644337,0.7188440561294556,0.2893641308100537,0.32958984375,0.3253173828125,0.0003,,,,,,,,,785.8
6496256,793,1315.499,4938.2,770.67,94998,2.9532919749617577,-0.00022582059318665415,-0.6905188113451004,0.013709189370274544,0.7785424590110779,0.28942455469735184,0.3372802734375,0.366943359375,0.0003,,,,,,,,,785.8
6504448,794,1317.037,4938.7,672.24,95078,2.541030690073967,-0.003750985022634268,-0.6848003380000591,0.011232515797019005,0.7918855547904968,0.28949297465365237,0.34375,0.319091796875,0.0003,,,,,,,,,785.8
6512640,795,1318.643,4938.9,716.94,95179,2.8386198803782463,-0.0030609508394263685,-0.6873753778636456,0.012423362582921982,0.7648624181747437,0.2895599941037736,0.3427734375,0.350830078125,0.0003,,,,,,,,,785.8
6520832,796,1320.149,4939.5,782.25,95273,2.4204993695020676,-0.002573048754129559,-0.6882828883826733,0.017278246581554413,0.800695538520813,0.2896398803097519,0.3531494140625,0.37890625,0.0003,,,,,,,,,785.8
6529024,797,1321.635,4940.1,774.09,95373,2.4994423761963844,-0.001969615783309564,-0.6819656677544117,0.016566835343837738,0.8007346391677856,0.2897217103199498,0.3548583984375,0.3154296875,0.0003,,,,,,,,,785.8
6537216,798,1323.112,4940.8,740.01,95461,2.6262128204107285,0.0007161455869209021,-0.6660125479102135,0.013624263927340508,0.7907453179359436,0.28978803821076127,0.3426513671875,0.292724609375,0.0003,,,,,,,,,785.8
6545408,799,1324.678,4941.1,733.65,95562,2.353690445423126,-0.0027806852303911,-0.6845036558806896,0.013131028041243553,0.8034712076187134,0.28987024185505317,0.35546875,0.3123779296875,0.0003,,,,,,,,,785.8
6553600,800,1326.124,4941.9,765.93,95643,2.5579082369804382,-0.002475749803124927,-0.7088871710002422,0.011683725751936436,0.7931941747665405,0.28994598388671877,0.3504638671875,0.2615966796875,0.0003,,,,,,,,,785.8
6561792,801,1327.713,4942.2,793.77,95741,2.465264156460762,-0.003658931003883481,-0.729950986802578,0.014370209537446499,0.8051620125770569,0.28997536038935706,0.3134765625,0.2860107421875,0.0003,,,,,,,,,785.8
6569984,802,1329.257,4942.6,804.81,95833,2.5516110211610794,-0.0023672732640989125,-0.719050545245409,0.012413641437888145,0.7927932143211365,0.29003480069357856,0.337646484375,0.3555908203125,0.0003,,,,,,,,,785.8
6578176,803,1330.748,4943.2,787.98,95930,2.126746289432049,-0.005916164198424667,-0.7078065648674965,0.015235910192131996,0.8320761322975159,0.29007144229646636,0.3194580078125,0.37451171875,0.0003,,,,,,,,,785.8
6586368,804,1332.248,4943.8,850.89,96023,2.3872454911470413,-0.0026954437780659646,-0.7404627613723278,0.014353141188621521,0.8191223740577698,0.2901046525186567,0.3167724609375,0.3699951171875,0.0003,,,,,,,,,785.8
6594560,805,1333.889,4943.9,896.76,96134,2.6707950830459595,-0.0013911287096561864,-0.7157471105456352,0.014682321809232235,0.7988618612289429,0.2901073005628882,0.292236328125,0.3934326171875,0.0003,,,,,,,,,785.8
6602752,806,1335.395,4944.4,809.55,96222,2.5449877828359604,-0.0026575093070277944,-0.686766717582941,0.013893704861402512,0.8164465427398682,0.2901614357165012,0.333740234375,0.3642578125,0.0003,,,,,,,,,785.8
6610944,807,1336.912,4944.9,776.4,96318,2.703313648700714,-0.0019103750382782891,-0.6946089938282967,0.018638450652360916,0.7912915349006653,0.2902077222254492,0.3275146484375,0.348876953125,0.0003,1224.24,970.5,7152,100,0.01,0.0,0.0,0,785.8
6619136,808,1338.888,4943.8,726.81,96413,2.5138583332300186,-0.0035674916580319405,-0.6911938935518265,0.011859973892569542,0.8173647522926331,0.2902528366239944,0.32666015625,0.3843994140625,0.0003,,,,,,,,,785.8
6627328,809,1340.389,4944.3,763.44,96506,2.4283570870757103,-0.0020410475262906402,-0.6950048618018627,0.015776827931404114,0.7991533279418945,0.29031232496716625,0.33837890625,0.3548583984375,0.0003,,,,,,,,,785.8
6635520,810,1341.931,4944.8,844.35,96596,2.216848574578762,-0.002043196393060498,-0.6998026520013809,0.01650254987180233,0.8044129014015198,0.29036684389467593,0.33447265625,0.3763427734375,0.0003,,,,,,,,,785.8
6643712,811,1343.513,4945.0,832.59,96701,2.715479627251625,-0.0007255800301209092,-0.6874359101057053,0.017573745921254158,0.7506579756736755,0.2904069291384094,0.3228759765625,0.384521484375,0.0003,,,,,,,,,785.8
6651904,812,1344.978,4945.7,861.84,96798,2.58059099316597,-0.001593826775206253,-0.686930239200592,0.018495092168450356,0.784784734249115,0.2904051231046028,0.2889404296875,0.3367919921875,0.0003,,,,,,,,,785.8
6660096,813,1346.526,4946.1,898.11,96888,2.4788565933704376,-0.00365841161692515,-0.6975297443568707,0.0154344467446208,0.782778263092041,0.2904537712369311,0.3299560546875,0.3382568359375,0.0003,,,,,,,,,785.8
6668288,814,1348.21,4946.0,879.33,96978,2.3372860178351402,-0.0013541850057663396,-0.6963909342885017,0.019854985177516937,0.8081470727920532,0.2905060489289005,0.3330078125,0.36328125,0.0003,,,,,,,,,785.8
6676480,815,1349.824,4946.2,847.32,97075,2.630924306809902,-0.0005094685475341976,-0.6899805180728436,0.015602804720401764,0.7882369756698608,0.2905474142062883,0.32421875,0.3284912109375,0.0003,,,,,,,,,785.8
6684672,816,1351.38,4946.6,832.38,97167,2.401887781918049,-0.002907799556851387,-0.6781312748789787,0.014798724092543125,0.8053618669509888,0.29062996658624385,0.35791015625,0.343017578125,0.0003,,,,,,,,,785.8
6692864,817,1352.895,4947.1,759.78,97257,2.7881938964128494,0.0006082610634621233,-0.667179886251688,0.01433108001947403,0.7827811241149902,0.2906740671855875,0.32666015625,0.35595703125,0.0003,,,,,,,,,785.8
6701056,818,1354.453,4947.4,783.72,97356,2.905572682619095,0.00012330140452831984,-0.6755048893392086,0.010477365925908089,0.8001337051391602,0.2907368629660758,0.342041015625,0.3485107421875,0.0003,,,,,,,,,785.8
6709248,819,1355.913,4948.1,811.98,97435,2.8316345140337944,-0.004346827889094129,-0.6301475018262863,0.011808357201516628,0.7529196739196777,0.29084317646329366,0.3778076171875,0.3587646484375,0.0003,,,,,,,,,785.8
6717440,820,1357.391,4948.8,852.15,97516,2.184013918042183,-0.006309050018899143,-0.6402068324387074,0.0120617114007473,0.8193500638008118,0.29100699075838415,0.4251708984375,0.392333984375,0.0003,,,,,,,,,785.8
6725632,821,1358.843,4949.5,938.76,97595,2.1722832173109055,-0.0053568890143651515,-0.657448023557663,0.012753045186400414,0.8282211422920227,0.2911287742177984,0.3909912109375,0.4154052734375,0.0003,,,,,,,,,785.8
6733824,822,1360.339,4950.1,1052.16,97686,2.819365441799164,-0.0021019840132794343,-0.6832232922315598,0.01563168130815029,0.8052588105201721,0.2912158084321776,0.3626708984375,0.3658447265625,0.0003,,,,,,,,,785.8
6742016,823,1361.901,4950.4,893.46,97775,2.6561696231365204,-0.0027584480412770063,-0.6444547735154629,0.013147475197911263,0.7945694327354431,0.29135231954359053,0.403564453125,0.3653564453125,0.0003,,,,,,,,,785.8
6750208,824,1363.556,4950.4,791.07,97862,2.7832835391163826,-0.0007878956967033446,-0.6578945480287075,0.012653508223593235,0.794083833694458,0.29144835240632583,0.3704833984375,0.3807373046875,0.0003,,,,,,,,,785.8
6758400,825,1365.128,4950.7,765.75,97950,2.2206510305404663,0.0006770449690520763,-0.6410916969180107,0.0153212184086442,0.8228289484977722,0.2915872099905303,0.406005859375,0.4342041015625,0.0003,,,,,,,,,785.8
6766592,826,1366.611,4951.4,694.05,98040,2.183733806014061,-0.004331109899794683,-0.6322798654437065,0.015565125271677971,0.8339205980300903,0.29179164341517855,0.46044921875,0.4034423828125,0.0003,,,,,,,,,785.8
6774784,827,1367.986,4952.4,783.09,98099,1.8821998611092567,-0.0031014265259727836,-0.6063576303422451,0.008400067687034607,0.8299752473831177,0.2919877593145405,0.4539794921875,0.3133544921875,0.0003,,,,,,,,,785.8
6782976,828,1369.405,4953.2,890.16,98174,2.42736005038023,-0.00283054486499168,-0.65070366486907,0.014917786233127117,0.7880563139915466,0.2921387308461655,0.4169921875,0.3319091796875,0.0003,,,,,,,,,785.8
6791168,829,1370.891,4953.8,944.25,98267,2.400948688387871,-0.0017839754873421043,-0.67715884745121,0.013546898029744625,0.8252732753753662,0.2922476663808052,0.3824462890625,0.3037109375,0.0003,,,,,,,,,785.8
6799360,830,1372.311,4954.7,889.41,98348,2.105633035302162,-0.0024535194388590753,-0.6491797938942909,0.011181756854057312,0.8553251028060913,0.29239310758659637,0.4129638671875,0.2874755859375,0.0003,,,,,,,,,785.8
6807552,831,1373.734,4955.5,777.57,98426,2.53273843228817,-0.004912585412967019,-0.6807841844856739,0.0104854516685009,0.7737593650817871,0.2925091134081679,0.3887939453125,0.308837890625,0.0003,,,,,,,,,785.8
6815744,832,1375.238,4956.0,805.14,98524,2.4443956315517426,-0.003487609399599023,-0.7023458294570446,0.016102980822324753,0.8156991004943848,0.2925739288330078,0.346435546875,0.382080078125,0.0003,,,,,,,,,785.8
6823936,833,1376.931,4955.9,875.61,98616,2.5661120861768723,-0.0025319663109257817,-0.7005205452442169,0.010358288884162903,0.823211133480072,0.29263785592361946,0.3458251953125,0.34765625,0.0003,,,,,,,,,785.8
6832128,834,1378.542,4956.1,911.85,98696,2.2036304622888565,-0.00354245537891984,-0.692120373249054,0.01225617527961731,0.8254024982452393,0.29276076209345026,0.3951416015625,0.321533203125,0.0003,,,,,,,,,785.8
6840320,835,1380.295,4955.7,986.82,98793,2.2510325759649277,-0.004578652296913788,-0.6827085316181183,0.009917011484503746,0.8444135189056396,0.29286232223053893,0.3775634765625,0.2882080078125,0.0003,,,,,,,,,785.8
6848512,836,1381.751,4956.4,936.78,98872,2.5681513249874115,-0.0024968674406409264,-0.6834209151566029,0.008185885846614838,0.8218743205070496,0.2929318076685855,0.3509521484375,0.278076171875,0.0003,,,,,,,,,785.8
6856704,837,1383.238,4957.0,805.74,98956,2.626145489513874,-0.0031661924440413713,-0.7061845436692238,0.013885576277971268,0.8018944263458252,0.2929716668533453,0.3262939453125,0.286376953125,0.0003,,,,,,,,,785.8
6864896,838,1384.751,4957.5,888.6,99043,2.6032261848449707,-0.002468571125064045,-0.7040317468345165,0.010387560352683067,0.8294029235839844,0.293056588184293,0.3641357421875,0.357177734375,0.0003,,,,,,,,,785.8
6873088,839,1386.311,4957.8,939.36,99132,2.7239334732294083,-0.003016352071426809,-0.6926991231739521,0.009805520996451378,0.8261201977729797,0.29312079228434146,0.346923828125,0.360595703125,0.0003,,,,,,,,,785.8
6881280,840,1387.779,4958.5,1048.71,99224,3.2277674674987793,-0.0035846426035277545,-0.6916179470717907,0.010884691029787064,0.7946180105209351,0.2931822277250744,0.3447265625,0.334228515625,0.0003,,,,,,,,,785.8
6889472,841,1389.246,4959.1,937.08,99314,2.5279240757226944,-0.002247575655928813,-0.678784403949976,0.01053052581846714,0.8333114981651306,0.29326645060753564,0.364013671875,0.3526611328125,0.0003,,,,,,,,,785.8
6897664,842,1390.742,4959.7,767.88,99410,3.294684424996376,-0.0022270577173912898,-0.7355227917432785,0.00996491126716137,0.7540494203567505,0.29332133313539194,0.3394775390625,0.392578125,0.0003,,,,,,,,,785.8
6905856,843,1392.303,4960.0,767.55,99517,2.892776645720005,-0.0031445398926734924,-0.7180493995547295,0.014591135084629059,0.8054604530334473,0.29333510574214117,0.304931640625,0.3848876953125,0.0003,,,,,,,,,785.8
6914048,844,1393.761,4960.7,808.5,99608,2.7087944597005844,-0.00407785594870802,-0.6887982115149498,0.012598282657563686,0.8027106523513794,0.2934275261033768,0.371337890625,0.369384765625,0.0003,,,,,,,,,785.8
6922240,845,1395.243,4961.3,770.64,99698,2.897451862692833,0.0007696524990024045,-0.6575249619781971,0.009261904284358025,0.7853603363037109,0.2935470310188609,0.3944091796875,0.3668212890625,0.0003,,,,,,,,,785.8
6930432,846,1396.727,4961.9,804.75,99778,2.4235219433903694,-0.0037619489012286067,-0.6436586044728756,0.010360075160861015,0.8388398289680481,0.2936710150247488,0.3984375,0.348388671875,0.0003,,,,,,,,,785.8
6938624,847,1398.274,4962.3,846.45,99863,2.4784016981720924,-0.00044563265691976994,-0.6664374470710754,0.017425742000341415,0.828453004360199,0.2937981651693477,0.4013671875,0.269775390625,0.0003,,,,,,,,,785.8
6946816,848,1399.747,4962.9,789.33,99948,2.522320047020912,-0.002913002186687663,-0.635433129966259,0.012412461452186108,0.801604151725769,0.2939264549399322,0.402587890625,0.2840576171875,0.0003,,,,,,,,,785.8
6955008,849,1401.175,4963.7,764.28,100029,2.469362825155258,0.0011595155810937285,-0.6396121419966221,0.018650148063898087,0.8010894060134888,0.2940573181224234,0.405029296875,0.31982421875,0.0003,,,,,,,,,785.8
6963200,850,1402.601,4964.5,851.07,100109,2.350598633289337,-0.002908422495238483,-0.6215422041714191,0.00944502279162407,0.8223795890808105,0.2942468979779412,0.4552001953125,0.3184814453125,0.0003,,,,,,,,,785.8
6971392,851,1404.026,4965.3,922.14,100177,2.165014259517193,-0.003289824046078138,-0.6105743311345577,0.015390188433229923,0.8316594362258911,0.2944370363910106,0.4560546875,0.2872314453125,0.0003,,,,,,,,,785.8
6979584,852,1405.478,4966.0,912.48,100261,2.6849775463342667,-0.0029198784759500995,-0.6477791257202625,0.010157274082303047,0.7940866351127625,0.294587041290713,0.4222412109375,0.283935546875,0.0003,,,,,,,,,785.8
6987776,853,1406.946,4966.6,905.64,100351,2.582723990082741,-0.0018952148529933766,-0.6801644377410412,0.01151291374117136,0.8142958283424377,0.2946836017639947,0.376953125,0.333984375,0.0003,,,,,,,,,785.8
6995968,854,1408.508,4966.9,778.08,100443,2.5091368705034256,-0.002221624308731407,-0.6683811135590076,0.01411434542387724,0.8079855442047119,0.2948112398455796,0.4036865234375,0.2943115234375,0.0003,,,,,,,,,785.8
7004160,855,1410.014,4967.4,706.8,100541,2.1263517513871193,-0.0042569026263663545,-0.6668719127774239,0.01059180311858654,0.8082069754600525,0.29495499817251464,0.417724609375,0.3424072265625,0.0003,,,,,,,,,785.8
7012352,856,1411.471,4968.1,709.59,100618,1.9927090927958488,-0.004582374473102391,-0.6435371339321136,0.00862087681889534,0.823430597782135,0.2951209522853388,0.43701171875,0.3394775390625,0.0003,,,,,,,,,785.8
7020544,857,1412.949,4968.7,743.4,100700,2.1372994631528854,-0.0016964681854005903,-0.6781195811927319,0.013078780844807625,0.8150901794433594,0.2952101717473746,0.37158203125,0.3109130859375,0.0003,,,,,,,,,785.8
7028736,858,1414.395,4969.4,836.82,100777,2.0811657756567,-0.002179979477659799,-0.6432286389172077,0.008583296090364456,0.7788258790969849,0.29531540237106646,0.385498046875,0.3092041015625,0.0003,,,,,,,,,785.8
7036928,859,1415.874,4970.0,841.86,100870,2.3233467116951942,-0.0022281718702288345,-0.6736191101372242,0.012507501989603043,0.7577056884765625,0.2954392882803405,0.4017333984375,0.378662109375,0.0003,,,,,,,,,785.8
7045120,860,1417.362,4970.6,852.78,100955,2.472914181649685,-0.002848873278708197,-0.6600161828100681,0.012127825990319252,0.7584500312805176,0.29554315611373544,0.384765625,0.3621826171875,0.0003,,,,,,,,,785.8
7053312,861,1418.803,4971.3,817.02,101039,2.5067583695054054,-0.0002857875224435702,-0.6881446279585361,0.014971774071455002,0.7386312484741211,0.2956381342552265,0.3773193359375,0.35791015625,0.0003,,,,,,,,,785.8
7061504,862,1420.285,4971.9,832.71,101132,2.7673751786351204,-0.0013351041852729395,-0.7483396641910076,0.010565996170043945,0.7429714202880859,0.29570301170968677,0.3515625,0.3359375,0.0003,,,,,,,,,785.8
7069696,863,1421.767,4972.5,846.18,101224,2.4918783232569695,-0.004979220568202436,-0.7451637499034405,0.011809240095317364,0.7789540886878967,0.29579588712159616,0.3758544921875,0.375,0.0003,,,,,,,,,785.8
7077888,864,1423.19,4973.3,820.8,101306,2.8973875045776367,-0.0016279447736451402,-0.73596166446805,0.01517694815993309,0.6983728408813477,0.29588049429434315,0.368896484375,0.4124755859375,0.0003,,,,,,,,,785.8
7086080,865,1424.72,4973.7,940.71,101400,2.6495113223791122,0.0008785057143541053,-0.743849590420723,0.02010229229927063,0.770256519317627,0.2959493824512283,0.35546875,0.4285888671875,0.0003,,,,,,,,,785.8
7094272,866,1426.254,4974.1,780.3,101509,2.876033306121826,0.0004721197619801387,-0.7476727440953255,0.011986256577074528,0.7953972816467285,0.295948618829388,0.2952880859375,0.3521728515625,0.0003,,,,,,,,,785.8
7102464,867,1427.8,4974.4,713.88,101613,2.9902917444705963,-0.002774586057057604,-0.7446533814072609,0.013178545981645584,0.8016171455383301,0.2959764385993368,0.320068359375,0.3548583984375,0.0003,,,,,,,,,785.8
7110656,868,1429.329,4974.8,692.4,101714,3.137292429804802,-0.002859903805074282,-0.7330796793103218,0.013131644576787949,0.7829384803771973,0.29603471184655816,0.3465576171875,0.389404296875,0.0003,,,,,,,,,785.8
7118848,869,1430.85,4975.3,639.99,101809,2.7906093895435333,-0.0019070894049946219,-0.7225762121379375,0.011705433949828148,0.8164297342300415,0.29614299954149886,0.39013671875,0.3985595703125,0.0003,965.01,582.0,3375,100,0.0,0.0,0.0,0,785.8
7127040,870,1432.625,4974.8,685.5,101904,2.901755467057228,-0.0017399291973561049,-0.7120640724897385,0.007525117136538029,0.8376023769378662,0.29626142129130745,0.399169921875,0.3240966796875,0.0003,,,,,,,,,785.8
7135232,871,1434.073,4975.5,637.2,101986,1.9580736830830574,-0.001982973888516426,-0.6971025541424751,0.014352572150528431,0.8442688584327698,0.29638223396239954,0.4014892578125,0.3365478515625,0.0003,,,,,,,,,785.8
7143424,872,1435.543,4976.1,682.89,102080,2.1285591647028923,-0.003995595237938687,-0.6941802315413952,0.010703343898057938,0.8317790031433105,0.2965209680959719,0.4173583984375,0.3828125,0.0003,,,,,,,,,785.8
7151616,873,1436.98,4976.8,683.73,102162,2.3165522292256355,-0.003497416968457401,-0.6752641126513481,0.011412350460886955,0.7956554293632507,0.29663295680304985,0.394287109375,0.38427734375,0.0003,,,,,,,,,785.8
7159808,874,1438.513,4977.2,715.83,102260,2.1575168669223785,-0.001360283771646209,-0.7020308971405029,0.01199406012892723,0.8041098713874817,0.29674329255756576,0.39306640625,0.3966064453125,0.0003,,,,,,,,,785.8
7168000,875,1439.987,4977.8,805.47,102351,2.2120127826929092,-0.0033444940636400133,-0.6928274743258953,0.008560754358768463,0.816045880317688,0.2968246372767857,0.367919921875,0.3011474609375,0.0003,,,,,,,,,785.8
7176192,876,1441.461,4978.4,783.6,102432,2.4628107473254204,-0.002972976610180922,-0.6825719811022282,0.009794460609555244,0.7968370914459229,0.2969257232805365,0.3853759765625,0.3218994140625,0.0003,,,,,,,,,785.8
7184384,877,1443.067,4978.6,775.47,102511,2.2622333019971848,-0.00325108967081178,-0.6784036345779896,0.01038594450801611,0.7837523818016052,0.29703437344106326,0.3922119140625,0.3135986328125,0.0003,,,,,,,,,785.8
7192576,878,1444.714,4978.5,810.48,102601,2.5794405937194824,-0.003883470271830447,-0.6825670823454857,0.009664840996265411,0.7816036343574524,0.29712275546341116,0.3746337890625,0.316162109375,0.0003,,,,,,,,,785.8
7200768,879,1446.363,4978.5,780.87,102697,2.427870362997055,-0.00308168851188384,-0.6992888227105141,0.01174873299896717,0.8047157526016235,0.29720177070001425,0.3665771484375,0.32763671875,0.0003,,,,,,,,,785.8
7208960,880,1447.948,4978.7,700.89,102792,2.169601194560528,-0.0022959691705182195,-0.7288979664444923,0.010135442018508911,0.8079327344894409,0.29731278852982956,0.3948974609375,0.3338623046875,0.0003,,,,,,,,,785.8
7217152,881,1449.547,4978.9,726.48,102887,2.058842144906521,-0.0038316057762131095,-0.7129188887774944,0.010286262258887291,0.8433759212493896,0.29742258442111236,0.39404296875,0.3397216796875,0.0003,,,,,,,,,785.8
7225344,882,1451.017,4979.5,647.01,102979,3.019277609884739,-0.002857879633666016,-0.7070282548666,0.012534124776721,0.7632136940956116,0.29751150948660715,0.3758544921875,0.3194580078125,0.0003,,,,,,,,,785.8
7233536,883,1452.434,4980.3,629.22,103059,2.8600891530513763,-0.003767588728806004,-0.7107952050864697,0.01043066568672657,0.7429202198982239,0.2976099102845413,0.3843994140625,0.29248046875,0.0003,,,,,,,,,785.8
7241728,884,1453.909,4980.9,766.38,103153,2.72549020498991,0.0016212112823268399,-0.7331258021295071,0.0136251300573349,0.8086897134780884,0.29767080453725964,0.3514404296875,0.3370361328125,0.0003,,,,,,,,,785.8
7249920,885,1455.404,4981.4,829.65,103253,2.4893985763192177,-0.0016993160388665274,-0.7463859282433987,0.016041968017816544,0.7967344522476196,0.2977143196062853,0.336181640625,0.3243408203125,0.0003,,,,,,,,,785.8
7258112,886,1456.869,4982.0,784.38,103345,2.3626726120710373,-0.0008838995709083974,-0.7399055100977421,0.012771661393344402,0.8253728151321411,0.2977445098670288,0.324462890625,0.3118896484375,0.0003,,,,,,,,,785.8
7266304,887,1458.397,4982.4,788.64,103451,3.220746234059334,-0.003381451140739955,-0.757314920425415,0.011494915001094341,0.7444686889648438,0.29776802622075815,0.318603515625,0.310791015625,0.0003,,,,,,,,,785.8
7274496,888,1459.992,4982.6,718.08,103542,2.735166698694229,-0.00299289874965325,-0.73768525198102,0.014074455946683884,0.8011786937713623,0.2978251689189189,0.3485107421875,0.33056640625,0.0003,,,,,,,,,785.8
7282688,889,1461.67,4982.4,739.56,103649,2.7739311307668686,-0.0007313917158171535,-0.7381799481809139,0.015929287299513817,0.7678341865539551,0.29785925196850394,0.328125,0.308837890625,0.0003,,,,,,,,,785.8
7290880,890,1463.207,4982.8,674.4,103746,2.9221625477075577,9.279174264520407e-05,-0.7082005217671394,0.012099385261535645,0.761734127998352,0.2979098545031601,0.3428955078125,0.3760986328125,0.0003,,,,,,,,,785.8
7299072,891,1464.772,4983.1,729.0,103845,2.563496395945549,-0.0011131782521260902,-0.7028583437204361,0.012022307142615318,0.8010115027427673,0.2979421219574214,0.32666015625,0.421630859375,0.0003,,,,,,,,,785.8
7307264,892,1466.242,4983.7,822.0,103933,2.8757196217775345,-0.0006168479740153998,-0.7153215371072292,0.007812385447323322,0.7707160115242004,0.2980202987055073,0.36767578125,0.3795166015625,0.0003,,,,,,,,,785.8
7315456,893,1467.742,4984.2,734.76,104036,2.7566944360733032,-0.0014085408038226888,-0.7287828400731087,0.01360573060810566,0.7659428119659424,0.298094882943729,0.3646240234375,0.3880615234375,0.0003,,,,,,,,,785.8
7323648,894,1469.232,4984.7,685.14,104135,2.5564677864313126,-0.0014714943972649053,-0.7026216834783554,0.012320268899202347,0.7651407718658447,0.2981714850304111,0.3665771484375,0.328369140625,0.0003,,,,,,,,,785.8
7331840,895,1470.725,4985.2,688.35,104230,2.415907099843025,-0.0015253448218572885,-0.7052890881896019,0.012766550295054913,0.8064724802970886,0.29824409697974863,0.3631591796875,0.304931640625,0.0003,,,,,,,,,785.8
7340032,896,1472.268,4985.5,688.26,104339,2.643795520067215,-0.0031809960928512737,-0.708185963332653,0.010819396935403347,0.745366096496582,0.298276492527553,0.3272705078125,0.3521728515625,0.0003,,,,,,,,,785.8
7348224,897,1473.732,4986.1,747.63,104429,2.3829692900180817,-0.0015241311339195818,-0.6939829811453819,0.016672467812895775,0.7274538278579712,0.2983293650275223,0.345703125,0.4183349609375,0.0003,,,,,,,,,785.8
7356416,898,1475.347,4986.2,801.63,104551,2.461065374314785,-0.0012529279192676768,-0.7296536676585674,0.012699965387582779,0.7397981286048889,0.29837423549728564,0.338623046875,0.4058837890625,0.0003,,,,,,,,,785.8
7364608,899,1476.751,4987.0,704.91,104627,2.3890850841999054,-0.0010759656870504841,-0.6942545175552368,0.0131172314286232,0.7343959808349609,0.29844168216421024,0.3590087890625,0.328857421875,0.0003,,,,,,,,,785.8
7372800,900,1478.291,4987.4,651.03,104713,2.8276562988758087,-0.0008000805537449196,-0.7092451266944408,0.012817309238016605,0.7350434064865112,0.29854302300347224,0.3896484375,0.33837890625,0.0003,,,,,,,,,785.8
7380992,901,1479.804,4987.8,796.5,104799,2.266783758997917,-0.004934126176522113,-0.7336042560636997,0.013149131089448929,0.8032777309417725,0.29865145498057716,0.396240234375,0.323974609375,0.0003,,,,,,,,,785.8
7389184,902,1481.436,4987.9,803.82,104901,3.1331580728292465,0.0003702222020365298,-0.7601602077484131,0.01513609103858471,0.7450343370437622,0.29867817610171843,0.32275390625,0.3424072265625,0.0003,,,,,,,,,785.8
7397376,903,1483.185,4987.5,786.39,105001,2.376391112804413,-0.0023278351000044495,-0.7748531326651573,0.015806013718247414,0.7924442887306213,0.29868009953799834,0.3004150390625,0.3280029296875,0.0003,,,,,,,,,785.8
7405568,904,1484.792,4987.6,750.36,105111,3.22075979411602,-0.004074704003869556,-0.7648431733250618,0.013091826811432838,0.7399823665618896,0.29864015832411506,0.2625732421875,0.312744140625,0.0003,,,,,,,,,785.8
7413760,905,1486.313,4988.0,730.47,105201,2.4137557297945023,-0.0027493818197399378,-0.7654966935515404,0.015880433842539787,0.7658515572547913,0.2986463009323204,0.30419921875,0.337646484375,0.0003,,,,,,,,,785.8
7421952,906,1487.861,4988.3,782.64,105302,2.0697343051433563,-0.0016081750218290836,-0.7393292561173439,0.018969688564538956,0.7984240651130676,0.29867142767832505,0.3214111328125,0.3154296875,0.0003,,,,,,,,,785.8
7430144,907,1489.388,4988.7,730.2,105403,2.3922806829214096,-0.002846927338396199,-0.700790286064148,0.0134327607229352,0.7697018980979919,0.2987161487045204,0.3392333984375,0.3475341796875,0.0003,,,,,,,,,785.8
7438336,908,1490.962,4988.9,733.68,105501,1.8923666402697563,-0.0021266899566398934,-0.6756467148661613,0.017937589436769485,0.8149734735488892,0.29883592244286894,0.407470703125,0.3690185546875,0.0003,,,,,,,,,785.8
7446528,909,1492.525,4989.2,765.78,105584,2.00667592138052,-0.0017142600408988073,-0.6859158836305141,0.01680937223136425,0.7675040364265442,0.2989651015882838,0.416259765625,0.3782958984375,0.0003,,,,,,,,,785.8
7454720,910,1494.132,4989.3,879.63,105664,1.8306118622422218,0.0014078436943236738,-0.6994520947337151,0.022006835788488388,0.7744977474212646,0.29910660628434066,0.427734375,0.37158203125,0.0003,,,,,,,,,785.8
7462912,911,1495.617,4989.9,881.55,105738,1.600082591176033,-0.004547018819721416,-0.6611121036112309,0.012406065128743649,0.8161918520927429,0.29930729452524696,0.48193359375,0.3466796875,0.0003,,,,,,,,,785.8
7471104,912,1497.095,4990.4,885.36,105824,2.1294286474585533,-0.0026055119233205914,-0.6462605819106102,0.011572196148335934,0.7784179449081421,0.2994442320706552,0.4241943359375,0.3370361328125,0.0003,,,,,,,,,785.8
7479296,913,1498.533,4991.1,782.7,105910,2.1033264324069023,-0.003911826512194239,-0.6957701630890369,0.008711013942956924,0.7724211812019348,0.29956295351861995,0.4078369140625,0.37841796875,0.0003,,,,,,,,,785.8
7487488,914,1499.996,4991.7,778.95,106003,2.2180898040533066,-0.0017161349242087454,-0.7179656438529491,0.014080985449254513,0.7443921566009521,0.2996440194628693,0.3736572265625,0.4088134765625,0.0003,,,,,,,,,785.8
7495680,915,1501.464,4992.2,720.63,106103,2.1365523859858513,-0.0019550369906937703,-0.7687618881464005,0.010280102491378784,0.778471827507019,0.299702095073429,0.352783203125,0.361328125,0.0003,,,,,,,,,785.8
7503872,916,1502.955,4992.7,762.48,106200,2.3994620889425278,-0.003989390010247007,-0.7771337740123272,0.00976496934890747,0.7474523186683655,0.299738721556018,0.333251953125,0.36865234375,0.0003,,,,,,,,,785.8
7512064,917,1504.535,4992.9,775.05,106298,2.2950068786740303,-0.003819948498858139,-0.7827418781816959,0.010657891631126404,0.7344145774841309,0.2997289426714149,0.290771484375,0.3260498046875,0.0003,,,,,,,,,785.8
7520256,918,1506.152,4993.0,760.65,106412,2.3743452355265617,-0.0013780239532934502,-0.7997352853417397,0.010772955603897572,0.7658165693283081,0.29967370791632625,0.2490234375,0.347412109375,0.0003,,,,,,,,,785.8
7528448,919,1507.678,4993.4,754.11,106518,2.687411442399025,-0.003550046050804667,-0.813979584723711,0.006368624046444893,0.7123256921768188,0.29962337522952937,0.25341796875,0.316162109375,0.0003,,,,,,,,,785.8
7536640,920,1509.258,4993.6,751.38,106619,2.2100036442279816,-0.005868758977157995,-0.7949429452419281,0.009510572999715805,0.7142149209976196,0.29959676991338313,0.275146484375,0.352783203125,0.0003,,,,,,,,,785.8
7544832,921,1510.842,4993.8,798.15,106733,2.4838637188076973,-0.003926239660358988,-0.7868758924305439,0.009527506306767464,0.7476502656936646,0.29959673058326547,0.299560546875,0.31884765625,0.0003,,,,,,,,,785.8
7553024,922,1512.343,4994.3,791.91,106822,2.3665795624256134,-0.0036948776250937954,-0.768207386136055,0.01338670589029789,0.7406238317489624,0.2995993392845038,0.302001953125,0.3026123046875,0.0003,,,,,,,,,785.8
7561216,923,1513.92,4994.5,817.95,106924,2.5364415273070335,-0.0030289423157228157,-0.7876288630068302,0.013990350998938084,0.7696002721786499,0.2995860718699215,0.287353515625,0.3797607421875,0.0003,,,,,,,,,785.8
7569408,924,1515.436,4994.9,854.91,107033,2.493403770029545,0.0014460124948527664,-0.8038592450320721,0.016708264127373695,0.80561363697052,0.29960229386498916,0.3145751953125,0.373291015625,0.0003,,,,,,,,,785.8
7577600,925,1516.92,4995.4,763.2,107137,2.4992480874061584,-0.0030679774354211986,-0.7788498178124428,0.009983222931623459,0.8069903254508972,0.29961782094594597,0.31396484375,0.3673095703125,0.0003,,,,,,,,,785.8
7585792,926,1518.439,4995.8,719.49,107238,2.0098389387130737,-0.006845296113169752,-0.7825886756181717,0.01387061644345522,0.8486286997795105,0.29964662885562904,0.3262939453125,0.3021240234375,0.0003,,,,,,,,,785.8
7593984,927,1519.876,4996.5,702.48,107317,2.382945589721203,-0.003953233463107608,-0.758174479007721,0.00914247240871191,0.7953589558601379,0.2996790617415049,0.3297119140625,0.30810546875,0.0003,,,,,,,,,785.8
7602176,928,1521.401,4996.8,749.16,107426,2.501326121389866,-0.005161336361197755,-0.7592988908290863,0.010119901970028877,0.8156976103782654,0.29974641471073543,0.3621826171875,0.3175048828125,0.0003,,,,,,,,,785.8
7610368,929,1522.928,4997.2,777.33,107526,2.472701281309128,-0.0010250328778056428,-0.735971063375473,0.01047457754611969,0.7847804427146912,0.2997929929275431,0.343017578125,0.374755859375,0.0003,,,,,,,,,785.8
7618560,930,1524.431,4997.6,703.41,107617,1.8528118804097176,-0.004374893265776336,-0.7451587170362473,0.010998539626598358,0.8459106087684631,0.29987924227150536,0.3800048828125,0.39013671875,0.0003,,,,,,,,,785.8
7626752,931,1525.907,4998.2,693.72,107703,2.051432639360428,-0.002986125517054461,-0.7533191554248333,0.013695931993424892,0.8233641982078552,0.2999358049140709,0.3525390625,0.3922119140625,0.0003,922.05,649.5,3648,100,0.0,0.0,0.0,0,785.8
7634944,932,1527.846,4997.2,757.71,107814,2.4981852620840073,-0.0033326689153909683,-0.7783915847539902,0.010362423956394196,0.7736936807632446,0.29997142087748124,0.3331298828125,0.4488525390625,0.0003,,,,,,,,,785.8
7643136,933,1529.435,4997.4,737.22,107920,2.769474357366562,-0.003974403909523971,-0.7656848318874836,0.012028275057673454,0.7819705009460449,0.2999961010768355,0.322998046875,0.45361328125,0.0003,,,,,,,,,785.8
7651328,934,1530.908,4997.9,794.01,108011,2.3446756824851036,-0.005195493751671165,-0.7834281884133816,0.014356312341988087,0.810441792011261,0.30000230025428265,0.3057861328125,0.3359375,0.0003,,,,,,,,,785.8
7659520,935,1532.384,4998.4,779.85,108105,2.2944016978144646,0.0014777355681871995,-0.7635180428624153,0.013873090967535973,0.8046976327896118,0.30000770283255346,0.3050537109375,0.30126953125,0.0003,,,,,,,,,785.8
7667712,936,1533.956,4998.7,717.93,108220,3.0152065753936768,-0.0002804646355798468,-0.7970203496515751,0.016450989991426468,0.7464151382446289,0.29999366173377406,0.286865234375,0.3505859375,0.0003,,,,,,,,,785.8
7675904,937,1535.473,4999.0,777.06,108323,3.029826894402504,0.002096673459163867,-0.800525177270174,0.013258659280836582,0.758512020111084,0.29998238643943437,0.2894287109375,0.2879638671875,0.0003,,,,,,,,,785.8
7684096,938,1536.986,4999.5,753.99,108427,2.3981989845633507,-0.003756827863981016,-0.7518763467669487,0.012129287235438824,0.7777938842773438,0.2999962519989339,0.31298828125,0.310302734375,0.0003,,,,,,,,,785.8
7692288,939,1538.428,5000.1,688.5,108512,2.085918679833412,-0.003644939773948863,-0.7535611912608147,0.010856465436518192,0.823265016078949,0.30004115810536475,0.3421630859375,0.3294677734375,0.0003,,,,,,,,,785.8
7700480,940,1539.925,5000.6,641.37,108609,3.103717401623726,-0.001537498683319427,-0.7473189197480679,0.012731768190860748,0.7630622982978821,0.3000816832197473,0.338134765625,0.2838134765625,0.0003,,,,,,,,,785.8
7708672,941,1541.447,5000.9,734.04,108704,2.553967647254467,-0.0031273969216272235,-0.7519257366657257,0.012339886277914047,0.7681458592414856,0.3001116145556589,0.3282470703125,0.343994140625,0.0003,,,,,,,,,785.8
7716864,942,1543.037,5001.1,833.37,108804,2.620844267308712,-0.004830152960494161,-0.7650802098214626,0.012174949049949646,0.7601704597473145,0.3001514604896497,0.337646484375,0.348388671875,0.0003,,,,,,,,,785.8
7725056,943,1544.546,5001.5,804.06,108899,2.585738867521286,-0.0014288927777670324,-0.7683485299348831,0.015719551593065262,0.7750895619392395,0.30018112490058324,0.328125,0.347900390625,0.0003,,,,,,,,,785.8
7733248,944,1546.173,5001.5,726.96,109011,3.1182299703359604,-0.002982349440571852,-0.7810610607266426,0.015851739794015884,0.7550821900367737,0.30020102808030985,0.3189697265625,0.38037109375,0.0003,,,,,,,,,785.8
7741440,945,1547.76,5001.7,686.88,109116,3.1331333369016647,-0.0017744612705428153,-0.8086427934467793,0.010793759487569332,0.7765692472457886,0.3001907913773148,0.29052734375,0.3370361328125,0.0003,,,,,,,,,785.8
7749632,946,1549.248,5002.2,735.54,109221,3.6649019718170166,-0.0038597392122028396,-0.8190971426665783,0.013761891983449459,0.709970235824585,0.30016857574656447,0.2791748046875,0.319091796875,0.0003,,,,,,,,,785.8
7757824,947,1550.792,5002.5,778.41,109332,3.130964979529381,-0.0038405643426813185,-0.7889792248606682,0.013684995472431183,0.7383497953414917,0.3001680625907471,0.2996826171875,0.338623046875,0.0003,,,,,,,,,785.8
7766016,948,1552.309,5002.9,675.6,109436,2.7284650951623917,-0.003119340559351258,-0.7660035938024521,0.02251509204506874,0.773250162601471,0.300193561280327,0.3243408203125,0.3397216796875,0.0003,,,,,,,,,785.8
7774208,949,1553.82,5003.3,671.34,109538,2.8197890669107437,-0.0020409453427419066,-0.7388481199741364,0.012744699604809284,0.7785006761550903,0.30020781538132246,0.313720703125,0.3941650390625,0.0003,,,,,,,,,785.8
7782400,950,1555.309,5003.8,815.04,109631,2.178803987801075,-0.005948139209067449,-0.7487323880195618,0.011778615415096283,0.8184452056884766,0.3002566046463816,0.3465576171875,0.412109375,0.0003,,,,,,,,,785.8
7790592,951,1556.81,5004.2,803.61,109735,2.8525737524032593,-0.003384056326467544,-0.7739788666367531,0.012760588899254799,0.798272430896759,0.3002615205622371,0.304931640625,0.301513671875,0.0003,,,,,,,,,785.8
7798784,952,1558.355,5004.5,847.83,109831,3.1478044539690018,-0.0034943041391670704,-0.7589601315557957,0.013683650642633438,0.7506786584854126,0.3002721962808561,0.3104248046875,0.2454833984375,0.0003,,,,,,,,,785.8
7806976,953,1559.874,5004.9,810.6,109930,3.0113080888986588,-0.0033080980938393623,-0.7256587333977222,0.012644072994589806,0.7504724860191345,0.3003202520412513,0.3460693359375,0.35791015625,0.0003,,,,,,,,,785.8
7815168,954,1561.415,5005.2,703.02,110024,2.955142021179199,-0.003989641780208331,-0.7535467930138111,0.012515372596681118,0.7717693448066711,0.30034773404743187,0.3265380859375,0.3731689453125,0.0003,,,,,,,,,785.8
7823360,955,1562.942,5005.5,732.9,110127,2.9005025401711464,-0.0029904162656748667,-0.7390748634934425,0.014999322593212128,0.7630336880683899,0.30037004560700264,0.3216552734375,0.327392578125,0.0003,,,,,,,,,785.8
7831552,956,1564.442,5006.0,762.87,110229,2.827944651246071,0.0004182591219432652,-0.7268086895346642,0.01502589974552393,0.7712253332138062,0.3004140175536088,0.3424072265625,0.3912353515625,0.0003,,,,,,,,,785.8
7839744,957,1565.895,5006.6,722.91,110321,2.6647138968110085,-0.0010345852060709149,-0.6907073706388474,0.015077264048159122,0.7886356115341187,0.3004752451100444,0.3590087890625,0.3658447265625,0.0003,,,,,,,,,785.8
7847936,958,1567.418,5006.9,696.12,110424,3.0815105736255646,-0.00019733596127480268,-0.7794951610267162,0.010004757903516293,0.7692269086837769,0.30050168604840816,0.3258056640625,0.40771484375,0.0003,,,,,,,,,785.8
7856128,959,1568.989,5007.1,839.67,110531,3.1463598906993866,-0.002331324911210686,-0.7763228230178356,0.014464406296610832,0.7775025367736816,0.300475755995829,0.275634765625,0.3956298828125,0.0003,,,,,,,,,785.8
7864320,960,1570.576,5007.3,836.1,110647,3.3303156346082687,-0.000713703891960904,-0.7979816943407059,0.014783285558223724,0.7864081859588623,0.3004521687825521,0.27783203125,0.3839111328125,0.0003,,,,,,,,,785.8
7872512,961,1572.127,5007.6,715.56,110749,3.5224382877349854,-0.00014593309606425464,-0.7615534104406834,0.023976437747478485,0.7557363510131836,0.30044946263657646,0.2978515625,0.33056640625,0.0003,,,,,,,,,785.8
7880704,962,1573.615,5008.0,722.76,110837,3.0959678664803505,-0.001828689535614103,-0.7368939109146595,0.01574765145778656,0.7718708515167236,0.3004824188295868,0.3321533203125,0.3621826171875,0.0003,,,,,,,,,785.8
7888896,963,1575.164,5008.3,679.77,110948,3.134274661540985,-0.001953607614268549,-0.7705881670117378,0.017468377947807312,0.7779320478439331,0.3004533207181334,0.2724609375,0.293701171875,0.0003,,,,,,,,,785.8
7897088,964,1576.785,5008.3,715.41,111063,3.524044945836067,0.003526954387780279,-0.7853322550654411,0.01422712579369545,0.7351861000061035,0.30041997759174016,0.268310546875,0.25634765625,0.0003,,,,,,,,,785.8
7905280,965,1578.292,5008.8,729.51,111147,3.09965443611145,-0.002125109880580567,-0.7559990733861923,0.011052427813410759,0.7304913997650146,0.30041693652849744,0.2974853515625,0.2777099609375,0.0003,,,,,,,,,785.8
7913472,966,1579.89,5008.9,848.19,111260,2.750289849936962,-0.0033058633416658267,-0.7582311555743217,0.008579956367611885,0.7838332653045654,0.30044321885513714,0.3258056640625,0.3665771484375,0.0003,,,,,,,,,785.8
7921664,967,1581.422,5009.2,842.43,111368,2.569342575967312,-0.004469124061870389,-0.7525361366569996,0.014308422803878784,0.7853587865829468,0.300440160047182,0.2974853515625,0.395263671875,0.0003,,,,,,,,,785.8
7929856,968,1582.982,5009.4,734.22,111481,2.7349501103162766,-0.004194553504930809,-0.7573120258748531,0.013697140850126743,0.8014881610870361,0.30042273150987864,0.2835693359375,0.3526611328125,0.0003,,,,,,,,,785.8
7938048,969,1584.479,5009.9,760.89,111576,2.371062211692333,-0.007228081056382507,-0.705598745495081,0.012881126254796982,0.8156489133834839,0.3004417458800955,0.31884765625,0.317138671875,0.0003,,,,,,,,,785.8
7946240,970,1586.054,5010.1,785.85,111680,2.847052052617073,-0.003104208954027854,-0.6988462656736374,0.013521233573555946,0.7837972044944763,0.300463993033183,0.322021484375,0.30126953125,0.0003,,,,,,,,,785.8
7954432,971,1587.591,5010.4,773.25,111776,2.7243408858776093,-0.0017538391839480028,-0.7021170519292355,0.018140900880098343,0.7437711954116821,0.3005178748149459,0.352783203125,0.3707275390625,0.0003,,,,,,,,,785.8
7962624,972,1589.187,5010.5,842.55,111881,2.8192014396190643,-0.003720811801031232,-0.7323116548359394,0.012419347651302814,0.7907643914222717,0.30052429952739196,0.3067626953125,0.3548583984375,0.0003,,,,,,,,,785.8
7970816,973,1590.667,5011.0,875.16,111973,2.697401598095894,-0.0028579340578289703,-0.7118111252784729,0.010320529341697693,0.7912232279777527,0.30057537396422146,0.3502197265625,0.3399658203125,0.0003,,,,,,,,,785.8
7979008,974,1592.138,5011.5,849.78,112052,2.640643760561943,-0.005786141671705991,-0.7205510400235653,0.011662250384688377,0.770228922367096,0.30062847411608057,0.352294921875,0.311767578125,0.0003,,,,,,,,,785.8
7987200,975,1593.742,5011.6,790.83,112156,2.6042626425623894,-0.002259907574625686,-0.7025326564908028,0.01156572811305523,0.7807415723800659,0.3006486628605769,0.3203125,0.3580322265625,0.0003,,,,,,,,,785.8
7995392,976,1595.344,5011.7,779.19,112257,2.5488296449184418,-0.001386883610393852,-0.7073665373027325,0.016928568482398987,0.7672204971313477,0.30068269323130126,0.3338623046875,0.4161376953125,0.0003,,,,,,,,,785.8
8003584,977,1596.796,5012.3,804.03,112337,2.105324313044548,-0.004408664914080873,-0.7229186818003654,0.014437326230108738,0.8074449300765991,0.30073377127047085,0.3505859375,0.3834228515625,0.0003,,,,,,,,,785.8
8011776,978,1598.298,5012.7,825.48,112442,2.2298500314354897,-0.004253531267750077,-0.7279529944062233,0.009882590733468533,0.7911901473999023,0.3007817492650818,0.34765625,0.4150390625,0.0003,,,,,,,,,785.8
8019968,979,1599.811,5013.1,754.77,112539,2.4140682965517044,-0.002599383209599182,-0.7436262257397175,0.010470954701304436,0.7714700698852539,0.3008117987503192,0.3302001953125,0.308837890625,0.0003,,,,,,,,,785.8
8028160,980,1601.532,5012.8,713.22,112637,2.8140199780464172,-0.0036987926287110895,-0.7278098873794079,0.010285940021276474,0.7387193441390991,0.30084191147161987,0.330322265625,0.3182373046875,0.0003,,,,,,,,,785.8
8036352,981,1603.227,5012.6,805.11,112746,2.8308821469545364,-0.003961054666433483,-0.7483657598495483,0.010148486122488976,0.7404335141181946,0.30086138586264016,0.3199462890625,0.374267578125,0.0003,,,,,,,,,785.8
8044544,982,1605.069,5012.0,766.5,112843,2.536622390151024,-0.0042162439713138156,-0.7025660835206509,0.010399061255156994,0.746923565864563,0.3009238311083885,0.3621826171875,0.37841796875,0.0003,,,,,,,,,785.8
8052736,983,1606.665,5012.1,743.76,112924,2.2487096339464188,-0.005120053159771487,-0.7070077247917652,0.018002521246671677,0.7836707830429077,0.30099645635967703,0.372314453125,0.3824462890625,0.0003,,,,,,,,,785.8
8060928,984,1608.372,5011.9,745.2,113011,2.616826146841049,-0.0006076253630453721,-0.7322031259536743,0.011451713740825653,0.7574918270111084,0.3010578930862551,0.3614501953125,0.3509521484375,0.0003,,,,,,,,,785.8
8069120,985,1609.93,5012.1,839.37,113108,2.6452167481184006,-0.002160146046662703,-0.7335734032094479,0.00711757130920887,0.7715193033218384,0.3011162307661802,0.3585205078125,0.366943359375,0.0003,,,,,,,,,785.8
8077312,986,1611.507,5012.3,872.79,113207,2.467881500720978,-0.0017914362397277728,-0.7243965715169907,0.013775188475847244,0.7855885028839111,0.30115736522248987,0.3416748046875,0.39208984375,0.0003,,,,,,,,,785.8
8085504,987,1613.179,5012.2,839.4,113314,2.910661205649376,0.0005717291205655783,-0.760967567563057,0.009557900950312614,0.7924943566322327,0.3011521607063703,0.2960205078125,0.3477783203125,0.0003,,,,,,,,,785.8
8093696,988,1614.747,5012.4,735.69,113418,3.2591061294078827,-0.003046927391551435,-0.7619284652173519,0.010156622156500816,0.7624770402908325,0.3011500555494054,0.299072265625,0.3687744140625,0.0003,,,,,,,,,785.8
8101888,989,1616.266,5012.7,791.58,113530,3.331620693206787,-0.003928312158677727,-0.7572076208889484,0.012436789460480213,0.7393702268600464,0.3011378335518832,0.2890625,0.3927001953125,0.0003,,,,,,,,,785.8
8110080,990,1617.772,5013.1,792.96,113628,2.6681319028139114,-0.0013787191710434854,-0.741645909845829,0.011658115312457085,0.8064743876457214,0.30116657295612376,0.32958984375,0.38720703125,0.0003,,,,,,,,,785.8
8118272,991,1619.334,5013.3,732.42,113724,3.296116627752781,0.0012468257918953896,-0.7207036428153515,0.01321021094918251,0.7615293860435486,0.30118576958249244,0.3201904296875,0.324462890625,0.0003,,,,,,,,,785.8
8126464,992,1620.965,5013.4,711.51,113818,3.1056411415338516,-0.0020563457073876634,-0.735621552914381,0.011660223826766014,0.7650040984153748,0.30117588658486644,0.2913818359375,0.282958984375,0.0003,,,,,,,,,785.8
8134656,993,1622.487,5013.7,802.44,113910,2.801654987037182,-0.0024131531245075166,-0.7060277946293354,0.017459847033023834,0.7596970796585083,0.30119048672740434,0.315673828125,0.3289794921875,0.0003,916.41,604.5,3354,100,0.0,0.0,0.0,0,785.8
8142848,994,1624.359,5013.0,819.6,114015,3.0320267528295517,0.005117505221278407,-0.7424976490437984,0.025673598051071167,0.7569149732589722,0.3012163557516977,0.326904296875,0.343994140625,0.0003,,,,,,,,,785.8
8151040,995,1625.883,5013.3,732.3,114118,3.127857655286789,-0.003195929923094809,-0.7453832887113094,0.015228932723402977,0.7806843519210815,0.3012173906642588,0.30224609375,0.34326171875,0.0003,,,,,,,,,785.8
8159232,996,1627.41,5013.6,813.63,114207,2.9490244537591934,-0.0005237153309280984,-0.7061135582625866,0.01719566248357296,0.7925117611885071,0.3012488185162525,0.33251953125,0.299072265625,0.0003,,,,,,,,,785.8
8167424,997,1628.929,5014.0,896.19,114298,2.548075169324875,-0.0040823422314133495,-0.7111570574343204,0.014802719466388226,0.8018426895141602,0.301325852557673,0.3780517578125,0.36328125,0.0003,,,,,,,,,785.8
8175616,998,1630.4,5014.5,918.51,114392,3.0526740700006485,-0.004043557157274336,-0.7157948017120361,0.015308166854083538,0.8096442222595215,0.30137545599010523,0.350830078125,0.33984375,0.0003,,,,,,,,,785.8
8183808,999,1631.89,5014.9,959.16,114488,3.0349794775247574,-0.001503145816968754,-0.7098658680915833,0.016098901629447937,0.7992657423019409,0.30141567348598597,0.341552734375,0.3629150390625,0.0003,,,,,,,,,785.8
8192000,1000,1633.39,5015.3,824.73,114579,3.2524593621492386,-0.0008077786333160475,-0.7117843180894852,0.015892500057816505,0.810174286365509,0.301462646484375,0.348388671875,0.3790283203125,0.0003,,,,,,,,,785.8
8200192,1001,1634.905,5015.7,848.88,114669,2.9659044444561005,-0.0018061022565234452,-0.6860052347183228,0.015388976782560349,0.8113403916358948,0.3014996478131244,0.3385009765625,0.339599609375,0.0003,,,,,,,,,785.8
8208384,1002,1636.425,5016.0,803.61,114743,2.8478716015815735,-0.0005979337292956188,-0.6763253584504128,0.020384669303894043,0.7729095220565796,0.30160504186938625,0.4071044921875,0.3455810546875,0.0003,,,,,,,,,785.8
8216576,1003,1638.122,5015.9,819.18,114822,2.448683202266693,-0.0032508735603187233,-0.6717555597424507,0.01806536130607128,0.8174145221710205,0.3017200838889581,0.4169921875,0.327880859375,0.0003,,,,,,,,,785.8
8224768,1004,1639.881,5015.5,924.78,114911,2.6433448791503906,-5.075235094409436e-05,-0.6783649548888206,0.018875587731599808,0.7989376783370972,0.3017716730733317,0.353515625,0.3616943359375,0.0003,,,,,,,,,785.8
8232960,1005,1641.444,5015.7,911.16,114993,2.690328150987625,-0.0024240304046543315,-0.7048935815691948,0.014127074740827084,0.8004519939422607,0.30184805950715177,0.3785400390625,0.327880859375,0.0003,,,,,,,,,785.8
8241152,1006,1642.985,5016.0,849.75,115083,2.796176999807358,-0.0036597705620806664,-0.7064699716866016,0.014196036383509636,0.7889273166656494,0.30191458669855864,0.3687744140625,0.340087890625,0.0003,,,,,,,,,785.8
8249344,1007,1644.543,5016.2,944.61,115172,2.885214149951935,0.0023225999175338075,-0.725276742130518,0.018970536068081856,0.8061147332191467,0.3019474033329196,0.3349609375,0.3682861328125,0.0003,,,,,,,,,785.8
8257536,1008,1646.112,5016.4,991.41,115268,2.841121643781662,-0.0025493303546682,-0.7202930822968483,0.01433065626770258,0.8080428838729858,0.3019463675362723,0.3009033203125,0.2957763671875,0.0003,,,,,,,,,785.8
8265728,1009,1647.664,5016.6,873.81,115357,3.0974159091711044,-0.0022447736118920147,-0.7208765782415867,0.013089647516608238,0.7788372039794922,0.30199263755110256,0.3486328125,0.310546875,0.0003,,,,,,,,,785.8
8273920,1010,1649.182,5017.0,812.43,115447,2.946536660194397,-0.0024690567515790462,-0.7119499295949936,0.013819367624819279,0.791127622127533,0.3020600876005569,0.3701171875,0.3509521484375,0.0003,,,,,,,,,785.8
8282112,1011,1650.636,5017.5,827.13,115531,2.284251354634762,-0.0030952893721405417,-0.7113159820437431,0.011088385246694088,0.8306237459182739,0.3021199182044387,0.362548828125,0.289794921875,0.0003,,,,,,,,,785.8
8290304,1012,1652.151,5017.9,878.64,115629,2.209727518260479,-0.0015955862327245995,-0.7179063372313976,0.014021214097738266,0.8247007727622986,0.30217372004693677,0.3565673828125,0.3974609375,0.0003,,,,,,,,,785.8
8298496,1013,1653.706,5018.1,805.65,115713,2.368715651333332,-0.002042459513177164,-0.7253155522048473,0.011928722262382507,0.8145795464515686,0.3022475397951629,0.376953125,0.3203125,0.0003,,,,,,,,,785.8
8306688,1014,1655.552,5017.5,797.88,115809,2.5616741329431534,-0.003905109071638435,-0.7333427257835865,0.012285363860428333,0.7921690940856934,0.3022911177114152,0.346435546875,0.34130859375,0.0003,,,,,,,,,785.8
8314880,1015,1657.157,5017.6,901.98,115899,2.554500550031662,-0.0011919342941837385,-0.7188471928238869,0.012940050102770329,0.7826914191246033,0.30232017780172415,0.331787109375,0.383544921875,0.0003,,,,,,,,,785.8
8323072,1016,1658.705,5017.8,900.93,115990,2.372945509850979,-0.004549373508780263,-0.7393368072807789,0.013945852406322956,0.7989270091056824,0.3023696058378445,0.3525390625,0.403564453125,0.0003,,,,,,,,,785.8
8331264,1017,1660.362,5017.7,879.51,116101,2.686005711555481,-0.003775961260544136,-0.7408111169934273,0.011197777464985847,0.8055245876312256,0.30237236510570303,0.30517578125,0.40869140625,0.0003,,,,,,,,,785.8
8339456,1018,1661.917,5018.0,867.93,116190,3.0731037259101868,-0.0012502922036219388,-0.7424283772706985,0.015450097620487213,0.788878858089447,0.3023889088209111,0.3192138671875,0.3553466796875,0.0003,,,,,,,,,785.8
8347648,1019,1663.412,5018.4,811.68,116275,2.7526910603046417,-0.003976204316131771,-0.7247835025191307,0.013260619714856148,0.7817658185958862,0.3024165609282998,0.33056640625,0.3095703125,0.0003,,,,,,,,,785.8
8355840,1020,1664.924,5018.8,902.4,116367,2.7272627875208855,-0.0014772150025237352,-0.6946299746632576,0.012965944595634937,0.8065741062164307,0.30247491574754903,0.3619384765625,0.343017578125,0.0003,,,,,,,,,785.8
8364032,1021,1666.381,5019.3,821.7,116445,2.734743595123291,-0.002007256436627358,-0.6757901459932327,0.014494779519736767,0.8088715672492981,0.3025384168783668,0.3673095703125,0.307373046875,0.0003,,,,,,,,,785.8
8372224,1022,1667.922,5019.6,790.05,116542,2.545898385345936,-0.004645074033760466,-0.700761254876852,0.016312159597873688,0.8169764876365662,0.30257193309686886,0.3367919921875,0.3345947265625,0.0003,,,,,,,,,785.8
8380416,1023,1669.479,5019.8,774.93,116637,3.0417125523090363,-0.000364744191756472,-0.7052413821220398,0.018271133303642273,0.7759214043617249,0.3026127819907747,0.3443603515625,0.36572265625,0.0003,,,,,,,,,785.8
8388608,1024,1671.114,5019.8,861.63,116722,2.823032855987549,-0.004073569769388996,-0.7175744436681271,0.010302267968654633,0.8050602078437805,0.30265116691589355,0.3419189453125,0.396484375,0.0003,,,,,,,,,785.8
8396800,1025,1672.731,5019.8,1014.03,116818,2.531710624694824,-0.002850224234862253,-0.722234059125185,0.025340739637613297,0.8001744747161865,0.3026931688262195,0.345703125,0.37890625,0.0003,,,,,,,,,785.8
8404992,1026,1674.394,5019.7,895.95,116914,2.9875493943691254,0.0009848243644228205,-0.7212066687643528,0.022366473451256752,0.7930523157119751,0.30273496988456383,0.3455810546875,0.366943359375,0.0003,,,,,,,,,785.8
8413184,1027,1675.861,5020.2,798.3,116994,2.7729936242103577,-0.0006223810923984274,-0.7101852968335152,0.01743849739432335,0.8088639974594116,0.3027484006055258,0.3165283203125,0.3590087890625,0.0003,,,,,,,,,785.8
8421376,1028,1677.42,5020.4,798.84,117090,2.708489738404751,0.0007085633842507377,-0.7176381163299084,0.02047349140048027,0.8292977809906006,0.3027729672680569,0.3280029296875,0.380615234375,0.0003,,,,,,,,,785.8
8429568,1029,1678.953,5020.7,851.19,117184,3.2335390746593475,-0.004949778216541745,-0.7118406742811203,0.015062643215060234,0.8094931244850159,0.3028047226144922,0.33544921875,0.36083984375,0.0003,,,,,,,,,785.8
8437760,1030,1680.584,5020.7,872.28,117273,3.0076185166835785,-0.003857919291476719,-0.6874951831996441,0.013468627817928791,0.7983936071395874,0.30286059333282767,0.3603515625,0.388427734375,0.0003,,,,,,,,,785.8
8445952,1031,1682.136,5021.0,839.28,117364,2.857774518430233,-0.004328893031924963,-0.7119070999324322,0.017181716859340668,0.7976142764091492,0.3029098436742241,0.3536376953125,0.3558349609375,0.0003,,,,,,,,,785.8
8454144,1032,1683.656,5021.3,887.52,117453,2.771736115217209,-0.0016711747739464045,-0.692964680492878,0.016216497868299484,0.8064241409301758,0.30291606104651164,0.309326171875,0.35595703125,0.0003,,,,,,,,,785.8
8462336,1033,1685.181,5021.6,842.07,117543,2.418179966509342,-0.0009801714040804654,-0.6998968720436096,0.016674835234880447,0.843798041343689,0.30295559051306875,0.34375,0.360595703125,0.0003,,,,,,,,,785.8
8470528,1034,1686.714,5021.9,894.27,117634,2.8830776810646057,-0.003132728219497949,-0.7080338783562183,0.01664666458964348,0.8041844367980957,0.30299492546391443,0.3436279296875,0.32763671875,0.0003,,,,,,,,,785.8
8478720,1035,1688.203,5022.3,934.02,117730,2.531860999763012,-0.002956010401248932,-0.6837960332632065,0.01374761387705803,0.8301514983177185,0.3030567113903985,0.366943359375,0.3253173828125,0.0003,,,,,,,,,785.8
8486912,1036,1689.67,5022.8,776.82,117815,3.089596703648567,-0.0033587730140425265,-0.6881516575813293,0.012407736852765083,0.7671988606452942,0.30311990980936293,0.3685302734375,0.3343505859375,0.0003,,,,,,,,,785.8
8495104,1037,1691.179,5023.2,681.57,117898,2.375567212700844,-0.002151748805772513,-0.6783246472477913,0.01220989041030407,0.7996988892555237,0.3032000549963838,0.38623046875,0.315673828125,0.0003,,,,,,,,,785.8
8503296,1038,1692.654,5023.6,751.2,117982,2.3854014351963997,-0.0024992336839204654,-0.6654818169772625,0.012648885138332844,0.7856161594390869,0.303310151734104,0.41748046875,0.3502197265625,0.0003,,,,,,,,,785.8
8511488,1039,1694.124,5024.1,725.55,118068,2.4355711713433266,-0.0023398116172757,-0.6944222375750542,0.014514010399580002,0.8023325204849243,0.30337268877075313,0.3682861328125,0.3162841796875,0.0003,,,,,,,,,785.8
8519680,1040,1695.587,5024.6,821.01,118154,2.7194685861468315,-0.00034853690885938704,-0.6755561903119087,0.017714422196149826,0.7195464968681335,0.3034352229191707,0.368408203125,0.377197265625,0.0003,,,,,,,,,785.8
8527872,1041,1697.089,5025.0,842.1,118239,2.8893863037228584,-0.0027679813356371596,-0.6983425430953503,0.011866675689816475,0.7879125475883484,0.30348462078230065,0.3548583984375,0.3812255859375,0.0003,,,,,,,,,785.8
8536064,1042,1698.608,5025.3,1004.67,118327,2.7616567611694336,-0.0008957131358329207,-0.6993279084563255,0.015451107174158096,0.8051217198371887,0.3035695374355206,0.3919677734375,0.32373046875,0.0003,,,,,,,,,785.8
8544256,1043,1700.057,5025.9,900.93,118420,3.2599174827337265,-0.0016262509016087279,-0.7267176769673824,0.013175753876566887,0.7872289419174194,0.3036030287482023,0.3385009765625,0.3275146484375,0.0003,,,,,,,,,785.8
8552448,1044,1701.604,5026.1,736.56,118522,3.508184388279915,0.0006998377357376739,-0.7053803913295269,0.016437534242868423,0.7803134918212891,0.3036248802681992,0.326416015625,0.2935791015625,0.0003,,,,,,,,,785.8
8560640,1045,1703.155,5026.3,788.61,118627,2.9119824171066284,-0.003263705555582419,-0.734670527279377,0.012483294121921062,0.7958593368530273,0.3036202900717703,0.298828125,0.3502197265625,0.0003,,,,,,,,,785.8
8568832,1046,1704.58,5026.9,832.56,118715,2.550257481634617,-0.0033743402891559526,-0.7270461469888687,0.01270349882543087,0.8303636908531189,0.3036255116216539,0.30908203125,0.3258056640625,0.0003,,,,,,,,,785.8
8577024,1047,1706.189,5027.0,776.43,118803,2.4674699008464813,-0.002624276967253536,-0.7160232700407505,0.016970347613096237,0.843731164932251,0.30365788879686006,0.3375244140625,0.3153076171875,0.0003,,,,,,,,,785.8
8585216,1048,1707.781,5027.1,806.49,118909,2.8853492736816406,-0.005482393913553096,-0.7461803890764713,0.01941419579088688,0.7959364652633667,0.3036374390580272,0.2822265625,0.2921142578125,0.0003,,,,,,,,,785.8
8593408,1049,1709.268,5027.5,800.55,118999,2.491828940808773,-0.003990573575720191,-0.7246983237564564,0.010358121246099472,0.8183960318565369,0.30363809096460914,0.3043212890625,0.2752685546875,0.0003,,,,,,,,,785.8
8601600,1050,1710.811,5027.8,803.49,119104,2.53751777112484,-0.003644022246589884,-0.7117542363703251,0.020164692774415016,0.8041539192199707,0.3036289760044643,0.2940673828125,0.3221435546875,0.0003,,,,,,,,,785.8
8609792,1051,1712.376,5028.0,814.86,119216,2.5780192464590073,0.0006614617013838142,-0.7495517395436764,0.01831316389143467,0.818335235118866,0.30361186425874165,0.28564453125,0.3741455078125,0.0003,,,,,,,,,785.8
8617984,1052,1713.979,5028.1,743.49,119318,2.7276105135679245,-0.0038735521375201643,-0.7268594950437546,0.013792312704026699,0.7892441749572754,0.3035773795820461,0.267333984375,0.311279296875,0.0003,,,,,,,,,785.8
8626176,1053,1715.451,5028.5,720.51,119415,2.6542439609766006,-0.005500214901985601,-0.6862075850367546,0.014432782307267189,0.7778586149215698,0.30359698202308877,0.32421875,0.283935546875,0.0003,,,,,,,,,785.8
8634368,1054,1716.931,5029.0,811.32,119503,2.996357649564743,-0.0014661423629149795,-0.698267612606287,0.01862773299217224,0.7236546277999878,0.30361029319111715,0.317626953125,0.3411865234375,0.0003,,,,,,,,,785.8
8642560,1055,1718.417,5029.4,832.32,119600,2.0903978124260902,-0.0022380919981515035,-0.6869888566434383,0.014496523886919022,0.7828428149223328,0.30364787748074645,0.34326171875,0.373779296875,0.0003,980.58,915.0,3696,100,0.0,0.0,0.0,0,785.8
8650752,1056,1720.277,5028.7,863.85,119692,2.775130659341812,-0.0014307234960142523,-0.7160466238856316,0.016383759677410126,0.7421855330467224,0.3036667794892282,0.3236083984375,0.3858642578125,0.0003,,,,,,,,,785.8
8658944,1057,1721.836,5028.9,769.26,119801,3.0403168499469757,-0.00039046637539286166,-0.7045324258506298,0.019850142300128937,0.744645357131958,0.3036602384771168,0.2967529296875,0.39501953125,0.0003,,,,,,,,,785.8
8667136,1058,1723.588,5028.5,799.11,119891,2.4240343868732452,-0.0010432016861159354,-0.7177240885794163,0.017243321985006332,0.7958090901374817,0.3036805929894258,0.3251953125,0.3966064453125,0.0003,,,,,,,,,785.8
8675328,1059,1725.286,5028.3,837.18,120006,3.009847417473793,-0.004293707344913855,-0.7441785223782063,0.010091101750731468,0.7866532206535339,0.30368327283994334,0.3065185546875,0.385986328125,0.0003,,,,,,,,,785.8
8683520,1060,1726.85,5028.5,925.44,120104,2.5788696706295013,-0.0018136178550776094,-0.7624101638793945,0.009732244536280632,0.8122594356536865,0.30367558317364385,0.2955322265625,0.3321533203125,0.0003,,,,,,,,,785.8
8691712,1061,1728.425,5028.7,769.59,120207,3.1853928714990616,-0.0029011149163125083,-0.7237757071852684,0.01256875041872263,0.7480274438858032,0.303700582808082,0.3302001953125,0.340576171875,0.0003,,,,,,,,,785.8
8699904,1062,1729.988,5028.9,699.09,120317,3.1506680250167847,-0.001833251109928824,-0.734507042914629,0.014379927888512611,0.7638856172561646,0.3036884085157721,0.290771484375,0.41259765625,0.0003,,,,,,,,,785.8
8708096,1063,1731.468,5029.3,791.55,120420,2.980516344308853,-0.004646712477551773,-0.718900129199028,0.016179922968149185,0.7745070457458496,0.3036770609786571,0.2916259765625,0.388671875,0.0003,,,,,,,,,785.8
8716288,1064,1732.927,5029.8,833.31,120507,2.866730198264122,-0.0019110253488179296,-0.7194136753678322,0.013223744928836823,0.8062082529067993,0.30368386175399437,0.3109130859375,0.3326416015625,0.0003,,,,,,,,,785.8
8724480,1065,1734.397,5030.3,725.07,120595,2.8491522520780563,-0.005200968967983499,-0.7005396857857704,0.011683113873004913,0.7199316024780273,0.30372469190140844,0.34716796875,0.3511962890625,0.0003,,,,,,,,,785.8
8732672,1066,1735.884,5030.7,708.66,120691,2.7740414813160896,-0.005009873158996925,-0.7011025175452232,0.01743609458208084,0.7533045411109924,0.3037483830836656,0.3289794921875,0.310302734375,0.0003,,,,,,,,,785.8
8740864,1067,1737.345,5031.2,815.82,120778,2.7736115902662277,-0.0023215366527438164,-0.7196016013622284,0.015742313116788864,0.7382160425186157,0.30375875885953607,0.3148193359375,0.3375244140625,0.0003,,,,,,,,,785.8
8749056,1068,1738.934,5031.3,843.57,120874,2.4653520211577415,-0.002083985455101356,-0.7217096611857414,0.013536164537072182,0.8112236261367798,0.30378465973929075,0.3314208984375,0.337890625,0.0003,,,,,,,,,785.8
8757248,1069,1740.663,5031.0,739.95,120978,2.632036402821541,-0.004497646434174385,-0.7318259514868259,0.02032613754272461,0.771575927734375,0.30377134460506316,0.28955078125,0.4073486328125,0.0003,,,,,,,,,785.8
8765440,1070,1742.22,5031.2,698.52,121079,3.0893084704875946,0.00039377865323331207,-0.7234095968306065,0.012791384011507034,0.7742478251457214,0.30378052898656543,0.3135986328125,0.40283203125,0.0003,,,,,,,,,785.8
8773632,1071,1743.743,5031.5,765.93,121169,2.647448018193245,0.0010727769113145769,-0.7001201994717121,0.025656094774603844,0.7931857109069824,0.3037800080969888,0.30322265625,0.3525390625,0.0003,,,,,,,,,785.8
8781824,1072,1745.245,5031.9,931.95,121271,3.2971478551626205,0.006173649511765689,-0.7567496746778488,0.01824849657714367,0.7358126640319824,0.30373701408727843,0.2576904296875,0.38427734375,0.0003,,,,,,,,,785.8
8790016,1073,1746.762,5032.2,951.24,121374,3.0625307112932205,-0.003346427984070033,-0.7626018822193146,0.013634096831083298,0.7777338027954102,0.30371070996912863,0.2755126953125,0.38037109375,0.0003,,,,,,,,,785.8
8798208,1074,1748.325,5032.4,807.0,121476,3.2050641775131226,0.006141832214780152,-0.7655156776309013,0.024193650111556053,0.7660614848136902,0.3036593360829842,0.24853515625,0.3431396484375,0.0003,,,,,,,,,785.8
8806400,1075,1749.922,5032.5,709.17,121581,3.410635992884636,-0.0022034125577192754,-0.7404854036867619,0.015250343829393387,0.7496834397315979,0.30360521893168607,0.2454833984375,0.34521484375,0.0003,,,,,,,,,785.8
8814592,1076,1751.51,5032.6,774.99,121702,3.918909013271332,-0.0013898968609282747,-0.765454113483429,0.0150413503870368,0.7333818674087524,0.30354779892251393,0.2418212890625,0.3763427734375,0.0003,,,,,,,,,785.8
8822784,1077,1753.132,5032.6,841.41,121809,3.2126062363386154,-0.00301406932703685,-0.757575836032629,0.015848973765969276,0.7507514953613281,0.30351224738132543,0.2652587890625,0.3380126953125,0.0003,,,,,,,,,785.8
8830976,1078,1754.851,5032.3,748.98,121912,3.073084481060505,-0.0032498368818778545,-0.7475279681384563,0.013214082457125187,0.793581485748291,0.3034573981403641,0.244384765625,0.3101806640625,0.0003,,,,,,,,,785.8
8839168,1079,1756.58,5032.0,746.01,122013,3.412100538611412,-0.004513164371019229,-0.7353765703737736,0.01314878836274147,0.7734872102737427,0.30339246861243047,0.2333984375,0.2965087890625,0.0003,,,,,,,,,785.8
8847360,1080,1758.18,5032.1,843.12,122117,3.409943163394928,-0.002875640071579255,-0.7337746545672417,0.015333650633692741,0.7627199292182922,0.30337083604600695,0.280029296875,0.362060546875,0.0003,,,,,,,,,785.8
8855552,1081,1759.803,5032.1,896.46,122234,2.678699605166912,-0.00330013019265607,-0.7295987233519554,0.01565416529774666,0.8138644695281982,0.30335816445999075,0.2896728515625,0.406005859375,0.0003,,,,,,,,,785.8
8863744,1082,1761.317,5032.5,770.28,122329,2.82463052123785,-0.004100892081623897,-0.7083281241357327,0.01388450525701046,0.7931115627288818,0.30332994725479434,0.2728271484375,0.3126220703125,0.0003,,,,,,,,,785.8
8871936,1083,1762.856,5032.7,735.99,122431,3.2597394585609436,-0.0016924962837947533,-0.7103413492441177,0.009768537245690823,0.75201416015625,0.3033228598583218,0.295654296875,0.355224609375,0.0003,,,,,,,,,785.8
8880128,1084,1764.438,5032.8,796.5,122532,2.7872635573148727,-0.0047379934549098834,-0.7032976523041725,0.016152605414390564,0.7833414077758789,0.3033115063206296,0.291015625,0.376953125,0.0003,,,,,,,,,785.8
8888320,1085,1765.934,5033.2,769.5,122631,2.696844771504402,-0.0043434873659862205,-0.7126661911606789,0.015860242769122124,0.819917619228363,0.3033313382056452,0.3248291015625,0.363037109375,0.0003,,,,,,,,,785.8
8896512,1086,1767.445,5033.5,766.08,122726,2.887985922396183,-0.0017130207270383835,-0.6984255649149418,0.01930900104343891,0.7912896871566772,0.30333843196075044,0.31103515625,0.3359375,0.0003,,,,,,,,,785.8
8904704,1087,1768.963,5033.9,903.75,122825,3.168893426656723,-0.0014583805022994056,-0.6854920201003551,0.012779989279806614,0.7727144360542297,0.3033492185703197,0.3150634765625,0.3062744140625,0.0003,,,,,,,,,785.8
8912896,1088,1770.649,5033.7,893.79,122927,3.2071662992239,-0.0016839539894135669,-0.7098305225372314,0.018101587891578674,0.763547420501709,0.3033468583050896,0.30078125,0.37353515625,0.0003,,,,,,,,,785.8
8921088,1089,1772.309,5033.6,822.75,123027,2.620472438633442,-0.0009333968337159604,-0.7151820622384548,0.018478160724043846,0.7858347296714783,0.30336680907082186,0.3250732421875,0.404296875,0.0003,,,,,,,,,785.8
8929280,1090,1773.915,5033.7,856.44,123124,3.0192435830831528,-0.004274252263712697,-0.6949907466769218,0.015279621817171574,0.7330281734466553,0.30339209880303897,0.3309326171875,0.386474609375,0.0003,,,,,,,,,785.8
8937472,1091,1775.522,5033.7,812.91,123232,2.9811910688877106,-0.0034674551570788026,-0.7008762918412685,0.011361085809767246,0.77003014087677,0.303392167270566,0.303466796875,0.3873291015625,0.0003,,,,,,,,,785.8
8945664,1092,1777.048,5034.0,736.83,123323,3.450850412249565,-0.004842729176743887,-0.6913824751973152,0.011394904926419258,0.7447946071624756,0.3033878759586767,0.2987060546875,0.352294921875,0.0003,,,,,,,,,785.8
8953856,1093,1778.668,5034.0,731.07,123425,3.00916351377964,-0.0038270983422989957,-0.6823838651180267,0.01607518084347248,0.781944751739502,0.30341955465890896,0.3380126953125,0.3375244140625,0.0003,,,,,,,,,785.8
8962048,1094,1780.244,5034.2,776.79,123504,2.792527437210083,-0.002137597868568264,-0.6570333316922188,0.014017907902598381,0.7890346050262451,0.30347025590579296,0.35888671875,0.2972412109375,0.0003,,,,,,,,,785.8
8970240,1095,1781.685,5034.7,802.65,123594,2.6903284043073654,-0.0036795827327296138,-0.6521943509578705,0.013829078525304794,0.7847161889076233,0.30355029519834476,0.39111328125,0.3514404296875,0.0003,,,,,,,,,785.8
8978432,1096,1783.131,5035.2,756.3,123683,2.6793655529618263,-0.0019327472255099565,-0.6440181285142899,0.01486956886947155,0.7835707664489746,0.3036531323063983,0.416259765625,0.3782958984375,0.0003,,,,,,,,,785.8
8986624,1097,1784.566,5035.7,733.53,123770,2.7306063175201416,-0.0010733396338764578,-0.6646417155861855,0.015858594328165054,0.7761099338531494,0.30372362302016864,0.3809814453125,0.3531494140625,0.0003,,,,,,,,,785.8
8994816,1098,1786.023,5036.2,846.15,123840,2.9885341823101044,0.0012253210734343156,-0.6524452604353428,0.020543359220027924,0.7399002313613892,0.30379720941484517,0.384521484375,0.304443359375,0.0003,,,,,,,,,785.8
9003008,1099,1787.699,5036.1,949.26,123932,2.5897375717759132,0.001810770045267418,-0.7003685757517815,0.03365088999271393,0.7764209508895874,0.30383833936391036,0.3489990234375,0.275634765625,0.0003,,,,,,,,,785.8
9011200,1100,1789.338,5036.1,945.66,124028,2.51742871850729,0.0006185034289956093,-0.6706167347729206,0.018387366086244583,0.7830775380134583,0.30387961647727274,0.3492431640625,0.325439453125,0.0003,,,,,,,,,785.8
9019392,1101,1791.008,5035.9,834.18,124123,2.7955109626054764,-0.0022519073099829257,-0.6835792288184166,0.015008185058832169,0.7838093638420105,0.30391704895407584,0.3450927734375,0.37158203125,0.0003,,,,,,,,,785.8
9027584,1102,1792.559,5036.1,768.27,124218,2.7354775220155716,-8.391462324652821e-05,-0.6730623990297318,0.02380939945578575,0.7949541807174683,0.3039468810259755,0.3367919921875,0.3250732421875,0.0003,,,,,,,,,785.8
9035776,1103,1794.074,5036.5,791.79,124302,2.90133635699749,0.0012755742791341618,-0.6413960568606853,0.020546335726976395,0.7970994710922241,0.3040263503654805,0.3916015625,0.348876953125,0.0003,,,,,,,,,785.8
9043968,1104,1795.611,5036.7,839.7,124385,2.4726362824440002,-0.001715207617962733,-0.6305369809269905,0.014597242698073387,0.8185188174247742,0.30411750682886096,0.4046630859375,0.341552734375,0.0003,,,,,,,,,785.8
9052160,1105,1797.052,5037.2,869.82,124465,2.6961094439029694,-0.0026832733274204656,-0.6393631882965565,0.012100478634238243,0.7804821729660034,0.30420374805571265,0.3994140625,0.3265380859375,0.0003,,,,,,,,,785.8
9060352,1106,1798.611,5037.4,888.39,124554,2.1072962880134583,-0.0013808145886287093,-0.6196875311434269,0.01983974315226078,0.8398626446723938,0.3043348646939986,0.44921875,0.382568359375,0.0003,,,,,,,,,785.8
9068544,1107,1800.022,5038.0,811.2,124638,2.1822849959135056,0.003452249482506886,-0.6395067609846592,0.015420222654938698,0.8294410705566406,0.3044303473633695,0.4100341796875,0.3653564453125,0.0003,,,,,,,,,785.8
9076736,1108,1801.483,5038.5,789.63,124723,2.5118619352579117,0.0005827624991070479,-0.63480643928051,0.013494560495018959,0.808171272277832,0.3045167337686146,0.400146484375,0.35791015625,0.0003,,,,,,,,,785.8
9084928,1109,1802.922,5039.0,757.65,124810,2.178638242185116,-0.003472939250059426,-0.670842032879591,0.017643101513385773,0.8043291568756104,0.30461408169662985,0.4124755859375,0.4351806640625,0.0003,,,,,,,,,785.8
9093120,1110,1804.621,5038.8,785.31,124926,2.4563684836030006,-0.003497724566841498,-0.705538384616375,0.017015449702739716,0.8092595934867859,0.3046553878096847,0.3504638671875,0.44140625,0.0003,,,,,,,,,785.8
9101312,1111,1806.211,5038.9,774.87,125020,2.3948904126882553,-0.0024862403952283785,-0.6914231590926647,0.016877824440598488,0.792736828327179,0.30469255421635916,0.345947265625,0.4249267578125,0.0003,,,,,,,,,785.8
9109504,1112,1807.79,5039.0,762.6,125110,2.5033192932605743,-0.005302611127262935,-0.7167062945663929,0.014792408794164658,0.8044536113739014,0.30474776672802384,0.3660888671875,0.396728515625,0.0003,,,,,,,,,785.8
9117696,1113,1809.287,5039.4,742.05,125206,2.6055415868759155,-0.0009486874769208953,-0.7204018235206604,0.021860593929886818,0.7981253266334534,0.30477008665347033,0.32958984375,0.3375244140625,0.0003,,,,,,,,,785.8
9125888,1114,1810.825,5039.6,766.53,125304,2.9594642966985703,-0.0030864577129250392,-0.7298420555889606,0.011278543621301651,0.7620510458946228,0.30479883163150806,0.3367919921875,0.3282470703125,0.0003,,,,,,,,,785.8
9134080,1115,1812.339,5039.9,783.93,125402,2.831878215074539,-0.0019268967444077134,-0.7040985375642776,0.012898566201329231,0.7729933261871338,0.3048234742853139,0.332275390625,0.3475341796875,0.0003,,,,,,,,,785.8
9142272,1116,1813.938,5040.0,732.0,125506,2.2968337535858154,-0.001277592164115049,-0.7072740904986858,0.015276085585355759,0.8090441226959229,0.30485682333669356,0.342041015625,0.36572265625,0.0003,,,,,,,,,785.8
9150464,1117,1815.561,5040.0,653.55,125613,2.8139838725328445,-0.003160599822876975,-0.7134261801838875,0.015134208835661411,0.7623727917671204,0.3048539396472135,0.3016357421875,0.347900390625,0.0003,905.19,787.5,3684,100,0.0,0.0,0.0,0,785.8
9158656,1118,1817.281,5039.8,689.64,125699,2.2271652221679688,-0.0037508957175305113,-0.715069767087698,0.012428444810211658,0.8276158571243286,0.3048763923440295,0.3299560546875,0.302734375,0.0003,,,,,,,,,785.8
9166848,1119,1818.755,5040.2,803.55,125801,2.425740048289299,-0.004181914788205177,-0.7241038754582405,0.019302383065223694,0.8089290857315063,0.30486924185936104,0.296875,0.3138427734375,0.0003,,,,,,,,,785.8
9175040,1120,1820.277,5040.5,861.51,125896,2.900804325938225,0.0010696220269892365,-0.7145773880183697,0.01791556179523468,0.7652803659439087,0.30487125941685267,0.30712890625,0.3177490234375,0.0003,,,,,,,,,785.8
9183232,1121,1821.795,5040.8,879.54,126003,2.424394264817238,-0.00432167382678017,-0.7065405510365963,0.009461759589612484,0.8061540126800537,0.30488187601053746,0.3167724609375,0.362060546875,0.0003,,,,,,,,,785.8
9191424,1122,1823.241,5041.3,796.17,126096,2.5289819687604904,-0.003280049088061787,-0.704858735203743,0.01100070495158434,0.7945103049278259,0.3048733253954991,0.2952880859375,0.356201171875,0.0003,,,,,,,,,785.8
9199616,1123,1824.844,5041.3,758.79,126206,2.8022160828113556,-0.0017697832954581827,-0.7121772058308125,0.016750682145357132,0.7827913165092468,0.30485315908837934,0.2822265625,0.33349609375,0.0003,,,,,,,,,785.8
9207808,1124,1826.358,5041.6,802.98,126301,2.634785085916519,-0.0016479129262734205,-0.7032891176640987,0.016795171424746513,0.7588803768157959,0.3048396534767015,0.2896728515625,0.3692626953125,0.0003,,,,,,,,,785.8
9216000,1125,1827.969,5041.7,882.51,126406,2.255777083337307,0.002780312890536152,-0.7029715068638325,0.021791521459817886,0.8107938766479492,0.30482769097222223,0.2913818359375,0.4073486328125,0.0003,,,,,,,,,785.8
9224192,1126,1829.485,5042.0,877.77,126499,2.94087190926075,-0.001827121275709942,-0.7132416442036629,0.013214221224188805,0.7691510915756226,0.3047993797180284,0.27294921875,0.3616943359375,0.0003,,,,,,,,,785.8
9232384,1127,1830.979,5042.3,882.75,126605,2.592159628868103,-0.0038587223534705117,-0.6929906830191612,0.015864940360188484,0.7817230820655823,0.3048113033426686,0.3182373046875,0.336669921875,0.0003,,,,,,,,,785.8
9240576,1128,1832.463,5042.7,884.55,126706,3.0700345784425735,-0.0005501196137629449,-0.7028337270021439,0.017907600849866867,0.8039650917053223,0.3047826239403258,0.2724609375,0.3096923828125,0.0003,,,,,,,,,785.8
9248768,1129,1833.98,5043.0,910.83,126814,3.7791818231344223,-0.0012189191911602393,-0.67538271099329,0.014121958054602146,0.7604362964630127,0.30476902437167847,0.2894287109375,0.3048095703125,0.0003,,,,,,,,,785.8
9256960,1130,1835.494,5043.3,859.53,126920,3.467379316687584,0.0008326933020725846,-0.6815375722944736,0.013185274787247181,0.7664243578910828,0.30475609703401546,0.2901611328125,0.288818359375,0.0003,,,,,,,,,785.8
9265152,1131,1836.974,5043.7,834.33,127014,2.74321411550045,-0.0014470934547716752,-0.690876092761755,0.01970626600086689,0.8052409887313843,0.3047659660629421,0.31591796875,0.290283203125,0.0003,,,,,,,,,785.8
9273344,1132,1838.506,5044.0,923.43,127117,2.393676519393921,-0.0013696910318685696,-0.7195775955915451,0.02392914518713951,0.8347778916358948,0.3047702101852363,0.3095703125,0.31298828125,0.0003,,,,,,,,,785.8
9281536,1133,1839.993,5044.3,875.28,127219,2.9151978939771652,-0.0019469225662760437,-0.6982931196689606,0.017064781859517097,0.8134544491767883,0.3047680901092233,0.3023681640625,0.3577880859375,0.0003,,,,,,,,,785.8
9289728,1134,1841.659,5044.2,763.89,127332,3.152285724878311,0.0019628050358733162,-0.7271792180836201,0.014410683885216713,0.7980762720108032,0.30473723234953703,0.269775390625,0.3084716796875,0.0003,,,,,,,,,785.8
9297920,1135,1843.202,5044.4,747.27,127422,2.6274682581424713,-0.0025826981145655736,-0.7249032407999039,0.01759720966219902,0.7922708988189697,0.30473751118529735,0.3050537109375,0.3345947265625,0.0003,,,,,,,,,785.8
9306112,1136,1844.701,5044.8,747.57,127524,2.7181001603603363,0.002265642353449948,-0.7180323898792267,0.016062799841165543,0.7761443257331848,0.3047368224238006,0.303955078125,0.3497314453125,0.0003,,,,,,,,,785.8
9314304,1137,1846.29,5044.9,807.75,127624,2.4227606654167175,-0.0006011930236127228,-0.7286636643111706,0.01569436863064766,0.8270787596702576,0.3047250766133465,0.2913818359375,0.363525390625,0.0003,,,,,,,,,785.8
9322496,1138,1847.874,5045.0,850.77,127725,2.750232607126236,-0.0032623068254906684,-0.7156909480690956,0.011631565168499947,0.7858137488365173,0.30471238603910367,0.290283203125,0.374267578125,0.0003,,,,,,,,,785.8
9330688,1139,1849.43,5045.2,893.58,127825,2.860511228442192,-0.005449072006740607,-0.7198878303170204,0.00985785387456417,0.7823728322982788,0.3046878215196993,0.2767333984375,0.385498046875,0.0003,,,,,,,,,785.8
9338880,1140,1850.927,5045.5,842.61,127930,2.7249028012156487,-0.004917871963698417,-0.7137846946716309,0.009745363146066666,0.8027793169021606,0.30467614960252193,0.2913818359375,0.372314453125,0.0003,,,,,,,,,785.8
9347072,1141,1852.4,5045.9,777.15,128032,2.9630225151777267,-0.0037496934819500893,-0.7261591032147408,0.015764258801937103,0.7717152833938599,0.3046502690896144,0.275146484375,0.3729248046875,0.0003,,,,,,,,,785.8
9355264,1142,1854.024,5045.9,803.67,128138,2.7750799134373665,-0.0028610140725504607,-0.7393531911075115,0.014621386304497719,0.801965057849884,0.3046405745471213,0.2935791015625,0.393310546875,0.0003,,,,,,,,,785.8
9363456,1143,1855.731,5045.7,811.41,128234,2.961226224899292,-0.002995637485582847,-0.7306104451417923,0.011945648118853569,0.762110710144043,0.30460708097522965,0.266357421875,0.3785400390625,0.0003,,,,,,,,,785.8
9371648,1144,1857.349,5045.7,761.49,128348,3.3954964876174927,-0.0010473722068127245,-0.7202540449798107,0.019843950867652893,0.7436463832855225,0.3045592408080201,0.2498779296875,0.3184814453125,0.0003,,,,,,,,,785.8
9379840,1145,1858.878,5046.0,792.15,128444,2.626680940389633,-0.0013296413671923801,-0.6896308064460754,0.015362770296633244,0.7826765179634094,0.3045531693504367,0.297607421875,0.29833984375,0.0003,,,,,,,,,785.8
9388032,1146,1860.391,5046.3,798.27,128542,3.0688364058732986,-0.0006691370363114402,-0.7063402384519577,0.012208791449666023,0.743545413017273,0.30455957116464877,0.3118896484375,0.3431396484375,0.0003,,,,,,,,,785.8
9396224,1147,1861.925,5046.5,793.59,128649,2.6916135102510452,-0.003041527175810188,-0.7089187689125538,0.015871314331889153,0.7881168127059937,0.30456159836121405,0.306884765625,0.3587646484375,0.0003,,,,,,,,,785.8
9404416,1148,1863.387,5046.9,829.56,128740,2.623224064707756,-0.002168619161238894,-0.7252368070185184,0.010263610631227493,0.8102824687957764,0.3045427807532121,0.282958984375,0.29443359375,0.0003,,,,,,,,,785.8
9412608,1149,1864.875,5047.3,813.27,128841,2.839609794318676,-0.002435765345580876,-0.7167664766311646,0.012068224139511585,0.8052233457565308,0.30451836515448216,0.2764892578125,0.2991943359375,0.0003,,,,,,,,,785.8
9420800,1150,1866.363,5047.7,812.34,128935,3.2719694674015045,-0.0004361131723271683,-0.698151059448719,0.019845426082611084,0.7850867509841919,0.3045054560122283,0.2896728515625,0.3353271484375,0.0003,,,,,,,,,785.8
9428992,1151,1867.847,5048.1,860.58,129028,3.1194422394037247,-0.0005171345401322469,-0.7131556645035744,0.019744623452425003,0.7988343238830566,0.3045225831138684,0.32421875,0.3369140625,0.0003,,,,,,,,,785.8
9437184,1152,1869.394,5048.3,915.48,129128,2.8095616698265076,-0.003679201821796596,-0.6860887259244919,0.01506522111594677,0.7912436723709106,0.3045181698269314,0.2994384765625,0.3319091796875,0.0003,,,,,,,,,785.8
9445376,1153,1870.991,5048.3,944.79,129222,2.568473920226097,-0.0015623455692548305,-0.6956804171204567,0.014930149540305138,0.8048779964447021,0.3045094234469861,0.29443359375,0.3756103515625,0.0003,,,,,,,,,785.8
9453568,1154,1872.525,5048.6,923.28,129315,2.673717774450779,-0.0011555740202311426,-0.7151630856096745,0.01103435643017292,0.8290631771087646,0.30448196913588604,0.2728271484375,0.4007568359375,0.0003,,,,,,,,,785.8
9461760,1155,1874.037,5048.9,972.9,129421,3.285854011774063,-0.004721458011772484,-0.7248732298612595,0.012787586078047752,0.7951449155807495,0.30446100936823595,0.2802734375,0.3267822265625,0.0003,,,,,,,,,785.8
9469952,1156,1875.572,5049.1,944.46,129521,2.992477297782898,-0.0011026509164366871,-0.718644917011261,0.01850520446896553,0.8057825565338135,0.3044493784129001,0.291015625,0.3590087890625,0.0003,,,,,,,,,785.8
9478144,1157,1877.055,5049.5,923.19,129616,3.229025587439537,0.0025609668518882245,-0.7228102087974548,0.02111099846661091,0.7936103940010071,0.3044306986684313,0.2828369140625,0.3531494140625,0.0003,,,,,,,,,785.8
9486336,1158,1878.575,5049.8,907.71,129724,2.833292081952095,-0.004067029964062385,-0.7253403179347515,0.01183624379336834,0.8138378858566284,0.3044026692708333,0.27197265625,0.3858642578125,0.0003,,,,,,,,,785.8
9494528,1159,1880.098,5050.0,809.61,129836,2.9066323041915894,-0.004243124058120884,-0.7246680483222008,0.016955725848674774,0.805094838142395,0.30436152276342754,0.2567138671875,0.3975830078125,0.0003,,,,,,,,,785.8
9502720,1160,1881.689,5050.1,738.03,129945,3.1147773265838623,-0.003482471191091463,-0.7339234985411167,0.013716690242290497,0.7767451405525208,0.3043262350148168,0.263427734375,0.382080078125,0.0003,,,,,,,,,785.8
9510912,1161,1883.122,5050.6,811.56,130032,2.8787254691123962,-0.0016755483229644597,-0.7161666266620159,0.014732744544744492,0.7807412147521973,0.30431992221145565,0.2969970703125,0.3531494140625,0.0003,,,,,,,,,785.8
9519104,1162,1884.583,5051.0,832.35,130122,3.390104502439499,-0.001558344069053419,-0.7189573310315609,0.008222348988056183,0.7737483978271484,0.3043569016579712,0.3472900390625,0.3485107421875,0.0003,,,,,,,,,785.8
9527296,1163,1886.101,5051.3,979.26,130207,3.479575976729393,-0.002425507555017248,-0.7233934178948402,0.012599168345332146,0.7649876475334167,0.30435393211253225,0.3009033203125,0.2845458984375,0.0003,,,,,,,,,785.8
9535488,1164,1887.757,5051.2,974.43,130302,3.3341225683689117,-0.003196210425812751,-0.7168686874210835,0.012828261591494083,0.7765125632286072,0.3043607207098368,0.312255859375,0.2733154296875,0.0003,,,,,,,,,785.8
9543680,1165,1889.502,5050.9,893.34,130390,3.2611226737499237,-0.0033391418401151896,-0.7134793549776077,0.011082343757152557,0.7570383548736572,0.30437294628487127,0.318603515625,0.306396484375,0.0003,,,,,,,,,785.8
9551872,1166,1890.97,5051.3,911.34,130482,3.7153706401586533,-0.00436899479245767,-0.6912678889930248,0.013004675507545471,0.7651755809783936,0.30440148276693824,0.337646484375,0.33544921875,0.0003,,,,,,,,,785.8
9560064,1167,1892.368,5051.9,948.57,130560,3.2377670407295227,0.001124322647228837,-0.6415703967213631,0.014602096751332283,0.7890386581420898,0.30446239690445587,0.37548828125,0.3438720703125,0.0003,,,,,,,,,785.8
9568256,1168,1893.78,5052.5,834.42,130637,2.8463888317346573,0.001272240624530241,-0.6768982112407684,0.018327414989471436,0.809076189994812,0.30451954880805865,0.3712158203125,0.3140869140625,0.0003,,,,,,,,,785.8
9576448,1169,1895.219,5053.0,889.56,130724,2.826932340860367,-0.003437556268181652,-0.662854827940464,0.011302451603114605,0.7996757626533508,0.3045905955945252,0.3875732421875,0.3663330078125,0.0003,,,,,,,,,785.8
9584640,1170,1896.637,5053.5,974.22,130805,2.751152351498604,-0.004870689575909637,-0.6862759068608284,0.015209716744720936,0.7899616360664368,0.3046390892094017,0.361328125,0.3450927734375,0.0003,,,,,,,,,785.8
9592832,1171,1898.154,5053.8,1033.56,130904,2.7796626538038254,-0.0017730376566760242,-0.6470040529966354,0.015173010528087616,0.823300302028656,0.3046965692717229,0.3719482421875,0.3616943359375,0.0003,,,,,,,,,785.8
9601024,1172,1899.64,5054.1,869.31,130999,3.2958664894104004,0.0013302984298206866,-0.6695713363587856,0.013827995397150517,0.808379054069519,0.30472457937819963,0.3375244140625,0.3253173828125,0.0003,,,,,,,,,785.8
9609216,1173,1901.051,5054.7,932.1,131080,2.9272156059741974,-0.001881833333754912,-0.680399764329195,0.013093746267259121,0.8061578869819641,0.3047374520460358,0.31982421875,0.3394775390625,0.0003,,,,,,,,,785.8
9617408,1174,1902.484,5055.2,978.57,131163,2.7223366498947144,0.0011543196014827117,-0.6724009923636913,0.015397129580378532,0.8338503837585449,0.3047909582290779,0.3675537109375,0.374267578125,0.0003,,,,,,,,,785.8
9625600,1175,1904.075,5055.3,1042.71,131257,2.871368296444416,-0.002572036610217765,-0.6848964355885983,0.014792535454034805,0.8436932563781738,0.30481071309840424,0.3280029296875,0.3905029296875,0.0003,,,,,,,,,785.8
9633792,1176,1905.632,5055.4,901.38,131351,3.395197570323944,-0.001989943324588239,-0.6674905382096767,0.012541277334094048,0.8001235127449036,0.3048301229671556,0.32763671875,0.3387451171875,0.0003,,,,,,,,,785.8
9641984,1177,1907.129,5055.8,812.7,131448,3.2111405432224274,-0.0031489454268012196,-0.6888146847486496,0.010448509827256203,0.8268311023712158,0.30484109909329865,0.3177490234375,0.34619140625,0.0003,,,,,,,,,785.8
9650176,1178,1908.652,5056.0,815.94,131548,3.4388488680124283,-0.0021532741957344115,-0.6822656840085983,0.012697362340986729,0.7936098575592041,0.30483236782417233,0.2945556640625,0.3377685546875,0.0003,,,,,,,,,785.8
9658368,1179,1910.174,5056.3,794.25,131642,2.757684215903282,-0.0037450941745191813,-0.6829936541616917,0.012775257229804993,0.8220811486244202,0.30485315945716707,0.329345703125,0.336669921875,0.0003,1182.42,951.0,8253,100,0.01,0.0,0.0,0,785.8
9666560,1180,1912.213,5055.2,809.31,131744,3.293936550617218,-0.0026948159211315215,-0.6840730011463165,0.012597193941473961,0.8082938194274902,0.30484205342955506,0.291748046875,0.300048828125,0.0003,,,,,,,,,785.8
9674752,1181,1913.607,5055.8,789.45,131819,3.212900884449482,-0.001192260009702295,-0.6922875232994556,0.01680620014667511,0.7895264625549316,0.30484791754868756,0.311767578125,0.2906494140625,0.0003,,,,,,,,,785.8
9682944,1182,1915.098,5056.1,816.57,131905,2.923812121152878,-0.0011985406599706039,-0.6776472255587578,0.01726343482732773,0.7944865226745605,0.3048833082170051,0.3466796875,0.2828369140625,0.0003,,,,,,,,,785.8
9691136,1183,1916.519,5056.6,1008.54,131987,2.820481523871422,-0.0014727698871865869,-0.6650404371321201,0.02279558964073658,0.830358624458313,0.30491667849878484,0.3443603515625,0.3115234375,0.0003,,,,,,,,,785.8
9699328,1184,1917.936,5057.2,964.14,132068,3.357150360941887,-0.0003749283205252141,-0.6652577966451645,0.015183936804533005,0.7808285355567932,0.30494545601509715,0.3389892578125,0.2845458984375,0.0003,,,,,,,,,785.8
9707520,1185,1919.501,5057.3,958.68,132164,2.9559760242700577,-0.003917378708138131,-0.7120185792446136,0.016761165112257004,0.8126882314682007,0.30495667276503163,0.3182373046875,0.308349609375,0.0003,,,,,,,,,785.8
9715712,1186,1921.114,5057.3,978.99,132252,2.9666637182235718,-0.0013532693847082555,-0.7099582776427269,0.01413958240300417,0.8126310110092163,0.30497301690293,0.3243408203125,0.2598876953125,0.0003,,,,,,,,,785.8
9723904,1187,1922.684,5057.5,1013.13,132348,3.4317528307437897,0.0006910459924256429,-0.7182325944304466,0.013324158266186714,0.8234996795654297,0.30499231584351305,0.327880859375,0.2462158203125,0.0003,,,,,,,,,785.8
9732096,1188,1924.136,5057.9,970.98,132431,2.8988213911652565,-0.00346107964287512,-0.6977906711399555,0.009775963611900806,0.8093833923339844,0.30500089600431396,0.315185546875,0.2532958984375,0.0003,,,,,,,,,785.8
9740288,1189,1925.645,5058.2,878.76,132526,3.0405836552381516,-0.0022596144408453256,-0.7151336632668972,0.011461063288152218,0.8232851624488831,0.3050246563551304,0.333251953125,0.268798828125,0.0003,,,,,,,,,785.8
9748480,1190,1927.102,5058.6,865.74,132619,2.8612816482782364,-0.0035915959742851555,-0.7135834507644176,0.009295569732785225,0.8032797574996948,0.30502837365414914,0.3094482421875,0.3203125,0.0003,,,,,,,,,785.8
9756672,1191,1928.69,5058.7,831.06,132719,2.375679314136505,-0.0032784744980745018,-0.7421614564955235,0.01405017077922821,0.8333722949028015,0.3050268575186293,0.30322265625,0.308837890625,0.0003,,,,,,,,,785.8
9764864,1192,1930.188,5059.0,814.86,132821,2.5943102091550827,-0.0024419905967079103,-0.7516463585197926,0.01114517729729414,0.8005598783493042,0.3050033262111997,0.2769775390625,0.307373046875,0.0003,,,,,,,,,785.8
9773056,1193,1931.662,5059.4,819.48,132916,2.543018527328968,-0.003732056065928191,-0.7551193311810493,0.009927161037921906,0.7823246121406555,0.3050120658266974,0.3154296875,0.332275390625,0.0003,,,,,,,,,785.8
9781248,1194,1933.139,5059.8,822.06,133020,2.9875151067972183,-0.003976833424530923,-0.7506969310343266,0.00936193484812975,0.7785079479217529,0.3049995256229062,0.2900390625,0.3341064453125,0.0003,,,,,,,,,785.8
9789440,1195,1934.647,5060.1,804.12,133127,2.755843698978424,-0.006756378847057931,-0.7477503940463066,0.011426834389567375,0.7855378985404968,0.30496739343619245,0.2666015625,0.29931640625,0.0003,,,,,,,,,785.8
9797632,1196,1936.188,5060.3,814.17,133220,3.0286222100257874,-0.0030735770415049046,-0.7319904640316963,0.01384210679680109,0.7699522376060486,0.3049379686846781,0.269775390625,0.293701171875,0.0003,,,,,,,,,785.8
9805824,1197,1937.953,5059.9,914.61,133310,3.164983347058296,-0.0008767264953348786,-0.7319384217262268,0.012327278032898903,0.754479169845581,0.3049365356751253,0.30322265625,0.3106689453125,0.0003,,,,,,,,,785.8
9814016,1198,1939.669,5059.6,938.52,133414,2.6268203780055046,-0.004172406857833266,-0.769914586097002,0.0138259157538414,0.814956784248352,0.3049335766316256,0.3013916015625,0.335205078125,0.0003,,,,,,,,,785.8
9822208,1199,1941.245,5059.7,894.42,133520,3.3998048156499863,-0.002739969757385552,-0.7457161657512188,0.01645429991185665,0.7893147468566895,0.3048944799377085,0.258056640625,0.2735595703125,0.0003,,,,,,,,,785.8
9830400,1200,1942.678,5060.2,853.47,133605,2.961435467004776,-0.002351155097130686,-0.7053931355476379,0.011694421991705894,0.7858539819717407,0.30489990234375,0.3114013671875,0.2786865234375,0.0003,,,,,,,,,785.8
9838592,1201,1944.154,5060.6,925.35,133707,3.169434130191803,-0.0009702490351628512,-0.7090602703392506,0.011834818869829178,0.8093549013137817,0.30492503398860327,0.3350830078125,0.2926025390625,0.0003,,,,,,,,,785.8
9846784,1202,1945.585,5061.1,980.28,133793,2.886543557047844,-0.0024179090396501124,-0.6974509470164776,0.018719971179962158,0.8284104466438293,0.30495692806910357,0.34326171875,0.326904296875,0.0003,,,,,,,,,785.8
9854976,1203,1947.052,5061.5,868.95,133881,2.705524578690529,-0.0017616048862691969,-0.6947835236787796,0.015527873300015926,0.8116067051887512,0.3050239797641313,0.3856201171875,0.354248046875,0.0003,,,,,,,,,785.8
9863168,1204,1948.419,5062.1,985.41,133975,2.456288866698742,-0.002847623502020724,-0.6978284977376461,0.010698316618800163,0.8324140906333923,0.30508514100134965,0.378662109375,0.3475341796875,0.0003,,,,,,,,,785.8
9871360,1205,1949.826,5062.7,957.21,134051,2.832583963871002,-0.0025075418525375426,-0.6552297323942184,0.012892062775790691,0.7951165437698364,0.30515450758558094,0.388671875,0.2967529296875,0.0003,,,,,,,,,785.8
9879552,1206,1951.249,5063.2,950.79,134137,2.305832155048847,-0.0031610460864612833,-0.6922065429389477,0.014201407320797443,0.8304174542427063,0.30518782633058666,0.3453369140625,0.29833984375,0.0003,,,,,,,,,785.8
9887744,1207,1952.702,5063.6,891.21,134236,3.215956836938858,-0.0005473260389408097,-0.7044456973671913,0.021272074431180954,0.7912008762359619,0.3052122910949151,0.334716796875,0.3251953125,0.0003,,,,,,,,,785.8
9895936,1208,1954.186,5064.0,854.79,134340,2.7278920114040375,-1.2361255357973278e-05,-0.7070637121796608,0.01573149301111698,0.8173351287841797,0.305223881803601,0.3192138671875,0.3541259765625,0.0003,,,,,,,,,785.8
9904128,1209,1955.675,5064.3,804.84,134451,3.6877643764019012,-0.0009711338934721425,-0.7422359474003315,0.011634882539510727,0.7706834077835083,0.30519244097006826,0.2672119140625,0.2939453125,0.0003,,,,,,,,,785.8
9912320,1210,1957.077,5064.9,751.41,134541,2.7681723088026047,-0.003092661609116476,-0.7371605262160301,0.013231892138719559,0.8025118708610535,0.3051895015495868,0.3016357421875,0.326904296875,0.0003,,,,,,,,,785.8
9920512,1211,1958.522,5065.3,769.02,134645,2.9034427106380463,0.0018445579917170107,-0.7153784520924091,0.017377303913235664,0.7782559394836426,0.3051860629773947,0.301025390625,0.3331298828125,0.0003,,,,,,,,,785.8
9928704,1212,1959.948,5065.8,831.18,134736,2.59872417896986,0.0003575273876776919,-0.7482611387968063,0.02198733389377594,0.8020684719085693,0.3051989464083127,0.32080078125,0.3524169921875,0.0003,,,,,,,,,785.8
9936896,1213,1961.367,5066.3,933.9,134834,2.613108567893505,-0.000916311502805911,-0.7328808270394802,0.018227040767669678,0.8187682032585144,0.3052105003413541,0.3192138671875,0.337890625,0.0003,,,,,,,,,785.8
9945088,1214,1962.839,5066.7,868.98,134944,3.2847009152173996,0.0015197547909338027,-0.7224325463175774,0.01952936500310898,0.7808089256286621,0.3052094662209123,0.303955078125,0.3062744140625,0.0003,,,,,,,,,785.8
9953280,1215,1964.274,5067.2,768.72,135044,2.807670533657074,-0.0015553204575553536,-0.7241833321750164,0.013950454071164131,0.807924211025238,0.3052027070473251,0.2969970703125,0.359130859375,0.0003,,,,,,,,,785.8
9961472,1216,1965.708,5067.6,765.75,135145,3.2418103963136673,-0.0047849542170297354,-0.7092455923557281,0.016174890100955963,0.7695173025131226,0.3051852176063939,0.283935546875,0.3468017578125,0.0003,,,,,,,,,785.8
9969664,1217,1967.105,5068.2,815.97,135235,2.830317735671997,-0.0011502231063786894,-0.7016940601170063,0.019309522584080696,0.7969690561294556,0.3052119910961894,0.3377685546875,0.37158203125,0.0003,,,,,,,,,785.8
9977856,1218,1968.51,5068.7,914.25,135329,2.6029666662216187,0.0020139337721047923,-0.7083347700536251,0.01637755148112774,0.8150944709777832,0.3052369166281814,0.3355712890625,0.336669921875,0.0003,,,,,,,,,785.8
9986048,1219,1969.933,5069.2,851.43,135425,2.917900003492832,0.0005032983899582177,-0.6970137841999531,0.01685517095029354,0.7936969995498657,0.3052485828227543,0.3194580078125,0.3094482421875,0.0003,,,,,,,,,785.8
9994240,1220,1971.306,5069.9,876.21,135510,2.3800334483385086,0.0058072556857950985,-0.7230967544019222,0.03245817497372627,0.8125936388969421,0.30527794009349385,0.341064453125,0.310302734375,0.0003,,,,,,,,,785.8
10002432,1221,1972.77,5070.2,901.92,135618,3.3745713233947754,0.002001646251301281,-0.7451841160655022,0.015902232378721237,0.7533136606216431,0.3052577613124488,0.2806396484375,0.325927734375,0.0003,1082.25,640.5,7113,100,0.01,0.0,0.0,0,785.8
